{
  "type": "FeatureCollection",
  "features": [
    {
      "type": "Feature",
      "geometry": {
        "type": "Polygon",
        "coordinates": [
          [
            [
              -120.006323,
              39.31636
            ],
            [
              -120.006325,
              39.315954
            ],
            [
              -120.006326,
              39.315819
            ],
            [
              -120.006326,
              39.315582
            ],
            [
              -120.006329,
              39.314875
            ],
            [
              -120.00633,
              39.314639
            ],
            [
              -120.00633,
              39.31458
            ],
            [
              -120.00633,
              39.314405
            ],
            [
              -120.006331,
              39.314347
            ],
            [
              -120.006331,
              39.31426
            ],
            [
              -120.006331,
              39.314001
            ],
            [
              -120.006332,
              39.313915
            ],
            [
              -120.006332,
              39.313829
            ],
            [
              -120.006333,
              39.313573
            ],
            [
              -120.006334,
              39.313488
            ],
            [
              -120.006334,
              39.313387
            ],
            [
              -120.006335,
              39.313087
            ],
            [
              -120.006336,
              39.312987
            ],
            [
              -120.00635,
              39.308751
            ],
            [
              -120.006393,
              39.296042
            ],
            [
              -120.006408,
              39.291807
            ],
            [
              -120.006408,
              39.291676
            ],
            [
              -120.006409,
              39.291285
            ],
            [
              -120.00641,
              39.291155
            ],
            [
              -120.00641,
              39.291035
            ],
            [
              -120.00641,
              39.290674
            ],
            [
              -120.006411,
              39.290555
            ],
            [
              -120.006416,
              39.289501
            ],
            [
              -120.006419,
              39.288609
            ],
            [
              -120.006439,
              39.282773
            ],
            [
              -120.006446,
              39.280828
            ],
            [
              -120.006446,
              39.280577
            ],
            [
              -120.006448,
              39.279824
            ],
            [
              -120.00645,
              39.279574
            ],
            [
              -120.006452,
              39.278897
            ],
            [
              -120.006456,
              39.277729
            ],
            [
              -120.006473,
              39.272878
            ],
            [
              -120.006455,
              39.272194
            ],
            [
              -120.006408,
              39.27035
            ],
            [
              -120.006293,
              39.265901
            ],
            [
              -120.006103,
              39.258491
            ],
            [
              -120.005929,
              39.252557
            ],
            [
              -120.005799,
              39.24811
            ],
            [
              -120.005788,
              39.247746
            ],
            [
              -120.005756,
              39.246655
            ],
            [
              -120.005746,
              39.246292
            ],
            [
              -120.005686,
              39.244263
            ],
            [
              -120.00568,
              39.244038
            ],
            [
              -120.005679,
              39.236249
            ],
            [
              -120.005693,
              39.233234
            ],
            [
              -120.005698,
              39.229772
            ],
            [
              -120.005668,
              39.22936
            ],
            [
              -120.005629,
              39.228857
            ],
            [
              -120.005611,
              39.228335
            ],
            [
              -120.005598,
              39.227987
            ],
            [
              -120.005577,
              39.227426
            ],
            [
              -120.005722,
              39.226973
            ],
            [
              -120.005724,
              39.226446
            ],
            [
              -120.005726,
              39.22604
            ],
            [
              -120.005727,
              39.225828
            ],
            [
              -120.00571,
              39.225226
            ],
            [
              -120.005634,
              39.22261
            ],
            [
              -120.00561,
              39.221754
            ],
            [
              -120.005563,
              39.220022
            ],
            [
              -120.005563,
              39.218695
            ],
            [
              -120.005541,
              39.218029
            ],
            [
              -120.005484,
              39.216307
            ],
            [
              -120.00453,
              39.187445
            ],
            [
              -120.004429,
              39.177981
            ],
            [
              -120.004297,
              39.165603
            ],
            [
              -120.004024,
              39.148764
            ],
            [
              -120.004021,
              39.148478
            ],
            [
              -120.003941,
              39.141319
            ],
            [
              -120.003834,
              39.131627
            ],
            [
              -120.003741,
              39.12491
            ],
            [
              -120.003611,
              39.119844
            ],
            [
              -120.003429,
              39.112687
            ],
            [
              -120.003283,
              39.105886
            ],
            [
              -120.003076,
              39.096244
            ],
            [
              -120.002845,
              39.085486
            ],
            [
              -120.002724,
              39.079801
            ],
            [
              -120.002712,
              39.079244
            ],
            [
              -120.0027,
              39.078686
            ],
            [
              -120.002652,
              39.076446
            ],
            [
              -120.002508,
              39.069728
            ],
            [
              -120.002461,
              39.067489
            ],
            [
              -120.010076,
              39.067487
            ],
            [
              -120.01074,
              39.067486
            ],
            [
              -120.017692,
              39.067485
            ],
            [
              -120.030774,
              39.067482
            ],
            [
              -120.035577,
              39.06748
            ],
            [
              -120.043857,
              39.067478
            ],
            [
              -120.065472,
              39.067472
            ],
            [
              -120.087086,
              39.067466
            ],
            [
              -120.088213,
              39.067466
            ],
            [
              -120.08934,
              39.067465
            ],
            [
              -120.100225,
              39.067462
            ],
            [
              -120.11111,
              39.067459
            ],
            [
              -120.121938,
              39.067333
            ],
            [
              -120.125641,
              39.06729
            ],
            [
              -120.126027,
              39.067455
            ],
            [
              -120.126056,
              39.067455
            ],
            [
              -120.126561,
              39.067452
            ],
            [
              -120.126752,
              39.067451
            ],
            [
              -120.128434,
              39.067444
            ],
            [
              -120.128811,
              39.067443
            ],
            [
              -120.128931,
              39.06744
            ],
            [
              -120.129127,
              39.067426
            ],
            [
              -120.129198,
              39.067421
            ],
            [
              -120.129271,
              39.067418
            ],
            [
              -120.129314,
              39.067418
            ],
            [
              -120.129334,
              39.067417
            ],
            [
              -120.129352,
              39.067416
            ],
            [
              -120.129483,
              39.067411
            ],
            [
              -120.129805,
              39.067398
            ],
            [
              -120.130117,
              39.067404
            ],
            [
              -120.130218,
              39.0674
            ],
            [
              -120.130319,
              39.0674
            ],
            [
              -120.130742,
              39.067396
            ],
            [
              -120.130933,
              39.067386
            ],
            [
              -120.131134,
              39.067383
            ],
            [
              -120.131228,
              39.067383
            ],
            [
              -120.131261,
              39.067384
            ],
            [
              -120.131277,
              39.067385
            ],
            [
              -120.131319,
              39.067387
            ],
            [
              -120.131453,
              39.067392
            ],
            [
              -120.132215,
              39.067388
            ],
            [
              -120.133165,
              39.067385
            ],
            [
              -120.134236,
              39.067421
            ],
            [
              -120.134287,
              39.06742
            ],
            [
              -120.134442,
              39.06742
            ],
            [
              -120.134494,
              39.06742
            ],
            [
              -120.13468,
              39.067419
            ],
            [
              -120.134849,
              39.067418
            ],
            [
              -120.135585,
              39.067416
            ],
            [
              -120.136612,
              39.06733
            ],
            [
              -120.136857,
              39.067347
            ],
            [
              -120.136937,
              39.067356
            ],
            [
              -120.13718,
              39.067366
            ],
            [
              -120.137433,
              39.067369
            ],
            [
              -120.137617,
              39.06738
            ],
            [
              -120.13772,
              39.067383
            ],
            [
              -120.137765,
              39.067385
            ],
            [
              -120.137916,
              39.067391
            ],
            [
              -120.138017,
              39.067389
            ],
            [
              -120.138306,
              39.067401
            ],
            [
              -120.138395,
              39.067404
            ],
            [
              -120.138486,
              39.067403
            ],
            [
              -120.138573,
              39.067403
            ],
            [
              -120.138645,
              39.067405
            ],
            [
              -120.13869,
              39.067408
            ],
            [
              -120.138755,
              39.06741
            ],
            [
              -120.138939,
              39.067422
            ],
            [
              -120.139023,
              39.067421
            ],
            [
              -120.139195,
              39.067412
            ],
            [
              -120.139369,
              39.067413
            ],
            [
              -120.139457,
              39.067408
            ],
            [
              -120.139492,
              39.067402
            ],
            [
              -120.139513,
              39.067404
            ],
            [
              -120.139541,
              39.067407
            ],
            [
              -120.139992,
              39.067368
            ],
            [
              -120.140091,
              39.067368
            ],
            [
              -120.140243,
              39.067355
            ],
            [
              -120.140336,
              39.067344
            ],
            [
              -120.140387,
              39.067333
            ],
            [
              -120.141133,
              39.067383
            ],
            [
              -120.141261,
              39.067393
            ],
            [
              -120.142146,
              39.067346
            ],
            [
              -120.142325,
              39.067328
            ],
            [
              -120.142424,
              39.067323
            ],
            [
              -120.143134,
              39.0673
            ],
            [
              -120.14332,
              39.067293
            ],
            [
              -120.143605,
              39.067282
            ],
            [
              -120.143638,
              39.067287
            ],
            [
              -120.143663,
              39.067285
            ],
            [
              -120.143663,
              39.067265
            ],
            [
              -120.143663,
              39.067206
            ],
            [
              -120.143654,
              39.065722
            ],
            [
              -120.143652,
              39.065627
            ],
            [
              -120.143646,
              39.064616
            ],
            [
              -120.143644,
              39.064338
            ],
            [
              -120.143641,
              39.063894
            ],
            [
              -120.143638,
              39.063507
            ],
            [
              -120.143636,
              39.06323
            ],
            [
              -120.143628,
              39.062623
            ],
            [
              -120.143605,
              39.060804
            ],
            [
              -120.143598,
              39.060198
            ],
            [
              -120.144222,
              39.060211
            ],
            [
              -120.146097,
              39.06025
            ],
            [
              -120.146722,
              39.060264
            ],
            [
              -120.146749,
              39.060265
            ],
            [
              -120.146875,
              39.060263
            ],
            [
              -120.147337,
              39.060257
            ],
            [
              -120.147492,
              39.060255
            ],
            [
              -120.147608,
              39.060253
            ],
            [
              -120.147644,
              39.060253
            ],
            [
              -120.1481,
              39.060259
            ],
            [
              -120.148253,
              39.060262
            ],
            [
              -120.148441,
              39.060264
            ],
            [
              -120.149008,
              39.060272
            ],
            [
              -120.149197,
              39.060275
            ],
            [
              -120.149587,
              39.06028
            ],
            [
              -120.150757,
              39.060296
            ],
            [
              -120.150793,
              39.060297
            ],
            [
              -120.151147,
              39.060302
            ],
            [
              -120.15133,
              39.060304
            ],
            [
              -120.151879,
              39.060312
            ],
            [
              -120.152062,
              39.060315
            ],
            [
              -120.15238,
              39.060319
            ],
            [
              -120.153021,
              39.060329
            ],
            [
              -120.153023,
              39.060014
            ],
            [
              -120.153027,
              39.059696
            ],
            [
              -120.153024,
              39.059415
            ],
            [
              -120.153017,
              39.058573
            ],
            [
              -120.153015,
              39.058293
            ],
            [
              -120.153014,
              39.058268
            ],
            [
              -120.153014,
              39.058193
            ],
            [
              -120.153014,
              39.058168
            ],
            [
              -120.153013,
              39.057927
            ],
            [
              -120.153011,
              39.05755
            ],
            [
              -120.153006,
              39.055698
            ],
            [
              -120.153005,
              39.055081
            ],
            [
              -120.153004,
              39.054792
            ],
            [
              -120.153003,
              39.05472
            ],
            [
              -120.153,
              39.05364
            ],
            [
              -120.152999,
              39.05328
            ],
            [
              -120.152994,
              39.051785
            ],
            [
              -120.15298,
              39.047301
            ],
            [
              -120.152976,
              39.045807
            ],
            [
              -120.156834,
              39.0458
            ],
            [
              -120.164964,
              39.045787
            ],
            [
              -120.164994,
              39.042342
            ],
            [
              -120.165028,
              39.038485
            ],
            [
              -120.168734,
              39.038462
            ],
            [
              -120.179853,
              39.038394
            ],
            [
              -120.18356,
              39.038372
            ],
            [
              -120.183647,
              39.03718
            ],
            [
              -120.183664,
              39.036939
            ],
            [
              -120.183671,
              39.036833
            ],
            [
              -120.18368,
              39.036698
            ],
            [
              -120.184009,
              39.032218
            ],
            [
              -120.184098,
              39.031014
            ],
            [
              -120.184433,
              39.031008
            ],
            [
              -120.188375,
              39.030948
            ],
            [
              -120.200202,
              39.030769
            ],
            [
              -120.202961,
              39.030728
            ],
            [
              -120.204145,
              39.030725
            ],
            [
              -120.204426,
              39.030724
            ],
            [
              -120.20527,
              39.030722
            ],
            [
              -120.205552,
              39.030722
            ],
            [
              -120.205591,
              39.030722
            ],
            [
              -120.205935,
              39.030726
            ],
            [
              -120.207086,
              39.030743
            ],
            [
              -120.20747,
              39.030749
            ],
            [
              -120.211163,
              39.030766
            ],
            [
              -120.222244,
              39.030819
            ],
            [
              -120.225938,
              39.030837
            ],
            [
              -120.227055,
              39.030853
            ],
            [
              -120.230407,
              39.030904
            ],
            [
              -120.231525,
              39.030921
            ],
            [
              -120.231661,
              39.030923
            ],
            [
              -120.23207,
              39.030929
            ],
            [
              -120.232207,
              39.030931
            ],
            [
              -120.232467,
              39.030935
            ],
            [
              -120.23325,
              39.030947
            ],
            [
              -120.233377,
              39.030949
            ],
            [
              -120.233511,
              39.030948
            ],
            [
              -120.233763,
              39.030945
            ],
            [
              -120.23484,
              39.030935
            ],
            [
              -120.238827,
              39.0309
            ],
            [
              -120.240157,
              39.030889
            ],
            [
              -120.240278,
              39.027434
            ],
            [
              -120.24041,
              39.023668
            ],
            [
              -120.24698,
              39.024317
            ],
            [
              -120.24978,
              39.024594
            ],
            [
              -120.25014,
              39.02463
            ],
            [
              -120.25028,
              39.024644
            ],
            [
              -120.250421,
              39.024658
            ],
            [
              -120.250575,
              39.024673
            ],
            [
              -120.250587,
              39.024674
            ],
            [
              -120.251024,
              39.024727
            ],
            [
              -120.252148,
              39.024729
            ],
            [
              -120.257341,
              39.024739
            ],
            [
              -120.259073,
              39.024743
            ],
            [
              -120.259336,
              39.024744
            ],
            [
              -120.259343,
              39.024441
            ],
            [
              -120.259369,
              39.02346
            ],
            [
              -120.260084,
              39.023459
            ],
            [
              -120.26065,
              39.023459
            ],
            [
              -120.260857,
              39.023459
            ],
            [
              -120.292745,
              39.023444
            ],
            [
              -120.294347,
              39.023444
            ],
            [
              -120.296913,
              39.023442
            ],
            [
              -120.298477,
              39.023441
            ],
            [
              -120.2985,
              39.023437
            ],
            [
              -120.298539,
              39.023441
            ],
            [
              -120.300351,
              39.02344
            ],
            [
              -120.308674,
              39.023433
            ],
            [
              -120.309722,
              39.023433
            ],
            [
              -120.323057,
              39.022707
            ],
            [
              -120.323558,
              39.022679
            ],
            [
              -120.325062,
              39.022598
            ],
            [
              -120.325564,
              39.022571
            ],
            [
              -120.325734,
              39.022561
            ],
            [
              -120.326245,
              39.022534
            ],
            [
              -120.326416,
              39.022525
            ],
            [
              -120.326825,
              39.022502
            ],
            [
              -120.328055,
              39.022436
            ],
            [
              -120.328122,
              39.022433
            ],
            [
              -120.328466,
              39.022449
            ],
            [
              -120.346281,
              39.023301
            ],
            [
              -120.370657,
              39.024464
            ],
            [
              -120.371301,
              39.024494
            ],
            [
              -120.373234,
              39.024587
            ],
            [
              -120.373879,
              39.024619
            ],
            [
              -120.374554,
              39.024578
            ],
            [
              -120.376029,
              39.024489
            ],
            [
              -120.376581,
              39.024517
            ],
            [
              -120.377258,
              39.024552
            ],
            [
              -120.377334,
              39.024556
            ],
            [
              -120.377565,
              39.024568
            ],
            [
              -120.377642,
              39.024572
            ],
            [
              -120.378245,
              39.024602
            ],
            [
              -120.380054,
              39.024695
            ],
            [
              -120.380657,
              39.024726
            ],
            [
              -120.381189,
              39.024753
            ],
            [
              -120.382786,
              39.024835
            ],
            [
              -120.383319,
              39.024863
            ],
            [
              -120.384253,
              39.024926
            ],
            [
              -120.387055,
              39.025115
            ],
            [
              -120.38799,
              39.025178
            ],
            [
              -120.388246,
              39.025195
            ],
            [
              -120.389014,
              39.025247
            ],
            [
              -120.38927,
              39.025265
            ],
            [
              -120.390195,
              39.025299
            ],
            [
              -120.392973,
              39.025401
            ],
            [
              -120.393899,
              39.025435
            ],
            [
              -120.397622,
              39.025644
            ],
            [
              -120.408792,
              39.026271
            ],
            [
              -120.412248,
              39.026465
            ],
            [
              -120.412515,
              39.026487
            ],
            [
              -120.413495,
              39.026569
            ],
            [
              -120.416438,
              39.026816
            ],
            [
              -120.417419,
              39.026899
            ],
            [
              -120.420983,
              39.027198
            ],
            [
              -120.431675,
              39.028097
            ],
            [
              -120.435105,
              39.028386
            ],
            [
              -120.43524,
              39.028397
            ],
            [
              -120.435299,
              39.028163
            ],
            [
              -120.435575,
              39.027938
            ],
            [
              -120.43573,
              39.027851
            ],
            [
              -120.435845,
              39.027788
            ],
            [
              -120.436287,
              39.027581
            ],
            [
              -120.436704,
              39.027494
            ],
            [
              -120.437142,
              39.027389
            ],
            [
              -120.437358,
              39.027279
            ],
            [
              -120.4375,
              39.027147
            ],
            [
              -120.437586,
              39.026933
            ],
            [
              -120.437612,
              39.026849
            ],
            [
              -120.437641,
              39.02678
            ],
            [
              -120.437708,
              39.026627
            ],
            [
              -120.437936,
              39.026064
            ],
            [
              -120.437994,
              39.025918
            ],
            [
              -120.438084,
              39.025698
            ],
            [
              -120.438165,
              39.025478
            ],
            [
              -120.438207,
              39.025367
            ],
            [
              -120.438221,
              39.025331
            ],
            [
              -120.43838,
              39.024926
            ],
            [
              -120.43857,
              39.024736
            ],
            [
              -120.438738,
              39.024586
            ],
            [
              -120.439168,
              39.024207
            ],
            [
              -120.439673,
              39.023981
            ],
            [
              -120.43999,
              39.023871
            ],
            [
              -120.44128,
              39.023567
            ],
            [
              -120.441554,
              39.023503
            ],
            [
              -120.441983,
              39.023283
            ],
            [
              -120.442106,
              39.023172
            ],
            [
              -120.442135,
              39.023145
            ],
            [
              -120.442222,
              39.023065
            ],
            [
              -120.442252,
              39.023039
            ],
            [
              -120.44226,
              39.023032
            ],
            [
              -120.442373,
              39.022777
            ],
            [
              -120.44238,
              39.02275
            ],
            [
              -120.442594,
              39.022013
            ],
            [
              -120.442656,
              39.021839
            ],
            [
              -120.44271,
              39.02169
            ],
            [
              -120.442725,
              39.021532
            ],
            [
              -120.442803,
              39.021298
            ],
            [
              -120.442916,
              39.021032
            ],
            [
              -120.443156,
              39.020678
            ],
            [
              -120.443177,
              39.020642
            ],
            [
              -120.443305,
              39.020426
            ],
            [
              -120.443551,
              39.020011
            ],
            [
              -120.443684,
              39.019821
            ],
            [
              -120.443979,
              39.019403
            ],
            [
              -120.444237,
              39.019103
            ],
            [
              -120.444573,
              39.018767
            ],
            [
              -120.444863,
              39.018339
            ],
            [
              -120.444976,
              39.018124
            ],
            [
              -120.445048,
              39.017988
            ],
            [
              -120.445213,
              39.017595
            ],
            [
              -120.445228,
              39.017462
            ],
            [
              -120.445274,
              39.017044
            ],
            [
              -120.445273,
              39.01658
            ],
            [
              -120.445273,
              39.016518
            ],
            [
              -120.445061,
              39.015708
            ],
            [
              -120.444974,
              39.015261
            ],
            [
              -120.445129,
              39.014776
            ],
            [
              -120.445363,
              39.014202
            ],
            [
              -120.445418,
              39.014042
            ],
            [
              -120.445474,
              39.013883
            ],
            [
              -120.445503,
              39.013652
            ],
            [
              -120.445545,
              39.013433
            ],
            [
              -120.445555,
              39.013348
            ],
            [
              -120.445565,
              39.013174
            ],
            [
              -120.445589,
              39.01278
            ],
            [
              -120.445567,
              39.012515
            ],
            [
              -120.445449,
              39.011049
            ],
            [
              -120.445413,
              39.010542
            ],
            [
              -120.445381,
              39.010066
            ],
            [
              -120.445431,
              39.009891
            ],
            [
              -120.445711,
              39.008914
            ],
            [
              -120.44583,
              39.008739
            ],
            [
              -120.446125,
              39.008311
            ],
            [
              -120.447264,
              39.007612
            ],
            [
              -120.448528,
              39.006899
            ],
            [
              -120.448849,
              39.006704
            ],
            [
              -120.448886,
              39.006682
            ],
            [
              -120.449465,
              39.006083
            ],
            [
              -120.449553,
              39.005742
            ],
            [
              -120.449563,
              39.005698
            ],
            [
              -120.449597,
              39.005566
            ],
            [
              -120.449609,
              39.005523
            ],
            [
              -120.44968,
              39.00525
            ],
            [
              -120.449563,
              39.003349
            ],
            [
              -120.449593,
              39.002493
            ],
            [
              -120.449602,
              39.002255
            ],
            [
              -120.449726,
              39.001694
            ],
            [
              -120.449937,
              39.001111
            ],
            [
              -120.450164,
              39.000263
            ],
            [
              -120.450323,
              38.999907
            ],
            [
              -120.450428,
              38.999767
            ],
            [
              -120.450508,
              38.999644
            ],
            [
              -120.450527,
              38.999595
            ],
            [
              -120.450543,
              38.999553
            ],
            [
              -120.450573,
              38.999515
            ],
            [
              -120.450678,
              38.999379
            ],
            [
              -120.450974,
              38.999236
            ],
            [
              -120.451811,
              38.998879
            ],
            [
              -120.452487,
              38.998324
            ],
            [
              -120.452937,
              38.997523
            ],
            [
              -120.453366,
              38.996348
            ],
            [
              -120.453541,
              38.995947
            ],
            [
              -120.453738,
              38.995513
            ],
            [
              -120.45382,
              38.994928
            ],
            [
              -120.453829,
              38.994866
            ],
            [
              -120.453365,
              38.994158
            ],
            [
              -120.453154,
              38.993883
            ],
            [
              -120.452746,
              38.993383
            ],
            [
              -120.452506,
              38.992703
            ],
            [
              -120.452443,
              38.992288
            ],
            [
              -120.452408,
              38.99206
            ],
            [
              -120.452352,
              38.991709
            ],
            [
              -120.452324,
              38.991478
            ],
            [
              -120.452267,
              38.991385
            ],
            [
              -120.452201,
              38.991264
            ],
            [
              -120.452021,
              38.990935
            ],
            [
              -120.451409,
              38.990101
            ],
            [
              -120.451121,
              38.989573
            ],
            [
              -120.451085,
              38.989238
            ],
            [
              -120.4511,
              38.988936
            ],
            [
              -120.451149,
              38.988662
            ],
            [
              -120.451162,
              38.988497
            ],
            [
              -120.451213,
              38.988411
            ],
            [
              -120.4515,
              38.987937
            ],
            [
              -120.451909,
              38.98763
            ],
            [
              -120.451943,
              38.987602
            ],
            [
              -120.45283,
              38.987262
            ],
            [
              -120.453245,
              38.987168
            ],
            [
              -120.454567,
              38.986883
            ],
            [
              -120.455123,
              38.986828
            ],
            [
              -120.457268,
              38.986259
            ],
            [
              -120.457318,
              38.986246
            ],
            [
              -120.457754,
              38.986065
            ],
            [
              -120.458464,
              38.985515
            ],
            [
              -120.458823,
              38.985312
            ],
            [
              -120.459638,
              38.984999
            ],
            [
              -120.460096,
              38.984494
            ],
            [
              -120.460482,
              38.983775
            ],
            [
              -120.461073,
              38.98199
            ],
            [
              -120.461361,
              38.981189
            ],
            [
              -120.46146,
              38.98053
            ],
            [
              -120.461565,
              38.979245
            ],
            [
              -120.461705,
              38.978647
            ],
            [
              -120.461747,
              38.978444
            ],
            [
              -120.461818,
              38.978383
            ],
            [
              -120.462092,
              38.977735
            ],
            [
              -120.462464,
              38.977191
            ],
            [
              -120.462985,
              38.976637
            ],
            [
              -120.463125,
              38.9765
            ],
            [
              -120.463259,
              38.976352
            ],
            [
              -120.46347,
              38.976137
            ],
            [
              -120.463695,
              38.975737
            ],
            [
              -120.464046,
              38.974913
            ],
            [
              -120.464307,
              38.974325
            ],
            [
              -120.464574,
              38.973892
            ],
            [
              -120.464975,
              38.973491
            ],
            [
              -120.465256,
              38.973255
            ],
            [
              -120.46576,
              38.972959
            ],
            [
              -120.46579,
              38.972942
            ],
            [
              -120.466304,
              38.972134
            ],
            [
              -120.466599,
              38.971937
            ],
            [
              -120.467773,
              38.971838
            ],
            [
              -120.468111,
              38.971717
            ],
            [
              -120.468504,
              38.971393
            ],
            [
              -120.468751,
              38.971102
            ],
            [
              -120.468926,
              38.970888
            ],
            [
              -120.469222,
              38.970514
            ],
            [
              -120.469657,
              38.969641
            ],
            [
              -120.469699,
              38.969619
            ],
            [
              -120.469806,
              38.969542
            ],
            [
              -120.469882,
              38.969488
            ],
            [
              -120.470073,
              38.969254
            ],
            [
              -120.470157,
              38.969152
            ],
            [
              -120.470402,
              38.968856
            ],
            [
              -120.470649,
              38.96834
            ],
            [
              -120.470782,
              38.967505
            ],
            [
              -120.470648,
              38.966407
            ],
            [
              -120.470751,
              38.965817
            ],
            [
              -120.470781,
              38.965649
            ],
            [
              -120.470985,
              38.965507
            ],
            [
              -120.471794,
              38.965303
            ],
            [
              -120.472047,
              38.965259
            ],
            [
              -120.47263,
              38.965155
            ],
            [
              -120.473608,
              38.964886
            ],
            [
              -120.474466,
              38.964572
            ],
            [
              -120.474782,
              38.96438
            ],
            [
              -120.475288,
              38.963924
            ],
            [
              -120.476047,
              38.963501
            ],
            [
              -120.476448,
              38.963166
            ],
            [
              -120.477081,
              38.962463
            ],
            [
              -120.477861,
              38.961459
            ],
            [
              -120.478507,
              38.960783
            ],
            [
              -120.479141,
              38.960151
            ],
            [
              -120.479274,
              38.96002
            ],
            [
              -120.479695,
              38.959789
            ],
            [
              -120.480138,
              38.959756
            ],
            [
              -120.480912,
              38.959931
            ],
            [
              -120.481798,
              38.960244
            ],
            [
              -120.482157,
              38.960342
            ],
            [
              -120.482446,
              38.960318
            ],
            [
              -120.482797,
              38.960288
            ],
            [
              -120.482842,
              38.96028
            ],
            [
              -120.483282,
              38.960205
            ],
            [
              -120.483984,
              38.959939
            ],
            [
              -120.484358,
              38.959798
            ],
            [
              -120.484418,
              38.959771
            ],
            [
              -120.484599,
              38.959692
            ],
            [
              -120.48466,
              38.959666
            ],
            [
              -120.484885,
              38.9596
            ],
            [
              -120.485253,
              38.959458
            ],
            [
              -120.485285,
              38.959446
            ],
            [
              -120.485665,
              38.959293
            ],
            [
              -120.485855,
              38.959161
            ],
            [
              -120.485911,
              38.959073
            ],
            [
              -120.486038,
              38.958968
            ],
            [
              -120.486122,
              38.958837
            ],
            [
              -120.486178,
              38.958617
            ],
            [
              -120.486197,
              38.958055
            ],
            [
              -120.486199,
              38.958002
            ],
            [
              -120.486128,
              38.95743
            ],
            [
              -120.486114,
              38.957316
            ],
            [
              -120.486108,
              38.957163
            ],
            [
              -120.486077,
              38.95636
            ],
            [
              -120.486071,
              38.956196
            ],
            [
              -120.486134,
              38.956115
            ],
            [
              -120.486394,
              38.955784
            ],
            [
              -120.486788,
              38.955504
            ],
            [
              -120.486991,
              38.955273
            ],
            [
              -120.487237,
              38.955064
            ],
            [
              -120.487427,
              38.954735
            ],
            [
              -120.487476,
              38.95457
            ],
            [
              -120.487457,
              38.954034
            ],
            [
              -120.487455,
              38.953966
            ],
            [
              -120.48737,
              38.953406
            ],
            [
              -120.487454,
              38.952506
            ],
            [
              -120.487686,
              38.952193
            ],
            [
              -120.48796,
              38.952066
            ],
            [
              -120.488108,
              38.95199
            ],
            [
              -120.490055,
              38.951242
            ],
            [
              -120.491193,
              38.950654
            ],
            [
              -120.492023,
              38.949995
            ],
            [
              -120.492424,
              38.949649
            ],
            [
              -120.492698,
              38.949213
            ],
            [
              -120.492739,
              38.949149
            ],
            [
              -120.492915,
              38.948397
            ],
            [
              -120.493027,
              38.947694
            ],
            [
              -120.492963,
              38.947079
            ],
            [
              -120.492738,
              38.946696
            ],
            [
              -120.492625,
              38.946503
            ],
            [
              -120.492307,
              38.946172
            ],
            [
              -120.492062,
              38.945916
            ],
            [
              -120.491752,
              38.945196
            ],
            [
              -120.491773,
              38.944977
            ],
            [
              -120.491808,
              38.944686
            ],
            [
              -120.492005,
              38.944344
            ],
            [
              -120.492195,
              38.944016
            ],
            [
              -120.492384,
              38.94378
            ],
            [
              -120.492707,
              38.94339
            ],
            [
              -120.492735,
              38.943351
            ],
            [
              -120.493009,
              38.943137
            ],
            [
              -120.493143,
              38.943038
            ],
            [
              -120.494086,
              38.942421
            ],
            [
              -120.494176,
              38.942363
            ],
            [
              -120.494808,
              38.942137
            ],
            [
              -120.496101,
              38.941845
            ],
            [
              -120.497564,
              38.941867
            ],
            [
              -120.498822,
              38.941893
            ],
            [
              -120.50058,
              38.941769
            ],
            [
              -120.500636,
              38.941766
            ],
            [
              -120.501037,
              38.941774
            ],
            [
              -120.501267,
              38.941694
            ],
            [
              -120.501562,
              38.941528
            ],
            [
              -120.502377,
              38.941239
            ],
            [
              -120.502631,
              38.941093
            ],
            [
              -120.5029,
              38.940807
            ],
            [
              -120.503002,
              38.94056
            ],
            [
              -120.503179,
              38.939882
            ],
            [
              -120.503276,
              38.939514
            ],
            [
              -120.503982,
              38.938423
            ],
            [
              -120.504134,
              38.937837
            ],
            [
              -120.504394,
              38.936062
            ],
            [
              -120.504406,
              38.935986
            ],
            [
              -120.504534,
              38.935706
            ],
            [
              -120.504766,
              38.935336
            ],
            [
              -120.504841,
              38.935219
            ],
            [
              -120.504957,
              38.935119
            ],
            [
              -120.505078,
              38.935053
            ],
            [
              -120.505185,
              38.935038
            ],
            [
              -120.505625,
              38.934936
            ],
            [
              -120.506214,
              38.934911
            ],
            [
              -120.507319,
              38.934865
            ],
            [
              -120.507752,
              38.934806
            ],
            [
              -120.509087,
              38.934588
            ],
            [
              -120.509315,
              38.934548
            ],
            [
              -120.509388,
              38.934536
            ],
            [
              -120.510041,
              38.934448
            ],
            [
              -120.510332,
              38.934342
            ],
            [
              -120.510763,
              38.934151
            ],
            [
              -120.511008,
              38.933796
            ],
            [
              -120.511098,
              38.933362
            ],
            [
              -120.511167,
              38.933078
            ],
            [
              -120.511434,
              38.932429
            ],
            [
              -120.511718,
              38.931889
            ],
            [
              -120.511842,
              38.93157
            ],
            [
              -120.51197,
              38.931346
            ],
            [
              -120.512069,
              38.931266
            ],
            [
              -120.512346,
              38.931191
            ],
            [
              -120.512619,
              38.931231
            ],
            [
              -120.513345,
              38.931437
            ],
            [
              -120.514333,
              38.931582
            ],
            [
              -120.51484,
              38.931622
            ],
            [
              -120.515903,
              38.931637
            ],
            [
              -120.516853,
              38.931594
            ],
            [
              -120.517358,
              38.931491
            ],
            [
              -120.517462,
              38.931471
            ],
            [
              -120.517858,
              38.931026
            ],
            [
              -120.518299,
              38.930826
            ],
            [
              -120.518778,
              38.93069
            ],
            [
              -120.51979,
              38.930629
            ],
            [
              -120.520947,
              38.930551
            ],
            [
              -120.522848,
              38.930333
            ],
            [
              -120.523335,
              38.930314
            ],
            [
              -120.523768,
              38.930421
            ],
            [
              -120.524046,
              38.93067
            ],
            [
              -120.524504,
              38.931221
            ],
            [
              -120.524865,
              38.931409
            ],
            [
              -120.525758,
              38.931564
            ],
            [
              -120.526824,
              38.931601
            ],
            [
              -120.527345,
              38.931583
            ],
            [
              -120.527717,
              38.931474
            ],
            [
              -120.527961,
              38.931284
            ],
            [
              -120.528557,
              38.930649
            ],
            [
              -120.529028,
              38.930191
            ],
            [
              -120.529302,
              38.930031
            ],
            [
              -120.529693,
              38.929903
            ],
            [
              -120.530333,
              38.929873
            ],
            [
              -120.531396,
              38.929613
            ],
            [
              -120.532288,
              38.929076
            ],
            [
              -120.53267,
              38.928329
            ],
            [
              -120.532787,
              38.928005
            ],
            [
              -120.533043,
              38.927533
            ],
            [
              -120.533639,
              38.926903
            ],
            [
              -120.534137,
              38.926402
            ],
            [
              -120.534493,
              38.926015
            ],
            [
              -120.535071,
              38.9259
            ],
            [
              -120.535668,
              38.925952
            ],
            [
              -120.536401,
              38.926045
            ],
            [
              -120.537036,
              38.926059
            ],
            [
              -120.537724,
              38.926385
            ],
            [
              -120.538478,
              38.926586
            ],
            [
              -120.539251,
              38.926583
            ],
            [
              -120.540022,
              38.926648
            ],
            [
              -120.540649,
              38.926758
            ],
            [
              -120.54119,
              38.926919
            ],
            [
              -120.541352,
              38.926968
            ],
            [
              -120.541853,
              38.927271
            ],
            [
              -120.542259,
              38.927435
            ],
            [
              -120.542842,
              38.927535
            ],
            [
              -120.543293,
              38.927496
            ],
            [
              -120.543924,
              38.927368
            ],
            [
              -120.544175,
              38.92731
            ],
            [
              -120.544353,
              38.927236
            ],
            [
              -120.544933,
              38.927039
            ],
            [
              -120.54537,
              38.926668
            ],
            [
              -120.545632,
              38.925601
            ],
            [
              -120.545778,
              38.923982
            ],
            [
              -120.54597,
              38.923304
            ],
            [
              -120.545923,
              38.922952
            ],
            [
              -120.54586,
              38.922222
            ],
            [
              -120.545822,
              38.921941
            ],
            [
              -120.545891,
              38.921358
            ],
            [
              -120.545908,
              38.921217
            ],
            [
              -120.546029,
              38.920854
            ],
            [
              -120.546095,
              38.920697
            ],
            [
              -120.546544,
              38.920458
            ],
            [
              -120.5471,
              38.920443
            ],
            [
              -120.54795,
              38.920469
            ],
            [
              -120.548177,
              38.920476
            ],
            [
              -120.548602,
              38.920342
            ],
            [
              -120.548781,
              38.920256
            ],
            [
              -120.549082,
              38.920167
            ],
            [
              -120.549285,
              38.920168
            ],
            [
              -120.549475,
              38.92017
            ],
            [
              -120.550572,
              38.920574
            ],
            [
              -120.550763,
              38.920613
            ],
            [
              -120.550976,
              38.920657
            ],
            [
              -120.551273,
              38.920705
            ],
            [
              -120.55215,
              38.92059
            ],
            [
              -120.553202,
              38.920048
            ],
            [
              -120.554063,
              38.919491
            ],
            [
              -120.554251,
              38.919256
            ],
            [
              -120.554818,
              38.91855
            ],
            [
              -120.555202,
              38.917884
            ],
            [
              -120.55536,
              38.917506
            ],
            [
              -120.555503,
              38.916624
            ],
            [
              -120.555751,
              38.915988
            ],
            [
              -120.555931,
              38.915599
            ],
            [
              -120.556321,
              38.915164
            ],
            [
              -120.556813,
              38.915064
            ],
            [
              -120.557033,
              38.915058
            ],
            [
              -120.557702,
              38.915343
            ],
            [
              -120.558411,
              38.915728
            ],
            [
              -120.558798,
              38.915808
            ],
            [
              -120.559104,
              38.915765
            ],
            [
              -120.559829,
              38.915354
            ],
            [
              -120.560841,
              38.91475
            ],
            [
              -120.56132,
              38.91451
            ],
            [
              -120.56151,
              38.914416
            ],
            [
              -120.562024,
              38.914288
            ],
            [
              -120.562339,
              38.914201
            ],
            [
              -120.56262,
              38.914063
            ],
            [
              -120.563201,
              38.913821
            ],
            [
              -120.563747,
              38.913705
            ],
            [
              -120.564258,
              38.913644
            ],
            [
              -120.564566,
              38.913682
            ],
            [
              -120.564997,
              38.913729
            ],
            [
              -120.565251,
              38.913775
            ],
            [
              -120.565703,
              38.913983
            ],
            [
              -120.565899,
              38.914136
            ],
            [
              -120.566816,
              38.914671
            ],
            [
              -120.56715,
              38.914817
            ],
            [
              -120.567448,
              38.914877
            ],
            [
              -120.567759,
              38.914775
            ],
            [
              -120.568145,
              38.914443
            ],
            [
              -120.568451,
              38.914182
            ],
            [
              -120.568792,
              38.914013
            ],
            [
              -120.569155,
              38.913971
            ],
            [
              -120.570065,
              38.913914
            ],
            [
              -120.571157,
              38.913989
            ],
            [
              -120.571282,
              38.914019
            ],
            [
              -120.571403,
              38.914059
            ],
            [
              -120.57183,
              38.914159
            ],
            [
              -120.572352,
              38.9144
            ],
            [
              -120.572873,
              38.914782
            ],
            [
              -120.572977,
              38.914894
            ],
            [
              -120.57355,
              38.915531
            ],
            [
              -120.574017,
              38.91584
            ],
            [
              -120.574528,
              38.916003
            ],
            [
              -120.575461,
              38.916187
            ],
            [
              -120.576063,
              38.91636
            ],
            [
              -120.576565,
              38.916314
            ],
            [
              -120.57705,
              38.916259
            ],
            [
              -120.578037,
              38.916293
            ],
            [
              -120.578858,
              38.916592
            ],
            [
              -120.579167,
              38.916857
            ],
            [
              -120.579252,
              38.91693
            ],
            [
              -120.579513,
              38.917244
            ],
            [
              -120.579925,
              38.918033
            ],
            [
              -120.580072,
              38.918457
            ],
            [
              -120.580367,
              38.919184
            ],
            [
              -120.580476,
              38.920063
            ],
            [
              -120.58054,
              38.920225
            ],
            [
              -120.580671,
              38.920293
            ],
            [
              -120.580813,
              38.920352
            ],
            [
              -120.581142,
              38.920489
            ],
            [
              -120.581675,
              38.920627
            ],
            [
              -120.582012,
              38.920715
            ],
            [
              -120.583502,
              38.921024
            ],
            [
              -120.583887,
              38.921136
            ],
            [
              -120.584316,
              38.921282
            ],
            [
              -120.584362,
              38.921298
            ],
            [
              -120.584784,
              38.92161
            ],
            [
              -120.584908,
              38.921721
            ],
            [
              -120.585038,
              38.921828
            ],
            [
              -120.585791,
              38.922395
            ],
            [
              -120.586317,
              38.922866
            ],
            [
              -120.586569,
              38.923244
            ],
            [
              -120.586793,
              38.923579
            ],
            [
              -120.586943,
              38.923907
            ],
            [
              -120.587033,
              38.924282
            ],
            [
              -120.586935,
              38.924884
            ],
            [
              -120.586642,
              38.925485
            ],
            [
              -120.586281,
              38.926051
            ],
            [
              -120.586175,
              38.926383
            ],
            [
              -120.585921,
              38.926673
            ],
            [
              -120.585651,
              38.92694
            ],
            [
              -120.585206,
              38.927361
            ],
            [
              -120.585128,
              38.927693
            ],
            [
              -120.585195,
              38.928029
            ],
            [
              -120.585345,
              38.928336
            ],
            [
              -120.585523,
              38.928762
            ],
            [
              -120.585548,
              38.928822
            ],
            [
              -120.585992,
              38.929174
            ],
            [
              -120.586305,
              38.929593
            ],
            [
              -120.586481,
              38.929818
            ],
            [
              -120.586691,
              38.930251
            ],
            [
              -120.586781,
              38.93041
            ],
            [
              -120.587156,
              38.931129
            ],
            [
              -120.587269,
              38.931327
            ],
            [
              -120.58731,
              38.93144
            ],
            [
              -120.587488,
              38.931592
            ],
            [
              -120.588199,
              38.931602
            ],
            [
              -120.588585,
              38.931573
            ],
            [
              -120.589151,
              38.931531
            ],
            [
              -120.590415,
              38.931466
            ],
            [
              -120.591096,
              38.931458
            ],
            [
              -120.592301,
              38.931626
            ],
            [
              -120.592736,
              38.931752
            ],
            [
              -120.593014,
              38.93191
            ],
            [
              -120.593459,
              38.932127
            ],
            [
              -120.593715,
              38.932619
            ],
            [
              -120.593771,
              38.932937
            ],
            [
              -120.593814,
              38.933792
            ],
            [
              -120.593842,
              38.934536
            ],
            [
              -120.593866,
              38.93513
            ],
            [
              -120.593981,
              38.935614
            ],
            [
              -120.594166,
              38.935892
            ],
            [
              -120.594381,
              38.936104
            ],
            [
              -120.594768,
              38.936169
            ],
            [
              -120.595139,
              38.936194
            ],
            [
              -120.595413,
              38.936211
            ],
            [
              -120.595882,
              38.936219
            ],
            [
              -120.596241,
              38.936247
            ],
            [
              -120.596556,
              38.936367
            ],
            [
              -120.596749,
              38.936425
            ],
            [
              -120.597209,
              38.936565
            ],
            [
              -120.597671,
              38.936646
            ],
            [
              -120.598134,
              38.936795
            ],
            [
              -120.598466,
              38.936839
            ],
            [
              -120.598601,
              38.936827
            ],
            [
              -120.599385,
              38.936738
            ],
            [
              -120.599821,
              38.936605
            ],
            [
              -120.600664,
              38.936243
            ],
            [
              -120.601169,
              38.93614
            ],
            [
              -120.601494,
              38.93602
            ],
            [
              -120.601594,
              38.935984
            ],
            [
              -120.601961,
              38.935637
            ],
            [
              -120.602196,
              38.935235
            ],
            [
              -120.602625,
              38.934865
            ],
            [
              -120.603151,
              38.93455
            ],
            [
              -120.603628,
              38.934343
            ],
            [
              -120.603975,
              38.934273
            ],
            [
              -120.604366,
              38.934224
            ],
            [
              -120.604759,
              38.934274
            ],
            [
              -120.605692,
              38.934407
            ],
            [
              -120.605828,
              38.934456
            ],
            [
              -120.605856,
              38.934482
            ],
            [
              -120.605964,
              38.934582
            ],
            [
              -120.606374,
              38.934823
            ],
            [
              -120.606943,
              38.935246
            ],
            [
              -120.607811,
              38.93618
            ],
            [
              -120.608146,
              38.936659
            ],
            [
              -120.608568,
              38.937468
            ],
            [
              -120.608835,
              38.93811
            ],
            [
              -120.609006,
              38.938459
            ],
            [
              -120.609421,
              38.939373
            ],
            [
              -120.609962,
              38.940948
            ],
            [
              -120.610308,
              38.941509
            ],
            [
              -120.610939,
              38.942274
            ],
            [
              -120.611007,
              38.942363
            ],
            [
              -120.611096,
              38.942409
            ],
            [
              -120.611348,
              38.942644
            ],
            [
              -120.611481,
              38.942703
            ],
            [
              -120.612151,
              38.943001
            ],
            [
              -120.612809,
              38.943091
            ],
            [
              -120.613119,
              38.943053
            ],
            [
              -120.613515,
              38.942979
            ],
            [
              -120.614075,
              38.942826
            ],
            [
              -120.614455,
              38.942796
            ],
            [
              -120.614785,
              38.942802
            ],
            [
              -120.615512,
              38.942718
            ],
            [
              -120.61615,
              38.94266
            ],
            [
              -120.616422,
              38.942693
            ],
            [
              -120.616797,
              38.942783
            ],
            [
              -120.617537,
              38.942963
            ],
            [
              -120.618892,
              38.94321
            ],
            [
              -120.619433,
              38.94321
            ],
            [
              -120.619733,
              38.943156
            ],
            [
              -120.620364,
              38.942989
            ],
            [
              -120.62068,
              38.942904
            ],
            [
              -120.62107,
              38.942861
            ],
            [
              -120.621417,
              38.942877
            ],
            [
              -120.621772,
              38.942945
            ],
            [
              -120.62201,
              38.942974
            ],
            [
              -120.622128,
              38.943069
            ],
            [
              -120.622289,
              38.943112
            ],
            [
              -120.622662,
              38.943403
            ],
            [
              -120.622688,
              38.943424
            ],
            [
              -120.623477,
              38.944005
            ],
            [
              -120.6242,
              38.944442
            ],
            [
              -120.624309,
              38.944496
            ],
            [
              -120.624324,
              38.944547
            ],
            [
              -120.624392,
              38.944616
            ],
            [
              -120.624682,
              38.944815
            ],
            [
              -120.625091,
              38.94497
            ],
            [
              -120.625398,
              38.945056
            ],
            [
              -120.625683,
              38.945136
            ],
            [
              -120.626036,
              38.94519
            ],
            [
              -120.626573,
              38.945202
            ],
            [
              -120.627065,
              38.94524
            ],
            [
              -120.627457,
              38.945387
            ],
            [
              -120.627799,
              38.94566
            ],
            [
              -120.628129,
              38.945976
            ],
            [
              -120.628405,
              38.946073
            ],
            [
              -120.628719,
              38.946171
            ],
            [
              -120.629467,
              38.946405
            ],
            [
              -120.629888,
              38.946437
            ],
            [
              -120.630139,
              38.946458
            ],
            [
              -120.630552,
              38.946427
            ],
            [
              -120.631091,
              38.946291
            ],
            [
              -120.631773,
              38.945967
            ],
            [
              -120.632749,
              38.945383
            ],
            [
              -120.63387,
              38.944635
            ],
            [
              -120.633897,
              38.944612
            ],
            [
              -120.635119,
              38.943612
            ],
            [
              -120.635381,
              38.943403
            ],
            [
              -120.635677,
              38.943353
            ],
            [
              -120.636009,
              38.943308
            ],
            [
              -120.636334,
              38.943323
            ],
            [
              -120.636593,
              38.943356
            ],
            [
              -120.63691,
              38.943454
            ],
            [
              -120.637144,
              38.943598
            ],
            [
              -120.637513,
              38.943808
            ],
            [
              -120.638084,
              38.944081
            ],
            [
              -120.638732,
              38.944313
            ],
            [
              -120.639176,
              38.944437
            ],
            [
              -120.639698,
              38.944499
            ],
            [
              -120.640131,
              38.944532
            ],
            [
              -120.640967,
              38.944477
            ],
            [
              -120.641281,
              38.944384
            ],
            [
              -120.641742,
              38.944286
            ],
            [
              -120.642132,
              38.944342
            ],
            [
              -120.642458,
              38.944404
            ],
            [
              -120.642797,
              38.944594
            ],
            [
              -120.643476,
              38.94514
            ],
            [
              -120.643637,
              38.945353
            ],
            [
              -120.643918,
              38.945923
            ],
            [
              -120.644286,
              38.946411
            ],
            [
              -120.644524,
              38.946598
            ],
            [
              -120.644738,
              38.946734
            ],
            [
              -120.644829,
              38.94678
            ],
            [
              -120.644944,
              38.946828
            ],
            [
              -120.645346,
              38.94688
            ],
            [
              -120.645603,
              38.946872
            ],
            [
              -120.645781,
              38.946868
            ],
            [
              -120.646207,
              38.946825
            ],
            [
              -120.64674,
              38.946809
            ],
            [
              -120.647063,
              38.946843
            ],
            [
              -120.647728,
              38.946968
            ],
            [
              -120.648848,
              38.947557
            ],
            [
              -120.649441,
              38.947878
            ],
            [
              -120.649702,
              38.948056
            ],
            [
              -120.64978,
              38.94812
            ],
            [
              -120.65031,
              38.948458
            ],
            [
              -120.651042,
              38.948869
            ],
            [
              -120.651267,
              38.948867
            ],
            [
              -120.651766,
              38.948749
            ],
            [
              -120.652504,
              38.948455
            ],
            [
              -120.653268,
              38.948223
            ],
            [
              -120.653346,
              38.948215
            ],
            [
              -120.653624,
              38.948188
            ],
            [
              -120.65416,
              38.948226
            ],
            [
              -120.654399,
              38.948356
            ],
            [
              -120.654789,
              38.948786
            ],
            [
              -120.654962,
              38.949081
            ],
            [
              -120.654983,
              38.949612
            ],
            [
              -120.654972,
              38.950189
            ],
            [
              -120.654959,
              38.950343
            ],
            [
              -120.65495,
              38.950849
            ],
            [
              -120.654857,
              38.951925
            ],
            [
              -120.654966,
              38.95257
            ],
            [
              -120.655245,
              38.953105
            ],
            [
              -120.655447,
              38.953335
            ],
            [
              -120.655686,
              38.953501
            ],
            [
              -120.656109,
              38.953605
            ],
            [
              -120.656467,
              38.95363
            ],
            [
              -120.658102,
              38.95352
            ],
            [
              -120.658765,
              38.953533
            ],
            [
              -120.659453,
              38.953702
            ],
            [
              -120.660367,
              38.954071
            ],
            [
              -120.660477,
              38.954132
            ],
            [
              -120.661213,
              38.95454
            ],
            [
              -120.662047,
              38.955152
            ],
            [
              -120.662809,
              38.955852
            ],
            [
              -120.663168,
              38.956175
            ],
            [
              -120.663308,
              38.956309
            ],
            [
              -120.663539,
              38.956486
            ],
            [
              -120.663814,
              38.956694
            ],
            [
              -120.664143,
              38.956909
            ],
            [
              -120.664471,
              38.95713
            ],
            [
              -120.664651,
              38.957205
            ],
            [
              -120.664787,
              38.957249
            ],
            [
              -120.664916,
              38.957264
            ],
            [
              -120.665371,
              38.95735
            ],
            [
              -120.665827,
              38.957377
            ],
            [
              -120.66675,
              38.957366
            ],
            [
              -120.667377,
              38.957539
            ],
            [
              -120.668848,
              38.958146
            ],
            [
              -120.669018,
              38.958175
            ],
            [
              -120.669303,
              38.958226
            ],
            [
              -120.669919,
              38.958274
            ],
            [
              -120.670612,
              38.958288
            ],
            [
              -120.670924,
              38.9583
            ],
            [
              -120.671465,
              38.958317
            ],
            [
              -120.671879,
              38.958361
            ],
            [
              -120.672748,
              38.958593
            ],
            [
              -120.673126,
              38.958928
            ],
            [
              -120.673328,
              38.959509
            ],
            [
              -120.673297,
              38.959997
            ],
            [
              -120.673244,
              38.960448
            ],
            [
              -120.673298,
              38.960884
            ],
            [
              -120.673365,
              38.961296
            ],
            [
              -120.673598,
              38.961848
            ],
            [
              -120.673832,
              38.962162
            ],
            [
              -120.674043,
              38.962363
            ],
            [
              -120.674312,
              38.962535
            ],
            [
              -120.67453,
              38.962634
            ],
            [
              -120.674696,
              38.962679
            ],
            [
              -120.674863,
              38.9627
            ],
            [
              -120.675326,
              38.962775
            ],
            [
              -120.675905,
              38.962787
            ],
            [
              -120.676732,
              38.962898
            ],
            [
              -120.677322,
              38.963291
            ],
            [
              -120.677748,
              38.963556
            ],
            [
              -120.677995,
              38.9639
            ],
            [
              -120.677966,
              38.96456
            ],
            [
              -120.678243,
              38.965089
            ],
            [
              -120.678943,
              38.965824
            ],
            [
              -120.679738,
              38.966452
            ],
            [
              -120.680227,
              38.966665
            ],
            [
              -120.680748,
              38.966806
            ],
            [
              -120.681577,
              38.966855
            ],
            [
              -120.681654,
              38.96686
            ],
            [
              -120.68265,
              38.966951
            ],
            [
              -120.683088,
              38.967073
            ],
            [
              -120.683455,
              38.967282
            ],
            [
              -120.683668,
              38.967531
            ],
            [
              -120.683676,
              38.967757
            ],
            [
              -120.683535,
              38.968111
            ],
            [
              -120.683225,
              38.968474
            ],
            [
              -120.682764,
              38.969072
            ],
            [
              -120.682712,
              38.969506
            ],
            [
              -120.682646,
              38.970124
            ],
            [
              -120.682668,
              38.970487
            ],
            [
              -120.682665,
              38.970802
            ],
            [
              -120.682667,
              38.971683
            ],
            [
              -120.682819,
              38.972163
            ],
            [
              -120.682896,
              38.972354
            ],
            [
              -120.683059,
              38.972757
            ],
            [
              -120.683249,
              38.973374
            ],
            [
              -120.683403,
              38.973793
            ],
            [
              -120.683367,
              38.97465
            ],
            [
              -120.683221,
              38.974933
            ],
            [
              -120.683023,
              38.975262
            ],
            [
              -120.682449,
              38.975798
            ],
            [
              -120.681688,
              38.976281
            ],
            [
              -120.681523,
              38.976387
            ],
            [
              -120.681085,
              38.976712
            ],
            [
              -120.680884,
              38.977142
            ],
            [
              -120.680878,
              38.977333
            ],
            [
              -120.680879,
              38.977517
            ],
            [
              -120.68089,
              38.977886
            ],
            [
              -120.681255,
              38.978406
            ],
            [
              -120.682895,
              38.980008
            ],
            [
              -120.68335,
              38.980453
            ],
            [
              -120.683435,
              38.98064
            ],
            [
              -120.683594,
              38.981161
            ],
            [
              -120.683796,
              38.981736
            ],
            [
              -120.684027,
              38.982139
            ],
            [
              -120.684226,
              38.982352
            ],
            [
              -120.684772,
              38.982916
            ],
            [
              -120.684945,
              38.983217
            ],
            [
              -120.685153,
              38.98362
            ],
            [
              -120.685232,
              38.984015
            ],
            [
              -120.685307,
              38.984504
            ],
            [
              -120.685335,
              38.984844
            ],
            [
              -120.68534,
              38.986189
            ],
            [
              -120.685238,
              38.986747
            ],
            [
              -120.684988,
              38.987284
            ],
            [
              -120.684736,
              38.987773
            ],
            [
              -120.684473,
              38.988357
            ],
            [
              -120.684377,
              38.988706
            ],
            [
              -120.684417,
              38.988963
            ],
            [
              -120.684428,
              38.989029
            ],
            [
              -120.684593,
              38.989216
            ],
            [
              -120.684939,
              38.989372
            ],
            [
              -120.685647,
              38.989648
            ],
            [
              -120.68689,
              38.989905
            ],
            [
              -120.687459,
              38.989976
            ],
            [
              -120.687603,
              38.989967
            ],
            [
              -120.687925,
              38.989949
            ],
            [
              -120.688031,
              38.989919
            ],
            [
              -120.68817,
              38.98988
            ],
            [
              -120.688911,
              38.989671
            ],
            [
              -120.689122,
              38.98952
            ],
            [
              -120.689579,
              38.989166
            ],
            [
              -120.689839,
              38.988933
            ],
            [
              -120.689859,
              38.988903
            ],
            [
              -120.690887,
              38.987418
            ],
            [
              -120.691405,
              38.986744
            ],
            [
              -120.691619,
              38.986486
            ],
            [
              -120.692138,
              38.985878
            ],
            [
              -120.692546,
              38.985546
            ],
            [
              -120.692913,
              38.985268
            ],
            [
              -120.693446,
              38.985058
            ],
            [
              -120.69404,
              38.98486
            ],
            [
              -120.694156,
              38.984822
            ],
            [
              -120.694565,
              38.984664
            ],
            [
              -120.695344,
              38.984292
            ],
            [
              -120.695868,
              38.984071
            ],
            [
              -120.696905,
              38.983517
            ],
            [
              -120.697998,
              38.982957
            ],
            [
              -120.698508,
              38.982741
            ],
            [
              -120.700178,
              38.982013
            ],
            [
              -120.700286,
              38.981984
            ],
            [
              -120.701233,
              38.981739
            ],
            [
              -120.701724,
              38.981622
            ],
            [
              -120.703904,
              38.981182
            ],
            [
              -120.704449,
              38.981203
            ],
            [
              -120.704866,
              38.981345
            ],
            [
              -120.70505,
              38.981457
            ],
            [
              -120.705276,
              38.981584
            ],
            [
              -120.705904,
              38.981915
            ],
            [
              -120.706588,
              38.982329
            ],
            [
              -120.707288,
              38.982682
            ],
            [
              -120.708012,
              38.983087
            ],
            [
              -120.708695,
              38.983429
            ],
            [
              -120.708893,
              38.983608
            ],
            [
              -120.709167,
              38.983901
            ],
            [
              -120.709356,
              38.984166
            ],
            [
              -120.70947,
              38.984297
            ],
            [
              -120.709956,
              38.984754
            ],
            [
              -120.711342,
              38.985762
            ],
            [
              -120.711817,
              38.98592
            ],
            [
              -120.712615,
              38.986085
            ],
            [
              -120.713372,
              38.9861
            ],
            [
              -120.713562,
              38.986104
            ],
            [
              -120.714069,
              38.986108
            ],
            [
              -120.714971,
              38.986188
            ],
            [
              -120.715656,
              38.986391
            ],
            [
              -120.716286,
              38.986671
            ],
            [
              -120.716809,
              38.987184
            ],
            [
              -120.717411,
              38.988013
            ],
            [
              -120.717446,
              38.988137
            ],
            [
              -120.717474,
              38.988297
            ],
            [
              -120.717517,
              38.98839
            ],
            [
              -120.717637,
              38.988768
            ],
            [
              -120.7178,
              38.989223
            ],
            [
              -120.718063,
              38.989649
            ],
            [
              -120.718598,
              38.990292
            ],
            [
              -120.719132,
              38.990677
            ],
            [
              -120.71919,
              38.990719
            ],
            [
              -120.720261,
              38.991388
            ],
            [
              -120.721682,
              38.992546
            ],
            [
              -120.722013,
              38.992912
            ],
            [
              -120.722223,
              38.99325
            ],
            [
              -120.722341,
              38.993473
            ],
            [
              -120.722354,
              38.993684
            ],
            [
              -120.72256,
              38.994648
            ],
            [
              -120.722642,
              38.994943
            ],
            [
              -120.722655,
              38.995099
            ],
            [
              -120.722738,
              38.995649
            ],
            [
              -120.722772,
              38.996463
            ],
            [
              -120.722739,
              38.997503
            ],
            [
              -120.722766,
              38.998513
            ],
            [
              -120.722779,
              38.998539
            ],
            [
              -120.723171,
              38.999327
            ],
            [
              -120.723885,
              38.9999
            ],
            [
              -120.724101,
              39.000074
            ],
            [
              -120.724483,
              39.000358
            ],
            [
              -120.724939,
              39.000736
            ],
            [
              -120.724958,
              39.000749
            ],
            [
              -120.725565,
              39.001108
            ],
            [
              -120.725894,
              39.00132
            ],
            [
              -120.72611,
              39.001459
            ],
            [
              -120.726416,
              39.001584
            ],
            [
              -120.726808,
              39.001659
            ],
            [
              -120.727129,
              39.001805
            ],
            [
              -120.727832,
              39.002426
            ],
            [
              -120.728286,
              39.002862
            ],
            [
              -120.728627,
              39.00317
            ],
            [
              -120.72904,
              39.003543
            ],
            [
              -120.729346,
              39.003706
            ],
            [
              -120.72956,
              39.003759
            ],
            [
              -120.729575,
              39.004025
            ],
            [
              -120.730115,
              39.003978
            ],
            [
              -120.730174,
              39.003958
            ],
            [
              -120.731572,
              39.002716
            ],
            [
              -120.732542,
              39.002306
            ],
            [
              -120.732674,
              39.00225
            ],
            [
              -120.735577,
              39.000681
            ],
            [
              -120.736042,
              39.0006
            ],
            [
              -120.736601,
              39.000655
            ],
            [
              -120.736613,
              39.000665
            ],
            [
              -120.737919,
              39.001807
            ],
            [
              -120.738333,
              39.002016
            ],
            [
              -120.738861,
              39.002073
            ],
            [
              -120.73945,
              39.001982
            ],
            [
              -120.740483,
              39.001578
            ],
            [
              -120.741021,
              39.001432
            ],
            [
              -120.741641,
              39.001431
            ],
            [
              -120.741933,
              39.001638
            ],
            [
              -120.74217,
              39.001806
            ],
            [
              -120.742406,
              39.001975
            ],
            [
              -120.742501,
              39.002042
            ],
            [
              -120.743228,
              39.003138
            ],
            [
              -120.743293,
              39.003307
            ],
            [
              -120.743625,
              39.004163
            ],
            [
              -120.743937,
              39.004768
            ],
            [
              -120.744103,
              39.004857
            ],
            [
              -120.744434,
              39.00484
            ],
            [
              -120.744619,
              39.004711
            ],
            [
              -120.746319,
              39.003514
            ],
            [
              -120.746563,
              39.003384
            ],
            [
              -120.746879,
              39.003163
            ],
            [
              -120.747212,
              39.00297
            ],
            [
              -120.747645,
              39.002944
            ],
            [
              -120.747942,
              39.003046
            ],
            [
              -120.74813,
              39.003195
            ],
            [
              -120.748218,
              39.003265
            ],
            [
              -120.748463,
              39.003593
            ],
            [
              -120.748595,
              39.003906
            ],
            [
              -120.748662,
              39.004286
            ],
            [
              -120.748491,
              39.005219
            ],
            [
              -120.748015,
              39.00603
            ],
            [
              -120.747408,
              39.006542
            ],
            [
              -120.746736,
              39.007128
            ],
            [
              -120.746492,
              39.007571
            ],
            [
              -120.746407,
              39.007735
            ],
            [
              -120.746185,
              39.008283
            ],
            [
              -120.746106,
              39.00848
            ],
            [
              -120.745976,
              39.009235
            ],
            [
              -120.745939,
              39.009834
            ],
            [
              -120.745983,
              39.010124
            ],
            [
              -120.74608,
              39.010256
            ],
            [
              -120.746395,
              39.010352
            ],
            [
              -120.74691,
              39.010366
            ],
            [
              -120.747118,
              39.010373
            ],
            [
              -120.747656,
              39.010397
            ],
            [
              -120.748136,
              39.010303
            ],
            [
              -120.748886,
              39.010049
            ],
            [
              -120.749337,
              39.009817
            ],
            [
              -120.749612,
              39.009677
            ],
            [
              -120.749927,
              39.009504
            ],
            [
              -120.749994,
              39.00934
            ],
            [
              -120.750252,
              39.008994
            ],
            [
              -120.750409,
              39.008769
            ],
            [
              -120.750414,
              39.008755
            ],
            [
              -120.750619,
              39.008271
            ],
            [
              -120.750748,
              39.007839
            ],
            [
              -120.75104,
              39.00704
            ],
            [
              -120.751164,
              39.006728
            ],
            [
              -120.751213,
              39.006606
            ],
            [
              -120.751437,
              39.006203
            ],
            [
              -120.751512,
              39.0061
            ],
            [
              -120.751768,
              39.00575
            ],
            [
              -120.752091,
              39.005531
            ],
            [
              -120.752522,
              39.005381
            ],
            [
              -120.752832,
              39.005294
            ],
            [
              -120.75327,
              39.005302
            ],
            [
              -120.753716,
              39.005423
            ],
            [
              -120.75447,
              39.00581
            ],
            [
              -120.754847,
              39.006013
            ],
            [
              -120.755439,
              39.006349
            ],
            [
              -120.756019,
              39.006671
            ],
            [
              -120.756602,
              39.006995
            ],
            [
              -120.757117,
              39.007331
            ],
            [
              -120.757622,
              39.007661
            ],
            [
              -120.75778,
              39.007679
            ],
            [
              -120.757805,
              39.007682
            ],
            [
              -120.758035,
              39.007578
            ],
            [
              -120.758454,
              39.00717
            ],
            [
              -120.758662,
              39.006909
            ],
            [
              -120.759148,
              39.006628
            ],
            [
              -120.75941,
              39.006443
            ],
            [
              -120.759544,
              39.006283
            ],
            [
              -120.759845,
              39.005927
            ],
            [
              -120.760035,
              39.005727
            ],
            [
              -120.760052,
              39.005715
            ],
            [
              -120.760256,
              39.005571
            ],
            [
              -120.760428,
              39.0055
            ],
            [
              -120.760448,
              39.005492
            ],
            [
              -120.760648,
              39.005483
            ],
            [
              -120.761227,
              39.00578
            ],
            [
              -120.761607,
              39.005991
            ],
            [
              -120.761988,
              39.006204
            ],
            [
              -120.762097,
              39.006264
            ],
            [
              -120.762226,
              39.006336
            ],
            [
              -120.762432,
              39.006434
            ],
            [
              -120.762545,
              39.006488
            ],
            [
              -120.762585,
              39.006507
            ],
            [
              -120.762706,
              39.006564
            ],
            [
              -120.762747,
              39.006584
            ],
            [
              -120.762849,
              39.006555
            ],
            [
              -120.763156,
              39.006469
            ],
            [
              -120.763259,
              39.006441
            ],
            [
              -120.763517,
              39.00636
            ],
            [
              -120.763756,
              39.006232
            ],
            [
              -120.763872,
              39.00591
            ],
            [
              -120.763947,
              39.00549
            ],
            [
              -120.763959,
              39.005456
            ],
            [
              -120.764052,
              39.005216
            ],
            [
              -120.764106,
              39.004829
            ],
            [
              -120.763984,
              39.004466
            ],
            [
              -120.763831,
              39.004134
            ],
            [
              -120.763543,
              39.003955
            ],
            [
              -120.763099,
              39.003825
            ],
            [
              -120.762685,
              39.003815
            ],
            [
              -120.762013,
              39.003812
            ],
            [
              -120.761444,
              39.003818
            ],
            [
              -120.761259,
              39.00381
            ],
            [
              -120.760835,
              39.003792
            ],
            [
              -120.760317,
              39.003652
            ],
            [
              -120.760135,
              39.003313
            ],
            [
              -120.760099,
              39.003085
            ],
            [
              -120.760175,
              39.00286
            ],
            [
              -120.760303,
              39.002489
            ],
            [
              -120.760607,
              39.002152
            ],
            [
              -120.761142,
              39.002002
            ],
            [
              -120.761398,
              39.001932
            ],
            [
              -120.761599,
              39.001904
            ],
            [
              -120.762096,
              39.001837
            ],
            [
              -120.762652,
              39.001763
            ],
            [
              -120.76358,
              39.001936
            ],
            [
              -120.764074,
              39.002028
            ],
            [
              -120.76453,
              39.002263
            ],
            [
              -120.764899,
              39.002487
            ],
            [
              -120.76529,
              39.002777
            ],
            [
              -120.765485,
              39.002934
            ],
            [
              -120.765667,
              39.003082
            ],
            [
              -120.766056,
              39.003371
            ],
            [
              -120.766511,
              39.003839
            ],
            [
              -120.766853,
              39.004287
            ],
            [
              -120.766928,
              39.004553
            ],
            [
              -120.76707,
              39.004892
            ],
            [
              -120.767107,
              39.005005
            ],
            [
              -120.767097,
              39.005448
            ],
            [
              -120.766887,
              39.006086
            ],
            [
              -120.766388,
              39.006711
            ],
            [
              -120.76619,
              39.006982
            ],
            [
              -120.766109,
              39.007041
            ],
            [
              -120.765875,
              39.007216
            ],
            [
              -120.765589,
              39.007401
            ],
            [
              -120.76523,
              39.007606
            ],
            [
              -120.764708,
              39.007808
            ],
            [
              -120.764644,
              39.00785
            ],
            [
              -120.764598,
              39.00788
            ],
            [
              -120.764558,
              39.007908
            ],
            [
              -120.764471,
              39.007965
            ],
            [
              -120.764412,
              39.007989
            ],
            [
              -120.764352,
              39.008013
            ],
            [
              -120.764172,
              39.008087
            ],
            [
              -120.764113,
              39.008112
            ],
            [
              -120.763959,
              39.00816
            ],
            [
              -120.763919,
              39.008173
            ],
            [
              -120.763622,
              39.008196
            ],
            [
              -120.76362,
              39.008336
            ],
            [
              -120.76362,
              39.008346
            ],
            [
              -120.763617,
              39.008497
            ],
            [
              -120.763615,
              39.008633
            ],
            [
              -120.763585,
              39.009021
            ],
            [
              -120.763629,
              39.009346
            ],
            [
              -120.763811,
              39.009535
            ],
            [
              -120.763857,
              39.009583
            ],
            [
              -120.763998,
              39.009692
            ],
            [
              -120.764448,
              39.00975
            ],
            [
              -120.765073,
              39.009733
            ],
            [
              -120.765662,
              39.009695
            ],
            [
              -120.765979,
              39.009666
            ],
            [
              -120.766424,
              39.009604
            ],
            [
              -120.767091,
              39.00955
            ],
            [
              -120.767212,
              39.009541
            ],
            [
              -120.767958,
              39.009394
            ],
            [
              -120.768162,
              39.009276
            ],
            [
              -120.768336,
              39.009175
            ],
            [
              -120.768625,
              39.008884
            ],
            [
              -120.768951,
              39.008491
            ],
            [
              -120.768982,
              39.008454
            ],
            [
              -120.770225,
              39.007024
            ],
            [
              -120.770522,
              39.006783
            ],
            [
              -120.770853,
              39.006627
            ],
            [
              -120.771144,
              39.006569
            ],
            [
              -120.771521,
              39.006558
            ],
            [
              -120.771578,
              39.006557
            ],
            [
              -120.772352,
              39.006677
            ],
            [
              -120.772619,
              39.006768
            ],
            [
              -120.772809,
              39.006832
            ],
            [
              -120.772835,
              39.006841
            ],
            [
              -120.773284,
              39.006949
            ],
            [
              -120.773399,
              39.006963
            ],
            [
              -120.773599,
              39.00699
            ],
            [
              -120.773797,
              39.007001
            ],
            [
              -120.77399,
              39.006913
            ],
            [
              -120.774103,
              39.006633
            ],
            [
              -120.773979,
              39.006257
            ],
            [
              -120.773832,
              39.006021
            ],
            [
              -120.77383,
              39.005817
            ],
            [
              -120.774026,
              39.005623
            ],
            [
              -120.774328,
              39.005494
            ],
            [
              -120.774933,
              39.005506
            ],
            [
              -120.775582,
              39.005575
            ],
            [
              -120.77581,
              39.005513
            ],
            [
              -120.776494,
              39.005331
            ],
            [
              -120.777195,
              39.005182
            ],
            [
              -120.77795,
              39.005013
            ],
            [
              -120.778279,
              39.004921
            ],
            [
              -120.779498,
              39.004542
            ],
            [
              -120.78025,
              39.00419
            ],
            [
              -120.780861,
              39.003743
            ],
            [
              -120.781114,
              39.003458
            ],
            [
              -120.781205,
              39.003143
            ],
            [
              -120.781197,
              39.002804
            ],
            [
              -120.781259,
              39.002558
            ],
            [
              -120.782056,
              39.001952
            ],
            [
              -120.782495,
              39.001643
            ],
            [
              -120.782762,
              39.001493
            ],
            [
              -120.783218,
              39.001347
            ],
            [
              -120.784095,
              39.001046
            ],
            [
              -120.784583,
              39.00078
            ],
            [
              -120.785044,
              39.000471
            ],
            [
              -120.785449,
              39.00026
            ],
            [
              -120.785725,
              39.000104
            ],
            [
              -120.785988,
              38.999996
            ],
            [
              -120.78614,
              38.9999
            ],
            [
              -120.786385,
              38.999791
            ],
            [
              -120.786791,
              38.999622
            ],
            [
              -120.787304,
              38.999528
            ],
            [
              -120.787585,
              38.999492
            ],
            [
              -120.78794,
              38.999496
            ],
            [
              -120.788423,
              38.999508
            ],
            [
              -120.788521,
              38.999525
            ],
            [
              -120.788535,
              38.999526
            ],
            [
              -120.788577,
              38.99953
            ],
            [
              -120.788592,
              38.999532
            ],
            [
              -120.788703,
              38.999542
            ],
            [
              -120.788747,
              38.999547
            ],
            [
              -120.788901,
              38.999568
            ],
            [
              -120.789037,
              38.999582
            ],
            [
              -120.789149,
              38.999595
            ],
            [
              -120.789619,
              38.999647
            ],
            [
              -120.790247,
              38.999659
            ],
            [
              -120.790798,
              38.99963
            ],
            [
              -120.791113,
              38.999544
            ],
            [
              -120.791522,
              38.999434
            ],
            [
              -120.792224,
              38.999062
            ],
            [
              -120.793051,
              38.998434
            ],
            [
              -120.794397,
              38.997478
            ],
            [
              -120.794598,
              38.997346
            ],
            [
              -120.795149,
              38.997116
            ],
            [
              -120.795725,
              38.996803
            ],
            [
              -120.796212,
              38.996575
            ],
            [
              -120.79677,
              38.996315
            ],
            [
              -120.797122,
              38.996194
            ],
            [
              -120.797528,
              38.996114
            ],
            [
              -120.798103,
              38.996051
            ],
            [
              -120.798286,
              38.996107
            ],
            [
              -120.798325,
              38.996128
            ],
            [
              -120.798656,
              38.996311
            ],
            [
              -120.798916,
              38.996514
            ],
            [
              -120.799103,
              38.99666
            ],
            [
              -120.799368,
              38.996867
            ],
            [
              -120.799724,
              38.997458
            ],
            [
              -120.799747,
              38.997496
            ],
            [
              -120.799978,
              38.998109
            ],
            [
              -120.80013,
              38.998616
            ],
            [
              -120.800395,
              38.999115
            ],
            [
              -120.800629,
              38.999641
            ],
            [
              -120.800708,
              38.999804
            ],
            [
              -120.800721,
              38.999899
            ],
            [
              -120.800771,
              39.000118
            ],
            [
              -120.80091,
              39.000276
            ],
            [
              -120.801202,
              39.000608
            ],
            [
              -120.801403,
              39.000786
            ],
            [
              -120.80154,
              39.000899
            ],
            [
              -120.801668,
              39.000956
            ],
            [
              -120.801916,
              39.001103
            ],
            [
              -120.802614,
              39.001181
            ],
            [
              -120.803084,
              39.001194
            ],
            [
              -120.803442,
              39.001205
            ],
            [
              -120.804443,
              39.001174
            ],
            [
              -120.80524,
              39.001102
            ],
            [
              -120.805807,
              39.001195
            ],
            [
              -120.80613,
              39.001205
            ],
            [
              -120.806962,
              39.001191
            ],
            [
              -120.807456,
              39.001148
            ],
            [
              -120.807684,
              39.001129
            ],
            [
              -120.808224,
              39.001059
            ],
            [
              -120.808589,
              39.000997
            ],
            [
              -120.8089,
              39.000929
            ],
            [
              -120.80926,
              39.000852
            ],
            [
              -120.809386,
              39.000826
            ],
            [
              -120.810328,
              39.000571
            ],
            [
              -120.810684,
              39.000475
            ],
            [
              -120.810861,
              39.000427
            ],
            [
              -120.811117,
              39.000328
            ],
            [
              -120.811759,
              39.00024
            ],
            [
              -120.812295,
              39.000133
            ],
            [
              -120.812775,
              38.999899
            ],
            [
              -120.813332,
              38.999479
            ],
            [
              -120.813608,
              38.999169
            ],
            [
              -120.813933,
              38.998806
            ],
            [
              -120.814318,
              38.998233
            ],
            [
              -120.814397,
              38.997327
            ],
            [
              -120.81451,
              38.996295
            ],
            [
              -120.814653,
              38.995948
            ],
            [
              -120.814841,
              38.995633
            ],
            [
              -120.81514,
              38.995201
            ],
            [
              -120.815342,
              38.994927
            ],
            [
              -120.81549,
              38.994778
            ],
            [
              -120.816195,
              38.99437
            ],
            [
              -120.816822,
              38.994207
            ],
            [
              -120.817625,
              38.993967
            ],
            [
              -120.817891,
              38.993932
            ],
            [
              -120.819203,
              38.99402
            ],
            [
              -120.819874,
              38.994089
            ],
            [
              -120.820264,
              38.994012
            ],
            [
              -120.820428,
              38.99398
            ],
            [
              -120.822104,
              38.99357
            ],
            [
              -120.822678,
              38.993481
            ],
            [
              -120.823187,
              38.993347
            ],
            [
              -120.823465,
              38.993233
            ],
            [
              -120.823929,
              38.993067
            ],
            [
              -120.824593,
              38.992799
            ],
            [
              -120.824724,
              38.992747
            ],
            [
              -120.826609,
              38.991438
            ],
            [
              -120.82751,
              38.990643
            ],
            [
              -120.827988,
              38.990175
            ],
            [
              -120.828357,
              38.989792
            ],
            [
              -120.829179,
              38.988551
            ],
            [
              -120.829547,
              38.987857
            ],
            [
              -120.829711,
              38.987343
            ],
            [
              -120.829744,
              38.986728
            ],
            [
              -120.829758,
              38.986469
            ],
            [
              -120.829695,
              38.984861
            ],
            [
              -120.829714,
              38.984726
            ],
            [
              -120.829721,
              38.984511
            ],
            [
              -120.829654,
              38.984025
            ],
            [
              -120.829551,
              38.983721
            ],
            [
              -120.829434,
              38.983225
            ],
            [
              -120.829232,
              38.98183
            ],
            [
              -120.829262,
              38.981011
            ],
            [
              -120.829383,
              38.980385
            ],
            [
              -120.829767,
              38.979835
            ],
            [
              -120.830301,
              38.979352
            ],
            [
              -120.830874,
              38.978941
            ],
            [
              -120.832038,
              38.978366
            ],
            [
              -120.832453,
              38.978117
            ],
            [
              -120.83262,
              38.978018
            ],
            [
              -120.832978,
              38.977619
            ],
            [
              -120.833013,
              38.976809
            ],
            [
              -120.832885,
              38.975995
            ],
            [
              -120.832843,
              38.975525
            ],
            [
              -120.832762,
              38.975189
            ],
            [
              -120.832677,
              38.974957
            ],
            [
              -120.832626,
              38.974622
            ],
            [
              -120.832692,
              38.973812
            ],
            [
              -120.833026,
              38.973197
            ],
            [
              -120.833415,
              38.972672
            ],
            [
              -120.833858,
              38.972155
            ],
            [
              -120.834068,
              38.971976
            ],
            [
              -120.834163,
              38.971866
            ],
            [
              -120.834286,
              38.971821
            ],
            [
              -120.834691,
              38.971597
            ],
            [
              -120.834746,
              38.971583
            ],
            [
              -120.83506,
              38.971509
            ],
            [
              -120.835264,
              38.971513
            ],
            [
              -120.835661,
              38.971504
            ],
            [
              -120.836266,
              38.971722
            ],
            [
              -120.837011,
              38.971688
            ],
            [
              -120.837839,
              38.9716
            ],
            [
              -120.838297,
              38.97164
            ],
            [
              -120.838485,
              38.97166
            ],
            [
              -120.838837,
              38.971786
            ],
            [
              -120.839587,
              38.972277
            ],
            [
              -120.839993,
              38.97265
            ],
            [
              -120.840259,
              38.973308
            ],
            [
              -120.840403,
              38.973931
            ],
            [
              -120.840517,
              38.974879
            ],
            [
              -120.840627,
              38.975446
            ],
            [
              -120.840786,
              38.975569
            ],
            [
              -120.841141,
              38.975631
            ],
            [
              -120.842007,
              38.975647
            ],
            [
              -120.842433,
              38.97571
            ],
            [
              -120.843373,
              38.975624
            ],
            [
              -120.844249,
              38.975625
            ],
            [
              -120.844757,
              38.975682
            ],
            [
              -120.844838,
              38.975708
            ],
            [
              -120.846069,
              38.976112
            ],
            [
              -120.846798,
              38.976436
            ],
            [
              -120.847208,
              38.97669
            ],
            [
              -120.847558,
              38.976927
            ],
            [
              -120.847943,
              38.976982
            ],
            [
              -120.848433,
              38.976967
            ],
            [
              -120.848811,
              38.976926
            ],
            [
              -120.849386,
              38.976809
            ],
            [
              -120.849893,
              38.97654
            ],
            [
              -120.850204,
              38.976218
            ],
            [
              -120.850514,
              38.975899
            ],
            [
              -120.850984,
              38.975192
            ],
            [
              -120.851836,
              38.973784
            ],
            [
              -120.852616,
              38.973289
            ],
            [
              -120.853241,
              38.972815
            ],
            [
              -120.853358,
              38.972679
            ],
            [
              -120.853621,
              38.972377
            ],
            [
              -120.854019,
              38.971684
            ],
            [
              -120.854088,
              38.971491
            ],
            [
              -120.854157,
              38.971298
            ],
            [
              -120.854259,
              38.971012
            ],
            [
              -120.854596,
              38.970412
            ],
            [
              -120.854808,
              38.970036
            ],
            [
              -120.855091,
              38.969095
            ],
            [
              -120.855422,
              38.968098
            ],
            [
              -120.855507,
              38.967654
            ],
            [
              -120.855511,
              38.967597
            ],
            [
              -120.855555,
              38.967051
            ],
            [
              -120.855532,
              38.96682
            ],
            [
              -120.855446,
              38.966627
            ],
            [
              -120.854892,
              38.965499
            ],
            [
              -120.854153,
              38.964487
            ],
            [
              -120.854112,
              38.964408
            ],
            [
              -120.853669,
              38.963544
            ],
            [
              -120.853578,
              38.963009
            ],
            [
              -120.85351,
              38.962809
            ],
            [
              -120.85337,
              38.962385
            ],
            [
              -120.853167,
              38.961713
            ],
            [
              -120.852932,
              38.961366
            ],
            [
              -120.852221,
              38.959945
            ],
            [
              -120.852101,
              38.959545
            ],
            [
              -120.852334,
              38.959247
            ],
            [
              -120.85298,
              38.958766
            ],
            [
              -120.853672,
              38.95846
            ],
            [
              -120.854211,
              38.958342
            ],
            [
              -120.854513,
              38.958277
            ],
            [
              -120.85509,
              38.958089
            ],
            [
              -120.856157,
              38.957504
            ],
            [
              -120.856556,
              38.957264
            ],
            [
              -120.856908,
              38.957096
            ],
            [
              -120.857179,
              38.956942
            ],
            [
              -120.857716,
              38.956641
            ],
            [
              -120.857917,
              38.956041
            ],
            [
              -120.85822,
              38.955238
            ],
            [
              -120.858393,
              38.954784
            ],
            [
              -120.858403,
              38.954568
            ],
            [
              -120.85841,
              38.954403
            ],
            [
              -120.858385,
              38.953877
            ],
            [
              -120.858434,
              38.953266
            ],
            [
              -120.858903,
              38.952256
            ],
            [
              -120.859288,
              38.951985
            ],
            [
              -120.859863,
              38.951653
            ],
            [
              -120.860325,
              38.951542
            ],
            [
              -120.860485,
              38.951553
            ],
            [
              -120.860609,
              38.951563
            ],
            [
              -120.860988,
              38.951849
            ],
            [
              -120.861323,
              38.952221
            ],
            [
              -120.861574,
              38.952671
            ],
            [
              -120.861673,
              38.952784
            ],
            [
              -120.861831,
              38.952938
            ],
            [
              -120.8628,
              38.953592
            ],
            [
              -120.863075,
              38.953948
            ],
            [
              -120.863547,
              38.954163
            ],
            [
              -120.86388,
              38.954265
            ],
            [
              -120.864267,
              38.954272
            ],
            [
              -120.865992,
              38.953842
            ],
            [
              -120.86697,
              38.953836
            ],
            [
              -120.868045,
              38.953991
            ],
            [
              -120.868599,
              38.954192
            ],
            [
              -120.869378,
              38.954723
            ],
            [
              -120.870586,
              38.955556
            ],
            [
              -120.87123,
              38.955815
            ],
            [
              -120.871401,
              38.955844
            ],
            [
              -120.872062,
              38.955957
            ],
            [
              -120.873317,
              38.956052
            ],
            [
              -120.8742,
              38.956155
            ],
            [
              -120.875061,
              38.956346
            ],
            [
              -120.875383,
              38.956391
            ],
            [
              -120.875546,
              38.956415
            ],
            [
              -120.875771,
              38.956447
            ],
            [
              -120.876045,
              38.956482
            ],
            [
              -120.87631,
              38.956648
            ],
            [
              -120.876918,
              38.956874
            ],
            [
              -120.877376,
              38.957014
            ],
            [
              -120.877451,
              38.957018
            ],
            [
              -120.877706,
              38.957034
            ],
            [
              -120.877956,
              38.957044
            ],
            [
              -120.878433,
              38.957007
            ],
            [
              -120.87887,
              38.956974
            ],
            [
              -120.879537,
              38.95695
            ],
            [
              -120.879867,
              38.956952
            ],
            [
              -120.879903,
              38.956953
            ],
            [
              -120.880343,
              38.9569
            ],
            [
              -120.880922,
              38.956713
            ],
            [
              -120.881262,
              38.956713
            ],
            [
              -120.881593,
              38.956714
            ],
            [
              -120.882082,
              38.956863
            ],
            [
              -120.882302,
              38.95693
            ],
            [
              -120.882522,
              38.956998
            ],
            [
              -120.883315,
              38.957347
            ],
            [
              -120.883902,
              38.957686
            ],
            [
              -120.884027,
              38.957759
            ],
            [
              -120.88458,
              38.958344
            ],
            [
              -120.884671,
              38.958447
            ],
            [
              -120.884852,
              38.958652
            ],
            [
              -120.884948,
              38.958753
            ],
            [
              -120.885043,
              38.958853
            ],
            [
              -120.885157,
              38.959
            ],
            [
              -120.88518,
              38.959014
            ],
            [
              -120.885456,
              38.959183
            ],
            [
              -120.885748,
              38.959281
            ],
            [
              -120.885963,
              38.959337
            ],
            [
              -120.886423,
              38.959507
            ],
            [
              -120.887285,
              38.95968
            ],
            [
              -120.887924,
              38.959732
            ],
            [
              -120.889253,
              38.959608
            ],
            [
              -120.890502,
              38.959562
            ],
            [
              -120.891286,
              38.95926
            ],
            [
              -120.891371,
              38.959226
            ],
            [
              -120.891737,
              38.958984
            ],
            [
              -120.892747,
              38.958324
            ],
            [
              -120.893873,
              38.957833
            ],
            [
              -120.894735,
              38.957239
            ],
            [
              -120.89551,
              38.956625
            ],
            [
              -120.896285,
              38.956011
            ],
            [
              -120.896792,
              38.955611
            ],
            [
              -120.898302,
              38.954621
            ],
            [
              -120.89941,
              38.953815
            ],
            [
              -120.899741,
              38.953548
            ],
            [
              -120.899989,
              38.953348
            ],
            [
              -120.90066,
              38.953172
            ],
            [
              -120.901853,
              38.953115
            ],
            [
              -120.901952,
              38.95311
            ],
            [
              -120.902107,
              38.953155
            ],
            [
              -120.902124,
              38.953159
            ],
            [
              -120.902846,
              38.953366
            ],
            [
              -120.90534,
              38.953811
            ],
            [
              -120.905478,
              38.953844
            ],
            [
              -120.905542,
              38.95386
            ],
            [
              -120.905934,
              38.953898
            ],
            [
              -120.907821,
              38.954103
            ],
            [
              -120.909587,
              38.954461
            ],
            [
              -120.910595,
              38.954637
            ],
            [
              -120.912685,
              38.954928
            ],
            [
              -120.913874,
              38.955207
            ],
            [
              -120.914421,
              38.955439
            ],
            [
              -120.915121,
              38.955837
            ],
            [
              -120.91546,
              38.955965
            ],
            [
              -120.915889,
              38.956174
            ],
            [
              -120.916804,
              38.956954
            ],
            [
              -120.917232,
              38.957205
            ],
            [
              -120.918632,
              38.957785
            ],
            [
              -120.920064,
              38.958397
            ],
            [
              -120.921307,
              38.959179
            ],
            [
              -120.921619,
              38.959498
            ],
            [
              -120.921509,
              38.95954
            ],
            [
              -120.922148,
              38.960212
            ],
            [
              -120.922795,
              38.960707
            ],
            [
              -120.92319,
              38.9609
            ],
            [
              -120.923701,
              38.961034
            ],
            [
              -120.924099,
              38.961197
            ],
            [
              -120.926304,
              38.96182
            ],
            [
              -120.928599,
              38.962111
            ],
            [
              -120.92911,
              38.962141
            ],
            [
              -120.929177,
              38.962131
            ],
            [
              -120.930423,
              38.962115
            ],
            [
              -120.931219,
              38.962025
            ],
            [
              -120.932037,
              38.962026
            ],
            [
              -120.932473,
              38.962058
            ],
            [
              -120.932603,
              38.962113
            ],
            [
              -120.932987,
              38.962244
            ],
            [
              -120.933371,
              38.962537
            ],
            [
              -120.933572,
              38.962991
            ],
            [
              -120.934035,
              38.96339
            ],
            [
              -120.934653,
              38.963791
            ],
            [
              -120.935291,
              38.963962
            ],
            [
              -120.93621,
              38.963927
            ],
            [
              -120.937269,
              38.963684
            ],
            [
              -120.93823,
              38.963299
            ],
            [
              -120.939003,
              38.962895
            ],
            [
              -120.939533,
              38.96264
            ],
            [
              -120.939655,
              38.96256
            ],
            [
              -120.940003,
              38.96254
            ],
            [
              -120.94013,
              38.962448
            ],
            [
              -120.940281,
              38.962339
            ],
            [
              -120.940478,
              38.961806
            ],
            [
              -120.940565,
              38.960978
            ],
            [
              -120.940569,
              38.959862
            ],
            [
              -120.94055,
              38.959822
            ],
            [
              -120.940062,
              38.95884
            ],
            [
              -120.93968,
              38.958507
            ],
            [
              -120.938922,
              38.957982
            ],
            [
              -120.938415,
              38.95737
            ],
            [
              -120.938371,
              38.95722
            ],
            [
              -120.938202,
              38.95664
            ],
            [
              -120.938154,
              38.95609
            ],
            [
              -120.938053,
              38.955055
            ],
            [
              -120.938002,
              38.954104
            ],
            [
              -120.93801,
              38.95335
            ],
            [
              -120.938036,
              38.952469
            ],
            [
              -120.938039,
              38.951917
            ],
            [
              -120.938001,
              38.951426
            ],
            [
              -120.937979,
              38.950372
            ],
            [
              -120.937952,
              38.949942
            ],
            [
              -120.937757,
              38.948303
            ],
            [
              -120.937673,
              38.946697
            ],
            [
              -120.937795,
              38.945539
            ],
            [
              -120.937783,
              38.945138
            ],
            [
              -120.937762,
              38.944409
            ],
            [
              -120.937877,
              38.944084
            ],
            [
              -120.938176,
              38.943573
            ],
            [
              -120.938264,
              38.943022
            ],
            [
              -120.938299,
              38.942502
            ],
            [
              -120.938318,
              38.942415
            ],
            [
              -120.938336,
              38.941792
            ],
            [
              -120.938347,
              38.940724
            ],
            [
              -120.938421,
              38.940113
            ],
            [
              -120.938443,
              38.939938
            ],
            [
              -120.938577,
              38.938929
            ],
            [
              -120.93847,
              38.938114
            ],
            [
              -120.938377,
              38.937484
            ],
            [
              -120.93827,
              38.936434
            ],
            [
              -120.938301,
              38.935826
            ],
            [
              -120.93857,
              38.935565
            ],
            [
              -120.939328,
              38.935395
            ],
            [
              -120.940541,
              38.935293
            ],
            [
              -120.941039,
              38.935343
            ],
            [
              -120.941951,
              38.935436
            ],
            [
              -120.942708,
              38.93548
            ],
            [
              -120.943037,
              38.935532
            ],
            [
              -120.9434,
              38.935671
            ],
            [
              -120.943846,
              38.935873
            ],
            [
              -120.944482,
              38.936262
            ],
            [
              -120.945009,
              38.937054
            ],
            [
              -120.945761,
              38.937312
            ],
            [
              -120.946394,
              38.937509
            ],
            [
              -120.94675,
              38.937621
            ],
            [
              -120.947525,
              38.937977
            ],
            [
              -120.948346,
              38.938324
            ],
            [
              -120.949182,
              38.938599
            ],
            [
              -120.949804,
              38.938712
            ],
            [
              -120.95158,
              38.938846
            ],
            [
              -120.952538,
              38.938781
            ],
            [
              -120.95419,
              38.938687
            ],
            [
              -120.956195,
              38.93861
            ],
            [
              -120.956637,
              38.938689
            ],
            [
              -120.95707,
              38.93882
            ],
            [
              -120.957302,
              38.93889
            ],
            [
              -120.957767,
              38.939108
            ],
            [
              -120.958052,
              38.939005
            ],
            [
              -120.959038,
              38.938159
            ],
            [
              -120.959436,
              38.937506
            ],
            [
              -120.959663,
              38.937035
            ],
            [
              -120.959741,
              38.936899
            ],
            [
              -120.959786,
              38.936822
            ],
            [
              -120.959956,
              38.936616
            ],
            [
              -120.960045,
              38.936549
            ],
            [
              -120.96017,
              38.936456
            ],
            [
              -120.961058,
              38.936052
            ],
            [
              -120.96144,
              38.935798
            ],
            [
              -120.961492,
              38.935764
            ],
            [
              -120.96202,
              38.93517
            ],
            [
              -120.962673,
              38.934302
            ],
            [
              -120.963007,
              38.934052
            ],
            [
              -120.963338,
              38.933935
            ],
            [
              -120.963721,
              38.933789
            ],
            [
              -120.96411,
              38.933479
            ],
            [
              -120.964553,
              38.933098
            ],
            [
              -120.964644,
              38.933057
            ],
            [
              -120.965149,
              38.932832
            ],
            [
              -120.965994,
              38.932581
            ],
            [
              -120.967148,
              38.932489
            ],
            [
              -120.968161,
              38.932615
            ],
            [
              -120.968198,
              38.93262
            ],
            [
              -120.968799,
              38.932671
            ],
            [
              -120.969318,
              38.932803
            ],
            [
              -120.969928,
              38.933018
            ],
            [
              -120.970423,
              38.933088
            ],
            [
              -120.970699,
              38.933062
            ],
            [
              -120.971067,
              38.932976
            ],
            [
              -120.97128,
              38.932857
            ],
            [
              -120.971862,
              38.932653
            ],
            [
              -120.972785,
              38.931943
            ],
            [
              -120.973674,
              38.931049
            ],
            [
              -120.973902,
              38.9309
            ],
            [
              -120.974241,
              38.93068
            ],
            [
              -120.974695,
              38.930361
            ],
            [
              -120.975833,
              38.929921
            ],
            [
              -120.976124,
              38.929834
            ],
            [
              -120.976579,
              38.929484
            ],
            [
              -120.977266,
              38.92925
            ],
            [
              -120.978446,
              38.929106
            ],
            [
              -120.97917,
              38.929018
            ],
            [
              -120.980341,
              38.928813
            ],
            [
              -120.982635,
              38.928893
            ],
            [
              -120.98407,
              38.929051
            ],
            [
              -120.984981,
              38.928791
            ],
            [
              -120.986608,
              38.928081
            ],
            [
              -120.98665,
              38.928063
            ],
            [
              -120.987248,
              38.927992
            ],
            [
              -120.988437,
              38.928043
            ],
            [
              -120.988909,
              38.928031
            ],
            [
              -120.989383,
              38.927937
            ],
            [
              -120.989624,
              38.927841
            ],
            [
              -120.99015,
              38.927633
            ],
            [
              -120.990339,
              38.92753
            ],
            [
              -120.990569,
              38.927407
            ],
            [
              -120.990775,
              38.927296
            ],
            [
              -120.991043,
              38.927055
            ],
            [
              -120.991266,
              38.927049
            ],
            [
              -120.99168,
              38.92723
            ],
            [
              -120.991968,
              38.927225
            ],
            [
              -120.992098,
              38.926798
            ],
            [
              -120.991989,
              38.926019
            ],
            [
              -120.991906,
              38.925723
            ],
            [
              -120.991822,
              38.925423
            ],
            [
              -120.991517,
              38.924641
            ],
            [
              -120.991088,
              38.924092
            ],
            [
              -120.991156,
              38.923628
            ],
            [
              -120.991954,
              38.922972
            ],
            [
              -120.9926,
              38.922549
            ],
            [
              -120.992896,
              38.922508
            ],
            [
              -120.99334,
              38.922515
            ],
            [
              -120.99369,
              38.922424
            ],
            [
              -120.994128,
              38.922241
            ],
            [
              -120.994776,
              38.921803
            ],
            [
              -120.995368,
              38.921592
            ],
            [
              -120.996564,
              38.9214
            ],
            [
              -120.997026,
              38.921124
            ],
            [
              -120.997319,
              38.920809
            ],
            [
              -120.997505,
              38.920612
            ],
            [
              -120.997844,
              38.92005
            ],
            [
              -120.99803,
              38.919509
            ],
            [
              -120.998299,
              38.918946
            ],
            [
              -120.998822,
              38.918624
            ],
            [
              -120.999125,
              38.91843
            ],
            [
              -120.999344,
              38.918289
            ],
            [
              -120.999542,
              38.918163
            ],
            [
              -121.000064,
              38.918001
            ],
            [
              -121.000244,
              38.917946
            ],
            [
              -121.000315,
              38.917933
            ],
            [
              -121.000461,
              38.917907
            ],
            [
              -121.000812,
              38.917846
            ],
            [
              -121.000903,
              38.917841
            ],
            [
              -121.001052,
              38.917835
            ],
            [
              -121.001067,
              38.917837
            ],
            [
              -121.001114,
              38.917843
            ],
            [
              -121.00113,
              38.917846
            ],
            [
              -121.001371,
              38.917882
            ],
            [
              -121.002026,
              38.917987
            ],
            [
              -121.002792,
              38.918273
            ],
            [
              -121.00326,
              38.918583
            ],
            [
              -121.003326,
              38.918627
            ],
            [
              -121.003936,
              38.919362
            ],
            [
              -121.004534,
              38.919864
            ],
            [
              -121.004883,
              38.920112
            ],
            [
              -121.005126,
              38.920206
            ],
            [
              -121.005443,
              38.920149
            ],
            [
              -121.005901,
              38.919959
            ],
            [
              -121.006413,
              38.919686
            ],
            [
              -121.006471,
              38.919464
            ],
            [
              -121.006417,
              38.919011
            ],
            [
              -121.006471,
              38.918725
            ],
            [
              -121.006623,
              38.918414
            ],
            [
              -121.006826,
              38.918118
            ],
            [
              -121.007132,
              38.917855
            ],
            [
              -121.007598,
              38.917782
            ],
            [
              -121.007926,
              38.917698
            ],
            [
              -121.007987,
              38.917687
            ],
            [
              -121.008111,
              38.917666
            ],
            [
              -121.008676,
              38.917523
            ],
            [
              -121.009185,
              38.917335
            ],
            [
              -121.009762,
              38.917103
            ],
            [
              -121.00997,
              38.917039
            ],
            [
              -121.010165,
              38.91702
            ],
            [
              -121.010447,
              38.916967
            ],
            [
              -121.011554,
              38.916717
            ],
            [
              -121.011697,
              38.916693
            ],
            [
              -121.011951,
              38.916652
            ],
            [
              -121.01235,
              38.916646
            ],
            [
              -121.012906,
              38.916816
            ],
            [
              -121.014133,
              38.917419
            ],
            [
              -121.014682,
              38.917643
            ],
            [
              -121.014844,
              38.917677
            ],
            [
              -121.014964,
              38.917711
            ],
            [
              -121.015384,
              38.91783
            ],
            [
              -121.016155,
              38.917935
            ],
            [
              -121.016429,
              38.917973
            ],
            [
              -121.017257,
              38.918041
            ],
            [
              -121.017711,
              38.91812
            ],
            [
              -121.018401,
              38.918239
            ],
            [
              -121.018928,
              38.918239
            ],
            [
              -121.019767,
              38.918115
            ],
            [
              -121.021831,
              38.917778
            ],
            [
              -121.022157,
              38.91768
            ],
            [
              -121.022723,
              38.917511
            ],
            [
              -121.023498,
              38.917234
            ],
            [
              -121.024029,
              38.916473
            ],
            [
              -121.025001,
              38.915312
            ],
            [
              -121.025372,
              38.915036
            ],
            [
              -121.026445,
              38.914795
            ],
            [
              -121.027894,
              38.91439
            ],
            [
              -121.028571,
              38.914227
            ],
            [
              -121.029265,
              38.91401
            ],
            [
              -121.030154,
              38.913743
            ],
            [
              -121.03075,
              38.91353
            ],
            [
              -121.031117,
              38.913419
            ],
            [
              -121.032399,
              38.91324
            ],
            [
              -121.033004,
              38.913031
            ],
            [
              -121.033438,
              38.912868
            ],
            [
              -121.033783,
              38.912816
            ],
            [
              -121.034096,
              38.912883
            ],
            [
              -121.034223,
              38.91299
            ],
            [
              -121.034684,
              38.913381
            ],
            [
              -121.03484,
              38.913429
            ],
            [
              -121.03515,
              38.91342
            ],
            [
              -121.035486,
              38.913475
            ],
            [
              -121.035837,
              38.91362
            ],
            [
              -121.03616,
              38.91376
            ],
            [
              -121.036344,
              38.913928
            ],
            [
              -121.036898,
              38.914842
            ],
            [
              -121.037502,
              38.915689
            ],
            [
              -121.037926,
              38.9156
            ],
            [
              -121.03812,
              38.9156
            ],
            [
              -121.038644,
              38.915602
            ],
            [
              -121.039483,
              38.915783
            ],
            [
              -121.039935,
              38.91586
            ],
            [
              -121.039973,
              38.915842
            ],
            [
              -121.040406,
              38.915651
            ],
            [
              -121.040511,
              38.915538
            ],
            [
              -121.040965,
              38.91505
            ],
            [
              -121.041467,
              38.914193
            ],
            [
              -121.041519,
              38.913662
            ],
            [
              -121.041614,
              38.912975
            ],
            [
              -121.041548,
              38.912176
            ],
            [
              -121.041608,
              38.911972
            ],
            [
              -121.041721,
              38.911589
            ],
            [
              -121.042188,
              38.911115
            ],
            [
              -121.042485,
              38.910834
            ],
            [
              -121.042585,
              38.910403
            ],
            [
              -121.042701,
              38.909391
            ],
            [
              -121.043015,
              38.908491
            ],
            [
              -121.04359,
              38.907536
            ],
            [
              -121.043958,
              38.906981
            ],
            [
              -121.04455,
              38.906519
            ],
            [
              -121.045555,
              38.905679
            ],
            [
              -121.046747,
              38.905375
            ],
            [
              -121.048014,
              38.90512
            ],
            [
              -121.048426,
              38.904546
            ],
            [
              -121.048895,
              38.903967
            ],
            [
              -121.048922,
              38.903935
            ],
            [
              -121.049403,
              38.903362
            ],
            [
              -121.049532,
              38.902331
            ],
            [
              -121.049825,
              38.901755
            ],
            [
              -121.050325,
              38.901439
            ],
            [
              -121.051073,
              38.90107
            ],
            [
              -121.051174,
              38.90102
            ],
            [
              -121.052193,
              38.900604
            ],
            [
              -121.052911,
              38.900144
            ],
            [
              -121.053407,
              38.899502
            ],
            [
              -121.053539,
              38.898806
            ],
            [
              -121.05356,
              38.898048
            ],
            [
              -121.053373,
              38.897297
            ],
            [
              -121.053022,
              38.89678
            ],
            [
              -121.052385,
              38.896572
            ],
            [
              -121.051071,
              38.896275
            ],
            [
              -121.049984,
              38.895876
            ],
            [
              -121.049421,
              38.8961
            ],
            [
              -121.049208,
              38.895788
            ],
            [
              -121.048807,
              38.895602
            ],
            [
              -121.048503,
              38.895456
            ],
            [
              -121.048194,
              38.895289
            ],
            [
              -121.047903,
              38.894986
            ],
            [
              -121.047663,
              38.894474
            ],
            [
              -121.047455,
              38.894074
            ],
            [
              -121.047199,
              38.893754
            ],
            [
              -121.046847,
              38.893402
            ],
            [
              -121.046559,
              38.89313
            ],
            [
              -121.046111,
              38.892634
            ],
            [
              -121.045985,
              38.892508
            ],
            [
              -121.045695,
              38.892218
            ],
            [
              -121.045231,
              38.891786
            ],
            [
              -121.045213,
              38.89177
            ],
            [
              -121.044783,
              38.891386
            ],
            [
              -121.044559,
              38.89121
            ],
            [
              -121.044335,
              38.89097
            ],
            [
              -121.044175,
              38.890826
            ],
            [
              -121.044191,
              38.890618
            ],
            [
              -121.044287,
              38.89033
            ],
            [
              -121.044591,
              38.890042
            ],
            [
              -121.045034,
              38.889719
            ],
            [
              -121.045164,
              38.889624
            ],
            [
              -121.045294,
              38.889529
            ],
            [
              -121.046143,
              38.888858
            ],
            [
              -121.046911,
              38.888602
            ],
            [
              -121.047463,
              38.888408
            ],
            [
              -121.047775,
              38.888298
            ],
            [
              -121.048543,
              38.887914
            ],
            [
              -121.049375,
              38.88753
            ],
            [
              -121.049711,
              38.887354
            ],
            [
              -121.050019,
              38.887237
            ],
            [
              -121.050075,
              38.887216
            ],
            [
              -121.050993,
              38.886893
            ],
            [
              -121.052387,
              38.886599
            ],
            [
              -121.053962,
              38.885865
            ],
            [
              -121.056911,
              38.88479
            ],
            [
              -121.056951,
              38.884776
            ],
            [
              -121.057036,
              38.884746
            ],
            [
              -121.057124,
              38.884715
            ],
            [
              -121.057168,
              38.884699
            ],
            [
              -121.057389,
              38.884643
            ],
            [
              -121.057808,
              38.884539
            ],
            [
              -121.058592,
              38.884315
            ],
            [
              -121.058707,
              38.884258
            ],
            [
              -121.05912,
              38.884059
            ],
            [
              -121.059486,
              38.883933
            ],
            [
              -121.05968,
              38.883867
            ],
            [
              -121.060202,
              38.883617
            ],
            [
              -121.060416,
              38.883515
            ],
            [
              -121.06054,
              38.883446
            ],
            [
              -121.06088,
              38.883259
            ],
            [
              -121.060979,
              38.883208
            ],
            [
              -121.061078,
              38.883156
            ],
            [
              -121.061312,
              38.883035
            ],
            [
              -121.061696,
              38.882651
            ],
            [
              -121.061952,
              38.882139
            ],
            [
              -121.061984,
              38.881499
            ],
            [
              -121.061648,
              38.881035
            ],
            [
              -121.061184,
              38.880619
            ],
            [
              -121.060746,
              38.880032
            ],
            [
              -121.059871,
              38.879161
            ],
            [
              -121.058913,
              38.878559
            ],
            [
              -121.058109,
              38.878061
            ],
            [
              -121.057646,
              38.877775
            ],
            [
              -121.057183,
              38.877489
            ],
            [
              -121.056928,
              38.877307
            ],
            [
              -121.056784,
              38.876891
            ],
            [
              -121.056527,
              38.876347
            ],
            [
              -121.056287,
              38.875803
            ],
            [
              -121.056127,
              38.875179
            ],
            [
              -121.056079,
              38.874667
            ],
            [
              -121.056031,
              38.874315
            ],
            [
              -121.055935,
              38.873851
            ],
            [
              -121.055791,
              38.873467
            ],
            [
              -121.055631,
              38.872891
            ],
            [
              -121.055391,
              38.872331
            ],
            [
              -121.055199,
              38.871803
            ],
            [
              -121.054895,
              38.871387
            ],
            [
              -121.054431,
              38.871035
            ],
            [
              -121.054015,
              38.870619
            ],
            [
              -121.053759,
              38.870235
            ],
            [
              -121.053519,
              38.869851
            ],
            [
              -121.053503,
              38.869371
            ],
            [
              -121.053375,
              38.868859
            ],
            [
              -121.053263,
              38.868347
            ],
            [
              -121.053375,
              38.867739
            ],
            [
              -121.053519,
              38.867291
            ],
            [
              -121.053743,
              38.866699
            ],
            [
              -121.053983,
              38.866203
            ],
            [
              -121.054095,
              38.865723
            ],
            [
              -121.054239,
              38.865419
            ],
            [
              -121.054431,
              38.865147
            ],
            [
              -121.054543,
              38.865019
            ],
            [
              -121.055103,
              38.864843
            ],
            [
              -121.055839,
              38.864683
            ],
            [
              -121.056463,
              38.864571
            ],
            [
              -121.057023,
              38.864347
            ],
            [
              -121.057759,
              38.863963
            ],
            [
              -121.058271,
              38.863707
            ],
            [
              -121.058559,
              38.863531
            ],
            [
              -121.058671,
              38.863323
            ],
            [
              -121.058751,
              38.863115
            ],
            [
              -121.059055,
              38.862619
            ],
            [
              -121.059552,
              38.862123
            ],
            [
              -121.060256,
              38.861659
            ],
            [
              -121.060672,
              38.861403
            ],
            [
              -121.061168,
              38.860955
            ],
            [
              -121.06144,
              38.860523
            ],
            [
              -121.06168,
              38.860251
            ],
            [
              -121.061728,
              38.860059
            ],
            [
              -121.061806,
              38.859916
            ],
            [
              -121.061744,
              38.859612
            ],
            [
              -121.061553,
              38.859372
            ],
            [
              -121.06128,
              38.859159
            ],
            [
              -121.061187,
              38.859085
            ],
            [
              -121.06098,
              38.858734
            ],
            [
              -121.060789,
              38.858224
            ],
            [
              -121.060713,
              38.85807
            ],
            [
              -121.060582,
              38.85781
            ],
            [
              -121.060455,
              38.857666
            ],
            [
              -121.060307,
              38.857276
            ],
            [
              -121.060201,
              38.856996
            ],
            [
              -121.059922,
              38.856137
            ],
            [
              -121.059891,
              38.856039
            ],
            [
              -121.059858,
              38.855939
            ],
            [
              -121.059818,
              38.855817
            ],
            [
              -121.059599,
              38.855081
            ],
            [
              -121.059532,
              38.85486
            ],
            [
              -121.059355,
              38.854411
            ],
            [
              -121.059325,
              38.854334
            ],
            [
              -121.059159,
              38.853908
            ],
            [
              -121.059087,
              38.853741
            ],
            [
              -121.058976,
              38.853489
            ],
            [
              -121.058943,
              38.853443
            ],
            [
              -121.058847,
              38.853308
            ],
            [
              -121.058751,
              38.853172
            ],
            [
              -121.058434,
              38.852723
            ],
            [
              -121.057989,
              38.852038
            ],
            [
              -121.057579,
              38.85127
            ],
            [
              -121.057528,
              38.850714
            ],
            [
              -121.057541,
              38.850547
            ],
            [
              -121.057576,
              38.850077
            ],
            [
              -121.057689,
              38.849376
            ],
            [
              -121.057765,
              38.848973
            ],
            [
              -121.057778,
              38.848907
            ],
            [
              -121.057791,
              38.848839
            ],
            [
              -121.057849,
              38.848531
            ],
            [
              -121.057993,
              38.847846
            ],
            [
              -121.058408,
              38.847129
            ],
            [
              -121.058444,
              38.84711
            ],
            [
              -121.058934,
              38.846843
            ],
            [
              -121.058958,
              38.846825
            ],
            [
              -121.059076,
              38.846736
            ],
            [
              -121.059193,
              38.846649
            ],
            [
              -121.059381,
              38.846509
            ],
            [
              -121.059886,
              38.846229
            ],
            [
              -121.059998,
              38.846167
            ],
            [
              -121.060108,
              38.846107
            ],
            [
              -121.060199,
              38.84605
            ],
            [
              -121.06029,
              38.845993
            ],
            [
              -121.060489,
              38.845869
            ],
            [
              -121.060688,
              38.845745
            ],
            [
              -121.060699,
              38.845739
            ],
            [
              -121.060903,
              38.845617
            ],
            [
              -121.060916,
              38.845613
            ],
            [
              -121.061392,
              38.845469
            ],
            [
              -121.061584,
              38.84534
            ],
            [
              -121.061621,
              38.845331
            ],
            [
              -121.061856,
              38.845277
            ],
            [
              -121.061934,
              38.845242
            ],
            [
              -121.062354,
              38.845053
            ],
            [
              -121.06317,
              38.844876
            ],
            [
              -121.063987,
              38.844701
            ],
            [
              -121.064258,
              38.844649
            ],
            [
              -121.064915,
              38.844524
            ],
            [
              -121.065443,
              38.844379
            ],
            [
              -121.06626,
              38.844092
            ],
            [
              -121.066318,
              38.844082
            ],
            [
              -121.066884,
              38.84398
            ],
            [
              -121.067065,
              38.843966
            ],
            [
              -121.067916,
              38.843906
            ],
            [
              -121.068005,
              38.8439
            ],
            [
              -121.068277,
              38.843835
            ],
            [
              -121.068869,
              38.84366
            ],
            [
              -121.069381,
              38.843435
            ],
            [
              -121.070006,
              38.843356
            ],
            [
              -121.070275,
              38.843324
            ],
            [
              -121.07037,
              38.843312
            ],
            [
              -121.070464,
              38.843301
            ],
            [
              -121.071094,
              38.843228
            ],
            [
              -121.072679,
              38.842941
            ],
            [
              -121.073575,
              38.842604
            ],
            [
              -121.073678,
              38.842456
            ],
            [
              -121.073831,
              38.842237
            ],
            [
              -121.07391,
              38.841944
            ],
            [
              -121.073943,
              38.84182
            ],
            [
              -121.074032,
              38.841738
            ],
            [
              -121.074328,
              38.841469
            ],
            [
              -121.07492,
              38.84078
            ],
            [
              -121.075191,
              38.840332
            ],
            [
              -121.075335,
              38.840091
            ],
            [
              -121.075493,
              38.83993
            ],
            [
              -121.075816,
              38.839595
            ],
            [
              -121.07603,
              38.83945
            ],
            [
              -121.076568,
              38.839083
            ],
            [
              -121.076983,
              38.838886
            ],
            [
              -121.077108,
              38.838826
            ],
            [
              -121.077233,
              38.838767
            ],
            [
              -121.077331,
              38.83872
            ],
            [
              -121.07743,
              38.838674
            ],
            [
              -121.077545,
              38.838619
            ],
            [
              -121.077841,
              38.838458
            ],
            [
              -121.078135,
              38.838298
            ],
            [
              -121.07843,
              38.838139
            ],
            [
              -121.078489,
              38.838107
            ],
            [
              -121.079209,
              38.837658
            ],
            [
              -121.080026,
              38.83726
            ],
            [
              -121.080398,
              38.837002
            ],
            [
              -121.080655,
              38.83682
            ],
            [
              -121.081003,
              38.836315
            ],
            [
              -121.081515,
              38.835738
            ],
            [
              -121.081931,
              38.835179
            ],
            [
              -121.082267,
              38.834891
            ],
            [
              -121.082474,
              38.834855
            ],
            [
              -121.082555,
              38.834842
            ],
            [
              -121.083019,
              38.834746
            ],
            [
              -121.083647,
              38.834822
            ],
            [
              -121.083676,
              38.834826
            ],
            [
              -121.084476,
              38.834955
            ],
            [
              -121.084578,
              38.834955
            ],
            [
              -121.08476,
              38.834954
            ],
            [
              -121.084942,
              38.834955
            ],
            [
              -121.084972,
              38.834955
            ],
            [
              -121.085011,
              38.834939
            ],
            [
              -121.085324,
              38.83481
            ],
            [
              -121.085533,
              38.834651
            ],
            [
              -121.085791,
              38.83445
            ],
            [
              -121.08589,
              38.834374
            ],
            [
              -121.086041,
              38.834252
            ],
            [
              -121.086191,
              38.834128
            ],
            [
              -121.086373,
              38.833979
            ],
            [
              -121.086556,
              38.83383
            ],
            [
              -121.086589,
              38.833803
            ],
            [
              -121.086741,
              38.833695
            ],
            [
              -121.087341,
              38.833274
            ],
            [
              -121.087629,
              38.832825
            ],
            [
              -121.087695,
              38.832703
            ],
            [
              -121.087761,
              38.832581
            ],
            [
              -121.087826,
              38.832459
            ],
            [
              -121.087918,
              38.832107
            ],
            [
              -121.088018,
              38.831897
            ],
            [
              -121.08811,
              38.831706
            ],
            [
              -121.08813,
              38.831626
            ],
            [
              -121.088206,
              38.831348
            ],
            [
              -121.088283,
              38.831071
            ],
            [
              -121.088288,
              38.831052
            ],
            [
              -121.088332,
              38.830931
            ],
            [
              -121.08838,
              38.830803
            ],
            [
              -121.088477,
              38.830542
            ],
            [
              -121.088488,
              38.830511
            ],
            [
              -121.088513,
              38.830443
            ],
            [
              -121.088538,
              38.830375
            ],
            [
              -121.088575,
              38.830274
            ],
            [
              -121.088612,
              38.830174
            ],
            [
              -121.088855,
              38.829514
            ],
            [
              -121.08886,
              38.829493
            ],
            [
              -121.088921,
              38.829336
            ],
            [
              -121.088957,
              38.829238
            ],
            [
              -121.088959,
              38.829169
            ],
            [
              -121.088959,
              38.828958
            ],
            [
              -121.088956,
              38.828811
            ],
            [
              -121.088959,
              38.828748
            ],
            [
              -121.088959,
              38.828321
            ],
            [
              -121.088987,
              38.828203
            ],
            [
              -121.089004,
              38.828132
            ],
            [
              -121.08903,
              38.828019
            ],
            [
              -121.089049,
              38.827938
            ],
            [
              -121.088929,
              38.827649
            ],
            [
              -121.088853,
              38.827447
            ],
            [
              -121.088757,
              38.827196
            ],
            [
              -121.088721,
              38.827101
            ],
            [
              -121.088317,
              38.826756
            ],
            [
              -121.08803,
              38.826511
            ],
            [
              -121.087889,
              38.826391
            ],
            [
              -121.087724,
              38.826287
            ],
            [
              -121.087514,
              38.826155
            ],
            [
              -121.087359,
              38.826053
            ],
            [
              -121.086878,
              38.825738
            ],
            [
              -121.086627,
              38.825598
            ],
            [
              -121.085652,
              38.824914
            ],
            [
              -121.084864,
              38.82435
            ],
            [
              -121.084521,
              38.824104
            ],
            [
              -121.083274,
              38.823211
            ],
            [
              -121.083055,
              38.823054
            ],
            [
              -121.082699,
              38.822374
            ],
            [
              -121.082815,
              38.821588
            ],
            [
              -121.082856,
              38.82131
            ],
            [
              -121.082897,
              38.821031
            ],
            [
              -121.083055,
              38.819964
            ],
            [
              -121.083175,
              38.819665
            ],
            [
              -121.083256,
              38.819465
            ],
            [
              -121.084334,
              38.816808
            ],
            [
              -121.084408,
              38.816625
            ],
            [
              -121.084482,
              38.816442
            ],
            [
              -121.084957,
              38.81601
            ],
            [
              -121.086991,
              38.815281
            ],
            [
              -121.087666,
              38.81504
            ],
            [
              -121.088766,
              38.814647
            ],
            [
              -121.089275,
              38.814465
            ],
            [
              -121.092669,
              38.813961
            ],
            [
              -121.092896,
              38.813927
            ],
            [
              -121.093123,
              38.813893
            ],
            [
              -121.093435,
              38.813847
            ],
            [
              -121.09408,
              38.813962
            ],
            [
              -121.095492,
              38.814214
            ],
            [
              -121.096905,
              38.814467
            ],
            [
              -121.097239,
              38.814527
            ],
            [
              -121.097999,
              38.814709
            ],
            [
              -121.100844,
              38.815392
            ],
            [
              -121.101428,
              38.815282
            ],
            [
              -121.101759,
              38.815222
            ],
            [
              -121.101614,
              38.814327
            ],
            [
              -121.101523,
              38.813766
            ],
            [
              -121.101319,
              38.813538
            ],
            [
              -121.099378,
              38.811654
            ],
            [
              -121.09931,
              38.811523
            ],
            [
              -121.098744,
              38.810418
            ],
            [
              -121.097757,
              38.807328
            ],
            [
              -121.09793,
              38.805211
            ],
            [
              -121.098085,
              38.80333
            ],
            [
              -121.099559,
              38.799671
            ],
            [
              -121.100895,
              38.797485
            ],
            [
              -121.101101,
              38.797177
            ],
            [
              -121.101489,
              38.796847
            ],
            [
              -121.101868,
              38.796641
            ],
            [
              -121.102238,
              38.796204
            ],
            [
              -121.102321,
              38.795908
            ],
            [
              -121.10218,
              38.794439
            ],
            [
              -121.101852,
              38.792865
            ],
            [
              -121.101306,
              38.791419
            ],
            [
              -121.101239,
              38.790534
            ],
            [
              -121.101197,
              38.789972
            ],
            [
              -121.101743,
              38.787973
            ],
            [
              -121.101865,
              38.787737
            ],
            [
              -121.102432,
              38.786642
            ],
            [
              -121.102999,
              38.785548
            ],
            [
              -121.107689,
              38.780122
            ],
            [
              -121.107933,
              38.779632
            ],
            [
              -121.108422,
              38.778652
            ],
            [
              -121.108893,
              38.7778
            ],
            [
              -121.109888,
              38.775999
            ],
            [
              -121.110348,
              38.775429
            ],
            [
              -121.110425,
              38.775334
            ],
            [
              -121.110503,
              38.775238
            ],
            [
              -121.110599,
              38.775119
            ],
            [
              -121.110695,
              38.775
            ],
            [
              -121.110889,
              38.77476
            ],
            [
              -121.111083,
              38.77452
            ],
            [
              -121.111207,
              38.774366
            ],
            [
              -121.111331,
              38.774213
            ],
            [
              -121.111475,
              38.774035
            ],
            [
              -121.111618,
              38.773857
            ],
            [
              -121.111668,
              38.773795
            ],
            [
              -121.113599,
              38.772585
            ],
            [
              -121.1146,
              38.771958
            ],
            [
              -121.115192,
              38.771625
            ],
            [
              -121.117217,
              38.770488
            ],
            [
              -121.118579,
              38.768937
            ],
            [
              -121.119259,
              38.765794
            ],
            [
              -121.118809,
              38.764272
            ],
            [
              -121.118788,
              38.764202
            ],
            [
              -121.118228,
              38.761463
            ],
            [
              -121.117479,
              38.757793
            ],
            [
              -121.117689,
              38.756446
            ],
            [
              -121.119207,
              38.754323
            ],
            [
              -121.119559,
              38.753965
            ],
            [
              -121.120617,
              38.75289
            ],
            [
              -121.12097,
              38.752533
            ],
            [
              -121.121284,
              38.752214
            ],
            [
              -121.121385,
              38.75072
            ],
            [
              -121.121385,
              38.748755
            ],
            [
              -121.12411,
              38.742816
            ],
            [
              -121.12835,
              38.733578
            ],
            [
              -121.129662,
              38.733028
            ],
            [
              -121.133295,
              38.731455
            ],
            [
              -121.133598,
              38.730196
            ],
            [
              -121.132892,
              38.726893
            ],
            [
              -121.132993,
              38.722254
            ],
            [
              -121.133085,
              38.71964
            ],
            [
              -121.133195,
              38.716515
            ],
            [
              -121.133399,
              38.715814
            ],
            [
              -121.134507,
              38.712032
            ],
            [
              -121.139069,
              38.711996
            ],
            [
              -121.139527,
              38.711992
            ],
            [
              -121.139756,
              38.71199
            ],
            [
              -121.140442,
              38.711985
            ],
            [
              -121.140726,
              38.711982
            ],
            [
              -121.141595,
              38.711939
            ],
            [
              -121.142141,
              38.712024
            ],
            [
              -121.142525,
              38.712128
            ],
            [
              -121.142833,
              38.712133
            ],
            [
              -121.143163,
              38.712093
            ],
            [
              -121.143378,
              38.712003
            ],
            [
              -121.143558,
              38.711942
            ],
            [
              -121.145249,
              38.711813
            ],
            [
              -121.145302,
              38.711809
            ],
            [
              -121.146616,
              38.711395
            ],
            [
              -121.149613,
              38.711607
            ],
            [
              -121.170008,
              38.71307
            ],
            [
              -121.170379,
              38.7131
            ],
            [
              -121.171507,
              38.713181
            ],
            [
              -121.172244,
              38.713229
            ],
            [
              -121.173724,
              38.713335
            ],
            [
              -121.175168,
              38.713444
            ],
            [
              -121.175612,
              38.713473
            ],
            [
              -121.176262,
              38.71352
            ],
            [
              -121.177743,
              38.713627
            ],
            [
              -121.180377,
              38.713791
            ],
            [
              -121.181661,
              38.713871
            ],
            [
              -121.181836,
              38.71388
            ],
            [
              -121.182009,
              38.713889
            ],
            [
              -121.182337,
              38.713906
            ],
            [
              -121.182907,
              38.713935
            ],
            [
              -121.182913,
              38.713839
            ],
            [
              -121.183529,
              38.71389
            ],
            [
              -121.184875,
              38.714002
            ],
            [
              -121.185425,
              38.714048
            ],
            [
              -121.186653,
              38.714149
            ],
            [
              -121.186893,
              38.714169
            ],
            [
              -121.18731,
              38.714203
            ],
            [
              -121.188571,
              38.714308
            ],
            [
              -121.189605,
              38.714383
            ],
            [
              -121.19271,
              38.714608
            ],
            [
              -121.193745,
              38.714684
            ],
            [
              -121.193789,
              38.714687
            ],
            [
              -121.193801,
              38.714688
            ],
            [
              -121.194672,
              38.714752
            ],
            [
              -121.197287,
              38.714944
            ],
            [
              -121.198159,
              38.715009
            ],
            [
              -121.199881,
              38.715117
            ],
            [
              -121.205047,
              38.715442
            ],
            [
              -121.206769,
              38.715551
            ],
            [
              -121.207121,
              38.715573
            ],
            [
              -121.208178,
              38.715639
            ],
            [
              -121.208531,
              38.715662
            ],
            [
              -121.208989,
              38.715692
            ],
            [
              -121.210365,
              38.715783
            ],
            [
              -121.210824,
              38.715814
            ],
            [
              -121.211512,
              38.715859
            ],
            [
              -121.213577,
              38.715994
            ],
            [
              -121.214266,
              38.71604
            ],
            [
              -121.214785,
              38.716074
            ],
            [
              -121.216344,
              38.716176
            ],
            [
              -121.216486,
              38.716185
            ],
            [
              -121.216885,
              38.716211
            ],
            [
              -121.21695,
              38.716215
            ],
            [
              -121.216972,
              38.716217
            ],
            [
              -121.218017,
              38.716285
            ],
            [
              -121.221154,
              38.716492
            ],
            [
              -121.221713,
              38.716529
            ],
            [
              -121.222324,
              38.716569
            ],
            [
              -121.22266,
              38.716591
            ],
            [
              -121.222931,
              38.716609
            ],
            [
              -121.225127,
              38.716753
            ],
            [
              -121.225859,
              38.716802
            ],
            [
              -121.226142,
              38.716845
            ],
            [
              -121.226991,
              38.716976
            ],
            [
              -121.227279,
              38.716999
            ],
            [
              -121.227367,
              38.717007
            ],
            [
              -121.227633,
              38.717031
            ],
            [
              -121.227722,
              38.717039
            ],
            [
              -121.232579,
              38.71747
            ],
            [
              -121.233113,
              38.717518
            ],
            [
              -121.233127,
              38.717518
            ],
            [
              -121.233297,
              38.717534
            ],
            [
              -121.234059,
              38.717602
            ],
            [
              -121.234223,
              38.717602
            ],
            [
              -121.234307,
              38.717602
            ],
            [
              -121.234559,
              38.717602
            ],
            [
              -121.234643,
              38.717602
            ],
            [
              -121.234799,
              38.717602
            ],
            [
              -121.235259,
              38.717602
            ],
            [
              -121.235295,
              38.717604
            ],
            [
              -121.235425,
              38.717615
            ],
            [
              -121.236002,
              38.71766
            ],
            [
              -121.236068,
              38.717665
            ],
            [
              -121.237735,
              38.717795
            ],
            [
              -121.238313,
              38.717841
            ],
            [
              -121.238741,
              38.717874
            ],
            [
              -121.240027,
              38.717975
            ],
            [
              -121.24036,
              38.718002
            ],
            [
              -121.240456,
              38.718013
            ],
            [
              -121.240923,
              38.718064
            ],
            [
              -121.242162,
              38.718202
            ],
            [
              -121.242347,
              38.718216
            ],
            [
              -121.242795,
              38.718241
            ],
            [
              -121.244669,
              38.718353
            ],
            [
              -121.250292,
              38.718689
            ],
            [
              -121.252167,
              38.718801
            ],
            [
              -121.252505,
              38.718821
            ],
            [
              -121.253521,
              38.718881
            ],
            [
              -121.25386,
              38.718902
            ],
            [
              -121.253937,
              38.718911
            ],
            [
              -121.254168,
              38.718939
            ],
            [
              -121.254245,
              38.718949
            ],
            [
              -121.254908,
              38.719019
            ],
            [
              -121.256897,
              38.719231
            ],
            [
              -121.25756,
              38.719302
            ],
            [
              -121.257587,
              38.719297
            ],
            [
              -121.257671,
              38.719287
            ],
            [
              -121.2577,
              38.719287
            ],
            [
              -121.25828,
              38.719314
            ],
            [
              -121.260019,
              38.719398
            ],
            [
              -121.2606,
              38.719426
            ],
            [
              -121.260832,
              38.719441
            ],
            [
              -121.261528,
              38.719486
            ],
            [
              -121.26176,
              38.719502
            ],
            [
              -121.261814,
              38.719505
            ],
            [
              -121.261978,
              38.719517
            ],
            [
              -121.262033,
              38.719521
            ],
            [
              -121.262398,
              38.719547
            ],
            [
              -121.263491,
              38.719625
            ],
            [
              -121.263871,
              38.719652
            ],
            [
              -121.263971,
              38.719659
            ],
            [
              -121.264855,
              38.719716
            ],
            [
              -121.265215,
              38.71974
            ],
            [
              -121.265395,
              38.719755
            ],
            [
              -121.265814,
              38.719789
            ],
            [
              -121.267203,
              38.719887
            ],
            [
              -121.269996,
              38.720085
            ],
            [
              -121.27022,
              38.7201
            ],
            [
              -121.270649,
              38.720131
            ],
            [
              -121.270892,
              38.720148
            ],
            [
              -121.271117,
              38.720164
            ],
            [
              -121.271272,
              38.720174
            ],
            [
              -121.271738,
              38.720204
            ],
            [
              -121.271755,
              38.720206
            ],
            [
              -121.271894,
              38.720215
            ],
            [
              -121.272029,
              38.720221
            ],
            [
              -121.272211,
              38.720231
            ],
            [
              -121.272437,
              38.720242
            ],
            [
              -121.272573,
              38.72025
            ],
            [
              -121.272804,
              38.720259
            ],
            [
              -121.273497,
              38.720286
            ],
            [
              -121.273729,
              38.720296
            ],
            [
              -121.27376,
              38.720297
            ],
            [
              -121.273845,
              38.720302
            ],
            [
              -121.273875,
              38.720305
            ],
            [
              -121.274172,
              38.720324
            ],
            [
              -121.275063,
              38.720382
            ],
            [
              -121.275361,
              38.720402
            ],
            [
              -121.275386,
              38.720404
            ],
            [
              -121.275461,
              38.720413
            ],
            [
              -121.275486,
              38.720416
            ],
            [
              -121.275499,
              38.720417
            ],
            [
              -121.27554,
              38.720421
            ],
            [
              -121.275554,
              38.720423
            ],
            [
              -121.275875,
              38.720458
            ],
            [
              -121.276839,
              38.720566
            ],
            [
              -121.277161,
              38.720602
            ],
            [
              -121.277246,
              38.720602
            ],
            [
              -121.277501,
              38.720603
            ],
            [
              -121.277587,
              38.720604
            ],
            [
              -121.277756,
              38.720602
            ],
            [
              -121.278264,
              38.7206
            ],
            [
              -121.278434,
              38.720599
            ],
            [
              -121.278748,
              38.720632
            ],
            [
              -121.279692,
              38.720734
            ],
            [
              -121.280007,
              38.720768
            ],
            [
              -121.280027,
              38.72077
            ],
            [
              -121.280088,
              38.720776
            ],
            [
              -121.280109,
              38.720779
            ],
            [
              -121.28035,
              38.720804
            ],
            [
              -121.281074,
              38.720882
            ],
            [
              -121.281303,
              38.720907
            ],
            [
              -121.281316,
              38.720907
            ],
            [
              -121.281445,
              38.720906
            ],
            [
              -121.281832,
              38.720903
            ],
            [
              -121.281961,
              38.720902
            ],
            [
              -121.282292,
              38.720926
            ],
            [
              -121.283288,
              38.720998
            ],
            [
              -121.28362,
              38.721022
            ],
            [
              -121.283741,
              38.72103
            ],
            [
              -121.284105,
              38.721057
            ],
            [
              -121.284227,
              38.721066
            ],
            [
              -121.285314,
              38.721149
            ],
            [
              -121.288579,
              38.721402
            ],
            [
              -121.288814,
              38.721415
            ],
            [
              -121.289633,
              38.721461
            ],
            [
              -121.289666,
              38.721463
            ],
            [
              -121.289712,
              38.721465
            ],
            [
              -121.28985,
              38.721473
            ],
            [
              -121.289897,
              38.721476
            ],
            [
              -121.289998,
              38.721481
            ],
            [
              -121.290301,
              38.721498
            ],
            [
              -121.290361,
              38.721502
            ],
            [
              -121.290403,
              38.721501
            ],
            [
              -121.292675,
              38.721727
            ],
            [
              -121.293049,
              38.721747
            ],
            [
              -121.293437,
              38.721773
            ],
            [
              -121.293841,
              38.721792
            ],
            [
              -121.295174,
              38.721888
            ],
            [
              -121.296399,
              38.722049
            ],
            [
              -121.296594,
              38.722047
            ],
            [
              -121.29718,
              38.722045
            ],
            [
              -121.297376,
              38.722045
            ],
            [
              -121.297645,
              38.722043
            ],
            [
              -121.297708,
              38.722043
            ],
            [
              -121.298452,
              38.722043
            ],
            [
              -121.298722,
              38.722043
            ],
            [
              -121.298758,
              38.722043
            ],
            [
              -121.298869,
              38.722043
            ],
            [
              -121.298882,
              38.722043
            ],
            [
              -121.298906,
              38.722044
            ],
            [
              -121.299055,
              38.722047
            ],
            [
              -121.299461,
              38.722201
            ],
            [
              -121.299649,
              38.722211
            ],
            [
              -121.300049,
              38.722239
            ],
            [
              -121.300808,
              38.722293
            ],
            [
              -121.30223,
              38.722391
            ],
            [
              -121.30298,
              38.72244
            ],
            [
              -121.304298,
              38.722529
            ],
            [
              -121.305391,
              38.722606
            ],
            [
              -121.305499,
              38.722611
            ],
            [
              -121.305826,
              38.722629
            ],
            [
              -121.305935,
              38.722635
            ],
            [
              -121.306514,
              38.722665
            ],
            [
              -121.308239,
              38.722758
            ],
            [
              -121.308251,
              38.722758
            ],
            [
              -121.30883,
              38.72279
            ],
            [
              -121.308994,
              38.722802
            ],
            [
              -121.309294,
              38.722814
            ],
            [
              -121.30984,
              38.722838
            ],
            [
              -121.310049,
              38.722844
            ],
            [
              -121.310689,
              38.722876
            ],
            [
              -121.311012,
              38.722893
            ],
            [
              -121.311151,
              38.722923
            ],
            [
              -121.31121,
              38.722928
            ],
            [
              -121.311391,
              38.722943
            ],
            [
              -121.311451,
              38.722948
            ],
            [
              -121.311925,
              38.72299
            ],
            [
              -121.312374,
              38.723029
            ],
            [
              -121.312896,
              38.723076
            ],
            [
              -121.313084,
              38.723093
            ],
            [
              -121.314318,
              38.72311
            ],
            [
              -121.314848,
              38.723118
            ],
            [
              -121.314936,
              38.723137
            ],
            [
              -121.315089,
              38.723167
            ],
            [
              -121.315117,
              38.723173
            ],
            [
              -121.315262,
              38.723201
            ],
            [
              -121.315485,
              38.723234
            ],
            [
              -121.315731,
              38.723269
            ],
            [
              -121.315962,
              38.723301
            ],
            [
              -121.316025,
              38.723301
            ],
            [
              -121.316283,
              38.723301
            ],
            [
              -121.316456,
              38.723301
            ],
            [
              -121.316703,
              38.723302
            ],
            [
              -121.316762,
              38.723302
            ],
            [
              -121.316975,
              38.723313
            ],
            [
              -121.317141,
              38.723323
            ],
            [
              -121.317322,
              38.723333
            ],
            [
              -121.317866,
              38.723364
            ],
            [
              -121.318048,
              38.723375
            ],
            [
              -121.318178,
              38.723382
            ],
            [
              -121.31859,
              38.723406
            ],
            [
              -121.322156,
              38.723611
            ],
            [
              -121.325421,
              38.723795
            ],
            [
              -121.327504,
              38.723914
            ],
            [
              -121.327534,
              38.723916
            ],
            [
              -121.336887,
              38.724703
            ],
            [
              -121.337966,
              38.724771
            ],
            [
              -121.341205,
              38.724978
            ],
            [
              -121.342285,
              38.725047
            ],
            [
              -121.343128,
              38.725101
            ],
            [
              -121.345659,
              38.725265
            ],
            [
              -121.346503,
              38.72532
            ],
            [
              -121.347808,
              38.725401
            ],
            [
              -121.351724,
              38.725646
            ],
            [
              -121.35303,
              38.725728
            ],
            [
              -121.353444,
              38.725754
            ],
            [
              -121.354686,
              38.725833
            ],
            [
              -121.355101,
              38.72586
            ],
            [
              -121.35524,
              38.725868
            ],
            [
              -121.355356,
              38.725875
            ],
            [
              -121.35566,
              38.725895
            ],
            [
              -121.355685,
              38.725897
            ],
            [
              -121.3558,
              38.725904
            ],
            [
              -121.355971,
              38.725915
            ],
            [
              -121.356484,
              38.725948
            ],
            [
              -121.356655,
              38.725959
            ],
            [
              -121.35682,
              38.725969
            ],
            [
              -121.356841,
              38.72597
            ],
            [
              -121.357399,
              38.726006
            ],
            [
              -121.357586,
              38.726018
            ],
            [
              -121.357646,
              38.726022
            ],
            [
              -121.35838,
              38.726068
            ],
            [
              -121.360463,
              38.726201
            ],
            [
              -121.360763,
              38.726226
            ],
            [
              -121.361557,
              38.726292
            ],
            [
              -121.361663,
              38.726301
            ],
            [
              -121.362114,
              38.726331
            ],
            [
              -121.362162,
              38.726334
            ],
            [
              -121.363978,
              38.726455
            ],
            [
              -121.364584,
              38.726496
            ],
            [
              -121.366385,
              38.726633
            ],
            [
              -121.371791,
              38.727046
            ],
            [
              -121.373593,
              38.727184
            ],
            [
              -121.37365,
              38.727188
            ],
            [
              -121.375206,
              38.727306
            ],
            [
              -121.380045,
              38.727673
            ],
            [
              -121.381658,
              38.727796
            ],
            [
              -121.383818,
              38.72796
            ],
            [
              -121.388859,
              38.728345
            ],
            [
              -121.38976,
              38.728413
            ],
            [
              -121.390301,
              38.728454
            ],
            [
              -121.392462,
              38.728619
            ],
            [
              -121.393447,
              38.728676
            ],
            [
              -121.394315,
              38.728727
            ],
            [
              -121.396402,
              38.728848
            ],
            [
              -121.397328,
              38.728902
            ],
            [
              -121.397388,
              38.728906
            ],
            [
              -121.397784,
              38.728936
            ],
            [
              -121.398462,
              38.728986
            ],
            [
              -121.401685,
              38.729228
            ],
            [
              -121.40276,
              38.729309
            ],
            [
              -121.404411,
              38.729431
            ],
            [
              -121.409365,
              38.729797
            ],
            [
              -121.411017,
              38.72992
            ],
            [
              -121.412834,
              38.730034
            ],
            [
              -121.418286,
              38.730378
            ],
            [
              -121.420104,
              38.730493
            ],
            [
              -121.421976,
              38.730607
            ],
            [
              -121.427591,
              38.730952
            ],
            [
              -121.429464,
              38.731067
            ],
            [
              -121.429783,
              38.731088
            ],
            [
              -121.430739,
              38.731153
            ],
            [
              -121.430993,
              38.731171
            ],
            [
              -121.431059,
              38.731175
            ],
            [
              -121.431546,
              38.731208
            ],
            [
              -121.433009,
              38.731307
            ],
            [
              -121.433497,
              38.731341
            ],
            [
              -121.434607,
              38.731414
            ],
            [
              -121.43794,
              38.731635
            ],
            [
              -121.439051,
              38.731709
            ],
            [
              -121.43955,
              38.731741
            ],
            [
              -121.441048,
              38.731837
            ],
            [
              -121.441548,
              38.731869
            ],
            [
              -121.442597,
              38.731937
            ],
            [
              -121.445745,
              38.732142
            ],
            [
              -121.446758,
              38.732208
            ],
            [
              -121.446795,
              38.73221
            ],
            [
              -121.447001,
              38.732223
            ],
            [
              -121.447619,
              38.732263
            ],
            [
              -121.447826,
              38.732277
            ],
            [
              -121.448232,
              38.732303
            ],
            [
              -121.448537,
              38.732324
            ],
            [
              -121.45067,
              38.732465
            ],
            [
              -121.451382,
              38.732513
            ],
            [
              -121.452028,
              38.732553
            ],
            [
              -121.453966,
              38.732675
            ],
            [
              -121.454613,
              38.732716
            ],
            [
              -121.454636,
              38.732717
            ],
            [
              -121.455209,
              38.732752
            ],
            [
              -121.456997,
              38.732865
            ],
            [
              -121.457565,
              38.732901
            ],
            [
              -121.457594,
              38.732903
            ],
            [
              -121.459391,
              38.733
            ],
            [
              -121.464785,
              38.733294
            ],
            [
              -121.466557,
              38.733391
            ],
            [
              -121.466583,
              38.733393
            ],
            [
              -121.467761,
              38.733479
            ],
            [
              -121.471297,
              38.733737
            ],
            [
              -121.472018,
              38.73379
            ],
            [
              -121.472321,
              38.733812
            ],
            [
              -121.472476,
              38.733823
            ],
            [
              -121.472594,
              38.733835
            ],
            [
              -121.472635,
              38.73384
            ],
            [
              -121.472949,
              38.733874
            ],
            [
              -121.473068,
              38.733888
            ],
            [
              -121.473138,
              38.733894
            ],
            [
              -121.47335,
              38.733912
            ],
            [
              -121.473421,
              38.733918
            ],
            [
              -121.473551,
              38.733935
            ],
            [
              -121.473943,
              38.733988
            ],
            [
              -121.474074,
              38.734006
            ],
            [
              -121.476138,
              38.734124
            ],
            [
              -121.482331,
              38.734479
            ],
            [
              -121.484279,
              38.734591
            ],
            [
              -121.484396,
              38.734598
            ],
            [
              -121.484399,
              38.737844
            ],
            [
              -121.484405,
              38.743609
            ],
            [
              -121.484424,
              38.745965
            ],
            [
              -121.484426,
              38.746333
            ],
            [
              -121.484427,
              38.746584
            ],
            [
              -121.484429,
              38.746975
            ],
            [
              -121.484433,
              38.747475
            ],
            [
              -121.484437,
              38.748145
            ],
            [
              -121.484441,
              38.748532
            ],
            [
              -121.484441,
              38.748773
            ],
            [
              -121.484441,
              38.749484
            ],
            [
              -121.484442,
              38.749722
            ],
            [
              -121.484441,
              38.750048
            ],
            [
              -121.48444,
              38.751027
            ],
            [
              -121.48444,
              38.751354
            ],
            [
              -121.484298,
              38.75136
            ],
            [
              -121.484075,
              38.751371
            ],
            [
              -121.483872,
              38.751371
            ],
            [
              -121.483731,
              38.751372
            ],
            [
              -121.483636,
              38.751374
            ],
            [
              -121.4836,
              38.751375
            ],
            [
              -121.48321,
              38.751382
            ],
            [
              -121.483153,
              38.751385
            ],
            [
              -121.48308,
              38.751387
            ],
            [
              -121.483066,
              38.751388
            ],
            [
              -121.482407,
              38.751393
            ],
            [
              -121.480388,
              38.751414
            ],
            [
              -121.480014,
              38.751418
            ],
            [
              -121.479716,
              38.751422
            ],
            [
              -121.479325,
              38.751434
            ],
            [
              -121.478999,
              38.751445
            ],
            [
              -121.478153,
              38.751458
            ],
            [
              -121.478034,
              38.751461
            ],
            [
              -121.477807,
              38.751464
            ],
            [
              -121.477763,
              38.751465
            ],
            [
              -121.476153,
              38.751491
            ],
            [
              -121.471324,
              38.751575
            ],
            [
              -121.469753,
              38.751603
            ],
            [
              -121.469803,
              38.751939
            ],
            [
              -121.469808,
              38.75301
            ],
            [
              -121.469805,
              38.753617
            ],
            [
              -121.469776,
              38.759673
            ],
            [
              -121.469767,
              38.761635
            ],
            [
              -121.469767,
              38.761694
            ],
            [
              -121.469773,
              38.764015
            ],
            [
              -121.469775,
              38.764817
            ],
            [
              -121.469778,
              38.766103
            ],
            [
              -121.469791,
              38.770979
            ],
            [
              -121.469798,
              38.773301
            ],
            [
              -121.469798,
              38.773365
            ],
            [
              -121.469798,
              38.773376
            ],
            [
              -121.469782,
              38.774766
            ],
            [
              -121.469734,
              38.779163
            ],
            [
              -121.469718,
              38.780629
            ],
            [
              -121.469703,
              38.781537
            ],
            [
              -121.469661,
              38.784264
            ],
            [
              -121.46965,
              38.785003
            ],
            [
              -121.469653,
              38.785173
            ],
            [
              -121.469653,
              38.785185
            ],
            [
              -121.469661,
              38.785767
            ],
            [
              -121.469688,
              38.787549
            ],
            [
              -121.469695,
              38.788003
            ],
            [
              -121.469693,
              38.788144
            ],
            [
              -121.469683,
              38.788749
            ],
            [
              -121.469657,
              38.790564
            ],
            [
              -121.469649,
              38.791126
            ],
            [
              -121.469645,
              38.791169
            ],
            [
              -121.469639,
              38.791238
            ],
            [
              -121.469622,
              38.791448
            ],
            [
              -121.469617,
              38.791518
            ],
            [
              -121.4696,
              38.791722
            ],
            [
              -121.469603,
              38.792155
            ],
            [
              -121.469618,
              38.79407
            ],
            [
              -121.469624,
              38.794709
            ],
            [
              -121.469624,
              38.794807
            ],
            [
              -121.469627,
              38.7951
            ],
            [
              -121.469628,
              38.795199
            ],
            [
              -121.469689,
              38.796299
            ],
            [
              -121.469878,
              38.799605
            ],
            [
              -121.469942,
              38.800707
            ],
            [
              -121.469946,
              38.800763
            ],
            [
              -121.469888,
              38.801819
            ],
            [
              -121.469708,
              38.805155
            ],
            [
              -121.469648,
              38.806268
            ],
            [
              -121.469645,
              38.806554
            ],
            [
              -121.469638,
              38.807652
            ],
            [
              -121.469617,
              38.811807
            ],
            [
              -121.469612,
              38.813195
            ],
            [
              -121.46964,
              38.814748
            ],
            [
              -121.469656,
              38.814764
            ],
            [
              -121.46968,
              38.814773
            ],
            [
              -121.4697,
              38.815458
            ],
            [
              -121.469687,
              38.815489
            ],
            [
              -121.469684,
              38.815624
            ],
            [
              -121.46969,
              38.815755
            ],
            [
              -121.469686,
              38.815787
            ],
            [
              -121.469687,
              38.815899
            ],
            [
              -121.469714,
              38.815972
            ],
            [
              -121.469694,
              38.817125
            ],
            [
              -121.469698,
              38.817228
            ],
            [
              -121.469726,
              38.817382
            ],
            [
              -121.469693,
              38.817566
            ],
            [
              -121.469717,
              38.817702
            ],
            [
              -121.469713,
              38.81822
            ],
            [
              -121.469719,
              38.818715
            ],
            [
              -121.469725,
              38.818797
            ],
            [
              -121.469708,
              38.818828
            ],
            [
              -121.469705,
              38.818968
            ],
            [
              -121.46971,
              38.819103
            ],
            [
              -121.469704,
              38.819247
            ],
            [
              -121.469724,
              38.820464
            ],
            [
              -121.469715,
              38.820621
            ],
            [
              -121.469729,
              38.820711
            ],
            [
              -121.469713,
              38.820891
            ],
            [
              -121.469714,
              38.822085
            ],
            [
              -121.469692,
              38.822126
            ],
            [
              -121.469708,
              38.82232
            ],
            [
              -121.469701,
              38.822504
            ],
            [
              -121.469711,
              38.822554
            ],
            [
              -121.469702,
              38.823775
            ],
            [
              -121.469731,
              38.82401
            ],
            [
              -121.469727,
              38.824041
            ],
            [
              -121.469755,
              38.824136
            ],
            [
              -121.469804,
              38.824245
            ],
            [
              -121.469809,
              38.824279
            ],
            [
              -121.469828,
              38.824421
            ],
            [
              -121.469822,
              38.825412
            ],
            [
              -121.469809,
              38.825443
            ],
            [
              -121.469821,
              38.825691
            ],
            [
              -121.469805,
              38.825862
            ],
            [
              -121.469788,
              38.827042
            ],
            [
              -121.4698,
              38.827732
            ],
            [
              -121.469791,
              38.828083
            ],
            [
              -121.469797,
              38.82866
            ],
            [
              -121.469802,
              38.828687
            ],
            [
              -121.469785,
              38.828718
            ],
            [
              -121.469793,
              38.828975
            ],
            [
              -121.469781,
              38.829137
            ],
            [
              -121.469776,
              38.830246
            ],
            [
              -121.469788,
              38.83048
            ],
            [
              -121.469763,
              38.830619
            ],
            [
              -121.469778,
              38.830795
            ],
            [
              -121.469779,
              38.831614
            ],
            [
              -121.46978,
              38.83171
            ],
            [
              -121.469788,
              38.831728
            ],
            [
              -121.469754,
              38.831773
            ],
            [
              -121.469756,
              38.83193
            ],
            [
              -121.469774,
              38.832007
            ],
            [
              -121.469767,
              38.832124
            ],
            [
              -121.469777,
              38.832269
            ],
            [
              -121.469763,
              38.832597
            ],
            [
              -121.469765,
              38.832741
            ],
            [
              -121.469738,
              38.833471
            ],
            [
              -121.469754,
              38.833512
            ],
            [
              -121.469767,
              38.833652
            ],
            [
              -121.469746,
              38.833696
            ],
            [
              -121.46976,
              38.833845
            ],
            [
              -121.469759,
              38.83494
            ],
            [
              -121.469739,
              38.835102
            ],
            [
              -121.469753,
              38.835129
            ],
            [
              -121.469746,
              38.8353
            ],
            [
              -121.469741,
              38.835949
            ],
            [
              -121.469746,
              38.836458
            ],
            [
              -121.469721,
              38.836571
            ],
            [
              -121.469718,
              38.836683
            ],
            [
              -121.469738,
              38.836859
            ],
            [
              -121.46972,
              38.83689
            ],
            [
              -121.469735,
              38.837066
            ],
            [
              -121.469738,
              38.837274
            ],
            [
              -121.469724,
              38.838048
            ],
            [
              -121.469713,
              38.838206
            ],
            [
              -121.469723,
              38.838256
            ],
            [
              -121.469716,
              38.838427
            ],
            [
              -121.469727,
              38.838684
            ],
            [
              -121.469754,
              38.838702
            ],
            [
              -121.469728,
              38.838724
            ],
            [
              -121.469725,
              38.838973
            ],
            [
              -121.469717,
              38.839657
            ],
            [
              -121.469701,
              38.839841
            ],
            [
              -121.469715,
              38.839909
            ],
            [
              -121.469707,
              38.839972
            ],
            [
              -121.469708,
              38.840004
            ],
            [
              -121.469726,
              38.84008
            ],
            [
              -121.469713,
              38.840652
            ],
            [
              -121.469712,
              38.84117
            ],
            [
              -121.469719,
              38.841418
            ],
            [
              -121.4697,
              38.841486
            ],
            [
              -121.469691,
              38.84167
            ],
            [
              -121.46971,
              38.841747
            ],
            [
              -121.469699,
              38.842878
            ],
            [
              -121.469681,
              38.843062
            ],
            [
              -121.469691,
              38.843125
            ],
            [
              -121.469675,
              38.843296
            ],
            [
              -121.469688,
              38.843328
            ],
            [
              -121.469675,
              38.844103
            ],
            [
              -121.469739,
              38.844491
            ],
            [
              -121.469933,
              38.845658
            ],
            [
              -121.469998,
              38.846047
            ],
            [
              -121.469998,
              38.84611
            ],
            [
              -121.469989,
              38.847586
            ],
            [
              -121.469963,
              38.852206
            ],
            [
              -121.469955,
              38.853746
            ],
            [
              -121.469949,
              38.854662
            ],
            [
              -121.469935,
              38.857413
            ],
            [
              -121.469931,
              38.85833
            ],
            [
              -121.469924,
              38.858633
            ],
            [
              -121.469904,
              38.859545
            ],
            [
              -121.469898,
              38.859849
            ],
            [
              -121.46987,
              38.861449
            ],
            [
              -121.46987,
              38.861488
            ],
            [
              -121.469853,
              38.862756
            ],
            [
              -121.469852,
              38.862826
            ],
            [
              -121.469851,
              38.862895
            ],
            [
              -121.46985,
              38.863003
            ],
            [
              -121.469848,
              38.863111
            ],
            [
              -121.469796,
              38.86625
            ],
            [
              -121.46977,
              38.867851
            ],
            [
              -121.46977,
              38.867873
            ],
            [
              -121.469744,
              38.870508
            ],
            [
              -121.469734,
              38.871636
            ],
            [
              -121.469669,
              38.878482
            ],
            [
              -121.469645,
              38.881141
            ],
            [
              -121.469644,
              38.881164
            ],
            [
              -121.469644,
              38.881233
            ],
            [
              -121.469644,
              38.881257
            ],
            [
              -121.46963,
              38.88242
            ],
            [
              -121.469608,
              38.884391
            ],
            [
              -121.469546,
              38.890006
            ],
            [
              -121.469536,
              38.890836
            ],
            [
              -121.469502,
              38.893796
            ],
            [
              -121.469468,
              38.896766
            ],
            [
              -121.469469,
              38.896931
            ],
            [
              -121.46947,
              38.896947
            ],
            [
              -121.469484,
              38.898745
            ],
            [
              -121.469532,
              38.904191
            ],
            [
              -121.469548,
              38.906008
            ],
            [
              -121.46954,
              38.906557
            ],
            [
              -121.469521,
              38.907857
            ],
            [
              -121.469445,
              38.913406
            ],
            [
              -121.469423,
              38.915057
            ],
            [
              -121.46942,
              38.915256
            ],
            [
              -121.469409,
              38.916048
            ],
            [
              -121.46938,
              38.918425
            ],
            [
              -121.469372,
              38.919218
            ],
            [
              -121.469367,
              38.920571
            ],
            [
              -121.469359,
              38.924636
            ],
            [
              -121.469356,
              38.925992
            ],
            [
              -121.468254,
              38.925997
            ],
            [
              -121.46811,
              38.925998
            ],
            [
              -121.464375,
              38.926018
            ],
            [
              -121.463131,
              38.926025
            ],
            [
              -121.462312,
              38.926025
            ],
            [
              -121.459859,
              38.926032
            ],
            [
              -121.459042,
              38.926035
            ],
            [
              -121.458685,
              38.926035
            ],
            [
              -121.457616,
              38.926039
            ],
            [
              -121.45726,
              38.92604
            ],
            [
              -121.45617,
              38.926048
            ],
            [
              -121.4529,
              38.926079
            ],
            [
              -121.451811,
              38.926089
            ],
            [
              -121.451782,
              38.92609
            ],
            [
              -121.445848,
              38.926123
            ],
            [
              -121.438081,
              38.926167
            ],
            [
              -121.427961,
              38.926223
            ],
            [
              -121.421999,
              38.926258
            ],
            [
              -121.420939,
              38.926249
            ],
            [
              -121.420523,
              38.926246
            ],
            [
              -121.416098,
              38.92622
            ],
            [
              -121.414624,
              38.926214
            ],
            [
              -121.414584,
              38.926298
            ],
            [
              -121.414546,
              38.92628
            ],
            [
              -121.41443,
              38.926227
            ],
            [
              -121.414399,
              38.926214
            ],
            [
              -121.414399,
              38.92625
            ],
            [
              -121.414398,
              38.928449
            ],
            [
              -121.414398,
              38.930186
            ],
            [
              -121.414397,
              38.931275
            ],
            [
              -121.414397,
              38.935158
            ],
            [
              -121.414396,
              38.937329
            ],
            [
              -121.414397,
              38.937396
            ],
            [
              -121.414396,
              38.937557
            ],
            [
              -121.414394,
              38.938043
            ],
            [
              -121.414395,
              38.938205
            ],
            [
              -121.414394,
              38.938292
            ],
            [
              -121.414394,
              38.938556
            ],
            [
              -121.414395,
              38.938646
            ],
            [
              -121.414397,
              38.939094
            ],
            [
              -121.41441,
              38.940438
            ],
            [
              -121.414413,
              38.94085
            ],
            [
              -121.414416,
              38.941227
            ],
            [
              -121.414479,
              38.948599
            ],
            [
              -121.41448,
              38.948615
            ],
            [
              -121.414481,
              38.94866
            ],
            [
              -121.414482,
              38.948675
            ],
            [
              -121.414483,
              38.949448
            ],
            [
              -121.414487,
              38.951767
            ],
            [
              -121.414489,
              38.952501
            ],
            [
              -121.414489,
              38.952541
            ],
            [
              -121.414482,
              38.953098
            ],
            [
              -121.414461,
              38.954769
            ],
            [
              -121.414455,
              38.955327
            ],
            [
              -121.414454,
              38.955361
            ],
            [
              -121.41445,
              38.955464
            ],
            [
              -121.41445,
              38.955499
            ],
            [
              -121.414428,
              38.956184
            ],
            [
              -121.414403,
              38.957024
            ],
            [
              -121.414379,
              38.958242
            ],
            [
              -121.414375,
              38.958492
            ],
            [
              -121.414502,
              38.958873
            ],
            [
              -121.414522,
              38.958902
            ],
            [
              -121.414548,
              38.958935
            ],
            [
              -121.414585,
              38.958979
            ],
            [
              -121.414591,
              38.959051
            ],
            [
              -121.414595,
              38.959096
            ],
            [
              -121.414595,
              38.95917
            ],
            [
              -121.414602,
              38.960149
            ],
            [
              -121.414623,
              38.963311
            ],
            [
              -121.414631,
              38.964366
            ],
            [
              -121.414634,
              38.964414
            ],
            [
              -121.414646,
              38.964562
            ],
            [
              -121.414651,
              38.964612
            ],
            [
              -121.414655,
              38.965848
            ],
            [
              -121.414667,
              38.968902
            ],
            [
              -121.414679,
              38.969561
            ],
            [
              -121.414691,
              38.970199
            ],
            [
              -121.414685,
              38.970734
            ],
            [
              -121.414684,
              38.970751
            ],
            [
              -121.414683,
              38.970798
            ],
            [
              -121.414685,
              38.970964
            ],
            [
              -121.414687,
              38.971465
            ],
            [
              -121.414689,
              38.971633
            ],
            [
              -121.414695,
              38.972541
            ],
            [
              -121.414717,
              38.975268
            ],
            [
              -121.414725,
              38.976131
            ],
            [
              -121.414727,
              38.976179
            ],
            [
              -121.414727,
              38.976413
            ],
            [
              -121.41473,
              38.977119
            ],
            [
              -121.414731,
              38.977224
            ],
            [
              -121.414732,
              38.977357
            ],
            [
              -121.414732,
              38.97739
            ],
            [
              -121.414731,
              38.977492
            ],
            [
              -121.414731,
              38.977526
            ],
            [
              -121.414725,
              38.977906
            ],
            [
              -121.41471,
              38.979048
            ],
            [
              -121.414709,
              38.979198
            ],
            [
              -121.414714,
              38.979429
            ],
            [
              -121.414723,
              38.979448
            ],
            [
              -121.414714,
              38.979723
            ],
            [
              -121.414716,
              38.980605
            ],
            [
              -121.414717,
              38.980899
            ],
            [
              -121.414734,
              38.982084
            ],
            [
              -121.414787,
              38.985642
            ],
            [
              -121.414804,
              38.986717
            ],
            [
              -121.414806,
              38.986829
            ],
            [
              -121.414809,
              38.986847
            ],
            [
              -121.41481,
              38.987042
            ],
            [
              -121.414818,
              38.987689
            ],
            [
              -121.414822,
              38.987908
            ],
            [
              -121.414829,
              38.988274
            ],
            [
              -121.414831,
              38.988712
            ],
            [
              -121.41484,
              38.991133
            ],
            [
              -121.414846,
              38.991905
            ],
            [
              -121.414843,
              38.991941
            ],
            [
              -121.414815,
              38.992242
            ],
            [
              -121.414796,
              38.992578
            ],
            [
              -121.414692,
              38.99449
            ],
            [
              -121.414666,
              38.994964
            ],
            [
              -121.414654,
              38.995128
            ],
            [
              -121.414652,
              38.995305
            ],
            [
              -121.414651,
              38.995539
            ],
            [
              -121.414634,
              38.995836
            ],
            [
              -121.414625,
              38.996014
            ],
            [
              -121.414779,
              38.996452
            ],
            [
              -121.414765,
              38.997104
            ],
            [
              -121.414787,
              38.998418
            ],
            [
              -121.414569,
              38.998472
            ],
            [
              -121.412119,
              38.998993
            ],
            [
              -121.407894,
              38.99905
            ],
            [
              -121.407307,
              38.999374
            ],
            [
              -121.406712,
              38.999768
            ],
            [
              -121.40659,
              38.999895
            ],
            [
              -121.406578,
              38.999908
            ],
            [
              -121.406499,
              38.999992
            ],
            [
              -121.406332,
              39.000165
            ],
            [
              -121.40647,
              39.000237
            ],
            [
              -121.406466,
              39.000275
            ],
            [
              -121.406453,
              39.000376
            ],
            [
              -121.406385,
              39.000461
            ],
            [
              -121.406351,
              39.000527
            ],
            [
              -121.40634,
              39.000561
            ],
            [
              -121.406304,
              39.000626
            ],
            [
              -121.406259,
              39.000688
            ],
            [
              -121.406219,
              39.000753
            ],
            [
              -121.406116,
              39.00087
            ],
            [
              -121.406021,
              39.000948
            ],
            [
              -121.405466,
              39.001372
            ],
            [
              -121.40539,
              39.001413
            ],
            [
              -121.405323,
              39.001462
            ],
            [
              -121.405178,
              39.001551
            ],
            [
              -121.404976,
              39.001637
            ],
            [
              -121.404939,
              39.001659
            ],
            [
              -121.404692,
              39.001753
            ],
            [
              -121.404656,
              39.001776
            ],
            [
              -121.404154,
              39.001954
            ],
            [
              -121.404116,
              39.001974
            ],
            [
              -121.403992,
              39.002021
            ],
            [
              -121.403916,
              39.002062
            ],
            [
              -121.403808,
              39.00213
            ],
            [
              -121.403672,
              39.002226
            ],
            [
              -121.403633,
              39.002245
            ],
            [
              -121.403598,
              39.002268
            ],
            [
              -121.403253,
              39.002554
            ],
            [
              -121.403197,
              39.002611
            ],
            [
              -121.403067,
              39.002712
            ],
            [
              -121.40301,
              39.002768
            ],
            [
              -121.402961,
              39.002829
            ],
            [
              -121.402873,
              39.002911
            ],
            [
              -121.402819,
              39.002969
            ],
            [
              -121.402801,
              39.003002
            ],
            [
              -121.402708,
              39.003124
            ],
            [
              -121.402624,
              39.00321
            ],
            [
              -121.402579,
              39.003272
            ],
            [
              -121.402391,
              39.003429
            ],
            [
              -121.402288,
              39.003499
            ],
            [
              -121.402215,
              39.003543
            ],
            [
              -121.402139,
              39.003583
            ],
            [
              -121.402069,
              39.00363
            ],
            [
              -121.402003,
              39.003651
            ],
            [
              -121.401733,
              39.0037
            ],
            [
              -121.401645,
              39.003722
            ],
            [
              -121.40151,
              39.00374
            ],
            [
              -121.401385,
              39.003783
            ],
            [
              -121.401277,
              39.00385
            ],
            [
              -121.401219,
              39.003905
            ],
            [
              -121.401126,
              39.003984
            ],
            [
              -121.401082,
              39.004046
            ],
            [
              -121.401006,
              39.004136
            ],
            [
              -121.400939,
              39.004229
            ],
            [
              -121.400797,
              39.00437
            ],
            [
              -121.400667,
              39.004472
            ],
            [
              -121.400364,
              39.004693
            ],
            [
              -121.400291,
              39.004737
            ],
            [
              -121.400188,
              39.004809
            ],
            [
              -121.40015,
              39.004829
            ],
            [
              -121.400015,
              39.004928
            ],
            [
              -121.399944,
              39.004974
            ],
            [
              -121.399708,
              39.005087
            ],
            [
              -121.399666,
              39.005102
            ],
            [
              -121.399586,
              39.005139
            ],
            [
              -121.39951,
              39.00518
            ],
            [
              -121.398924,
              39.005388
            ],
            [
              -121.398707,
              39.005449
            ],
            [
              -121.3985,
              39.005522
            ],
            [
              -121.398455,
              39.005529
            ],
            [
              -121.398297,
              39.005604
            ],
            [
              -121.398261,
              39.005626
            ],
            [
              -121.398057,
              39.005709
            ],
            [
              -121.398019,
              39.00573
            ],
            [
              -121.397979,
              39.005746
            ],
            [
              -121.397935,
              39.005758
            ],
            [
              -121.39782,
              39.005818
            ],
            [
              -121.397659,
              39.005888
            ],
            [
              -121.397648,
              39.005988
            ],
            [
              -121.397448,
              39.006676
            ],
            [
              -121.397065,
              39.008006
            ],
            [
              -121.397001,
              39.008248
            ],
            [
              -121.396968,
              39.008332
            ],
            [
              -121.39696,
              39.008373
            ],
            [
              -121.396969,
              39.008394
            ],
            [
              -121.396944,
              39.008428
            ],
            [
              -121.396928,
              39.008511
            ],
            [
              -121.396913,
              39.008746
            ],
            [
              -121.396902,
              39.008932
            ],
            [
              -121.396904,
              39.009035
            ],
            [
              -121.396891,
              39.009152
            ],
            [
              -121.396859,
              39.009461
            ],
            [
              -121.396509,
              39.009644
            ],
            [
              -121.395544,
              39.010237
            ],
            [
              -121.39522,
              39.010454
            ],
            [
              -121.392959,
              39.010824
            ],
            [
              -121.391024,
              39.012033
            ],
            [
              -121.389716,
              39.012754
            ],
            [
              -121.389226,
              39.013299
            ],
            [
              -121.3889,
              39.013665
            ],
            [
              -121.38827,
              39.014495
            ],
            [
              -121.384548,
              39.014495
            ],
            [
              -121.384597,
              39.015518
            ],
            [
              -121.384928,
              39.015744
            ],
            [
              -121.385813,
              39.016348
            ],
            [
              -121.385272,
              39.017369
            ],
            [
              -121.385188,
              39.017528
            ],
            [
              -121.385089,
              39.017718
            ],
            [
              -121.384787,
              39.017841
            ],
            [
              -121.384621,
              39.017909
            ],
            [
              -121.383636,
              39.018313
            ],
            [
              -121.380682,
              39.019528
            ],
            [
              -121.379698,
              39.019933
            ],
            [
              -121.378321,
              39.020499
            ],
            [
              -121.377072,
              39.021014
            ],
            [
              -121.376067,
              39.023222
            ],
            [
              -121.375767,
              39.023844
            ],
            [
              -121.37525,
              39.024919
            ],
            [
              -121.375038,
              39.025126
            ],
            [
              -121.374925,
              39.025235
            ],
            [
              -121.374589,
              39.025564
            ],
            [
              -121.374477,
              39.025675
            ],
            [
              -121.373057,
              39.027065
            ],
            [
              -121.37238,
              39.02773
            ],
            [
              -121.368073,
              39.030295
            ],
            [
              -121.367989,
              39.030345
            ],
            [
              -121.367177,
              39.030829
            ],
            [
              -121.366366,
              39.031312
            ],
            [
              -121.365979,
              39.031542
            ],
            [
              -121.365643,
              39.031743
            ],
            [
              -121.365258,
              39.031817
            ],
            [
              -121.365127,
              39.031844
            ],
            [
              -121.365023,
              39.031866
            ],
            [
              -121.36487,
              39.031898
            ],
            [
              -121.364792,
              39.031914
            ],
            [
              -121.364411,
              39.031994
            ],
            [
              -121.364301,
              39.032017
            ],
            [
              -121.364259,
              39.032009
            ],
            [
              -121.363519,
              39.032152
            ],
            [
              -121.363275,
              39.032199
            ],
            [
              -121.361185,
              39.032601
            ],
            [
              -121.36038,
              39.032311
            ],
            [
              -121.359853,
              39.031682
            ],
            [
              -121.359292,
              39.031013
            ],
            [
              -121.359105,
              39.030418
            ],
            [
              -121.358783,
              39.030226
            ],
            [
              -121.358383,
              39.030213
            ],
            [
              -121.353865,
              39.031303
            ],
            [
              -121.35169,
              39.032646
            ],
            [
              -121.350677,
              39.033271
            ],
            [
              -121.350293,
              39.033508
            ],
            [
              -121.350182,
              39.033576
            ],
            [
              -121.34991,
              39.033745
            ],
            [
              -121.348761,
              39.034454
            ],
            [
              -121.345282,
              39.035539
            ],
            [
              -121.343591,
              39.036067
            ],
            [
              -121.343177,
              39.036197
            ],
            [
              -121.342915,
              39.03628
            ],
            [
              -121.342499,
              39.036368
            ],
            [
              -121.342275,
              39.036415
            ],
            [
              -121.341965,
              39.036471
            ],
            [
              -121.34191,
              39.036478
            ],
            [
              -121.341482,
              39.036539
            ],
            [
              -121.341469,
              39.036547
            ],
            [
              -121.341347,
              39.036599
            ],
            [
              -121.34122,
              39.036643
            ],
            [
              -121.341025,
              39.036741
            ],
            [
              -121.340816,
              39.036883
            ],
            [
              -121.340798,
              39.036897
            ],
            [
              -121.340689,
              39.036988
            ],
            [
              -121.340574,
              39.037048
            ],
            [
              -121.340501,
              39.037093
            ],
            [
              -121.340407,
              39.037172
            ],
            [
              -121.340323,
              39.037257
            ],
            [
              -121.340209,
              39.037311
            ],
            [
              -121.340085,
              39.037361
            ],
            [
              -121.339968,
              39.037419
            ],
            [
              -121.339807,
              39.037492
            ],
            [
              -121.339765,
              39.037505
            ],
            [
              -121.339625,
              39.037497
            ],
            [
              -121.339486,
              39.037503
            ],
            [
              -121.339395,
              39.03752
            ],
            [
              -121.339307,
              39.037543
            ],
            [
              -121.339015,
              39.037655
            ],
            [
              -121.338887,
              39.037697
            ],
            [
              -121.338804,
              39.037729
            ],
            [
              -121.338693,
              39.037765
            ],
            [
              -121.338633,
              39.037785
            ],
            [
              -121.33847,
              39.037855
            ],
            [
              -121.3383,
              39.037913
            ],
            [
              -121.338081,
              39.037975
            ],
            [
              -121.338004,
              39.038014
            ],
            [
              -121.33797,
              39.038037
            ],
            [
              -121.3379,
              39.038085
            ],
            [
              -121.337807,
              39.038122
            ],
            [
              -121.337776,
              39.038135
            ],
            [
              -121.337603,
              39.03819
            ],
            [
              -121.33752,
              39.038275
            ],
            [
              -121.337489,
              39.038301
            ],
            [
              -121.337419,
              39.038348
            ],
            [
              -121.337354,
              39.0384
            ],
            [
              -121.337344,
              39.038406
            ],
            [
              -121.337187,
              39.038503
            ],
            [
              -121.337112,
              39.038522
            ],
            [
              -121.337038,
              39.03854
            ],
            [
              -121.336583,
              39.038651
            ],
            [
              -121.336416,
              39.038679
            ],
            [
              -121.336306,
              39.038698
            ],
            [
              -121.336195,
              39.038717
            ],
            [
              -121.335749,
              39.038792
            ],
            [
              -121.335488,
              39.039026
            ],
            [
              -121.335058,
              39.03941
            ],
            [
              -121.334629,
              39.039793
            ],
            [
              -121.334016,
              39.04034
            ],
            [
              -121.333404,
              39.040888
            ],
            [
              -121.333023,
              39.041228
            ],
            [
              -121.332642,
              39.041568
            ],
            [
              -121.3324,
              39.041783
            ],
            [
              -121.332159,
              39.041999
            ],
            [
              -121.332135,
              39.042021
            ],
            [
              -121.331879,
              39.04225
            ],
            [
              -121.331623,
              39.042479
            ],
            [
              -121.331245,
              39.042818
            ],
            [
              -121.3296,
              39.043712
            ],
            [
              -121.329117,
              39.043899
            ],
            [
              -121.329,
              39.043927
            ],
            [
              -121.328304,
              39.044096
            ],
            [
              -121.327376,
              39.044156
            ],
            [
              -121.32705,
              39.044113
            ],
            [
              -121.326726,
              39.04407
            ],
            [
              -121.325994,
              39.043904
            ],
            [
              -121.324011,
              39.042908
            ],
            [
              -121.323732,
              39.042831
            ],
            [
              -121.323527,
              39.042834
            ],
            [
              -121.323012,
              39.043005
            ],
            [
              -121.321631,
              39.043753
            ],
            [
              -121.321432,
              39.043861
            ],
            [
              -121.321233,
              39.043969
            ],
            [
              -121.32116,
              39.044008
            ],
            [
              -121.321086,
              39.044048
            ],
            [
              -121.320987,
              39.044102
            ],
            [
              -121.320721,
              39.044369
            ],
            [
              -121.320616,
              39.044614
            ],
            [
              -121.320476,
              39.044943
            ],
            [
              -121.320241,
              39.045381
            ],
            [
              -121.320126,
              39.045727
            ],
            [
              -121.320333,
              39.045994
            ],
            [
              -121.320329,
              39.046024
            ],
            [
              -121.320308,
              39.046179
            ],
            [
              -121.320089,
              39.047289
            ],
            [
              -121.319832,
              39.048453
            ],
            [
              -121.319596,
              39.048669
            ],
            [
              -121.319414,
              39.048774
            ],
            [
              -121.319324,
              39.048826
            ],
            [
              -121.319003,
              39.048887
            ],
            [
              -121.318554,
              39.049258
            ],
            [
              -121.31853,
              39.049261
            ],
            [
              -121.317916,
              39.049343
            ],
            [
              -121.317423,
              39.049666
            ],
            [
              -121.317363,
              39.049673
            ],
            [
              -121.315927,
              39.049853
            ],
            [
              -121.315852,
              39.049862
            ],
            [
              -121.315816,
              39.049867
            ],
            [
              -121.315707,
              39.049881
            ],
            [
              -121.315498,
              39.049935
            ],
            [
              -121.315393,
              39.049963
            ],
            [
              -121.315362,
              39.04998
            ],
            [
              -121.315268,
              39.050031
            ],
            [
              -121.315238,
              39.050049
            ],
            [
              -121.313548,
              39.051155
            ],
            [
              -121.31209,
              39.051766
            ],
            [
              -121.311552,
              39.051993
            ],
            [
              -121.311216,
              39.052073
            ],
            [
              -121.309164,
              39.052559
            ],
            [
              -121.307043,
              39.052898
            ],
            [
              -121.305992,
              39.052943
            ],
            [
              -121.305768,
              39.052909
            ],
            [
              -121.30526,
              39.052833
            ],
            [
              -121.304496,
              39.052465
            ],
            [
              -121.30404,
              39.05183
            ],
            [
              -121.303521,
              39.050929
            ],
            [
              -121.303235,
              39.049891
            ],
            [
              -121.303217,
              39.049825
            ],
            [
              -121.302675,
              39.048328
            ],
            [
              -121.302344,
              39.047829
            ],
            [
              -121.30124,
              39.047438
            ],
            [
              -121.300995,
              39.047437
            ],
            [
              -121.30024,
              39.047434
            ],
            [
              -121.300091,
              39.047399
            ],
            [
              -121.29959,
              39.047283
            ],
            [
              -121.298413,
              39.046594
            ],
            [
              -121.296617,
              39.045835
            ],
            [
              -121.296285,
              39.045649
            ],
            [
              -121.295952,
              39.045463
            ],
            [
              -121.295016,
              39.044939
            ],
            [
              -121.29415,
              39.044636
            ],
            [
              -121.293716,
              39.044323
            ],
            [
              -121.293332,
              39.043969
            ],
            [
              -121.29286,
              39.042956
            ],
            [
              -121.29274,
              39.042698
            ],
            [
              -121.29224,
              39.041289
            ],
            [
              -121.291998,
              39.040145
            ],
            [
              -121.291898,
              39.039669
            ],
            [
              -121.291693,
              39.038694
            ],
            [
              -121.291412,
              39.037809
            ],
            [
              -121.290988,
              39.037431
            ],
            [
              -121.290213,
              39.03687
            ],
            [
              -121.288985,
              39.036632
            ],
            [
              -121.288502,
              39.036538
            ],
            [
              -121.285982,
              39.036134
            ],
            [
              -121.28485,
              39.035952
            ],
            [
              -121.283533,
              39.035742
            ],
            [
              -121.282821,
              39.035503
            ],
            [
              -121.282099,
              39.035223
            ],
            [
              -121.280563,
              39.03489
            ],
            [
              -121.279586,
              39.034632
            ],
            [
              -121.279533,
              39.034618
            ],
            [
              -121.279532,
              39.03463
            ],
            [
              -121.279532,
              39.034733
            ],
            [
              -121.279535,
              39.034913
            ],
            [
              -121.279536,
              39.035079
            ],
            [
              -121.279539,
              39.035196
            ],
            [
              -121.279543,
              39.037487
            ],
            [
              -121.27956,
              39.044365
            ],
            [
              -121.279567,
              39.046658
            ],
            [
              -121.279568,
              39.046725
            ],
            [
              -121.279571,
              39.048139
            ],
            [
              -121.279572,
              39.048605
            ],
            [
              -121.279584,
              39.052272
            ],
            [
              -121.27959,
              39.054448
            ],
            [
              -121.279597,
              39.056397
            ],
            [
              -121.279598,
              39.057287
            ],
            [
              -121.279605,
              39.061502
            ],
            [
              -121.279608,
              39.063018
            ],
            [
              -121.279614,
              39.065664
            ],
            [
              -121.279631,
              39.072226
            ],
            [
              -121.279636,
              39.073794
            ],
            [
              -121.279644,
              39.074778
            ],
            [
              -121.27965,
              39.07909
            ],
            [
              -121.279662,
              39.08372
            ],
            [
              -121.279669,
              39.086461
            ],
            [
              -121.279677,
              39.089593
            ],
            [
              -121.279676,
              39.089777
            ],
            [
              -121.279676,
              39.090333
            ],
            [
              -121.279678,
              39.090519
            ],
            [
              -121.279678,
              39.090831
            ],
            [
              -121.279679,
              39.090983
            ],
            [
              -121.279687,
              39.091456
            ],
            [
              -121.279691,
              39.091772
            ],
            [
              -121.279697,
              39.092088
            ],
            [
              -121.279706,
              39.095458
            ],
            [
              -121.279715,
              39.098596
            ],
            [
              -121.279736,
              39.10557
            ],
            [
              -121.279746,
              39.108941
            ],
            [
              -121.279746,
              39.108957
            ],
            [
              -121.279746,
              39.109121
            ],
            [
              -121.279747,
              39.109664
            ],
            [
              -121.279749,
              39.109845
            ],
            [
              -121.279753,
              39.111254
            ],
            [
              -121.279765,
              39.115484
            ],
            [
              -121.27977,
              39.116896
            ],
            [
              -121.27977,
              39.11697
            ],
            [
              -121.279772,
              39.117833
            ],
            [
              -121.279781,
              39.120646
            ],
            [
              -121.279784,
              39.121584
            ],
            [
              -121.279759,
              39.123692
            ],
            [
              -121.279746,
              39.124894
            ],
            [
              -121.279704,
              39.130019
            ],
            [
              -121.279687,
              39.132128
            ],
            [
              -121.279684,
              39.13388
            ],
            [
              -121.279675,
              39.139138
            ],
            [
              -121.279673,
              39.140326
            ],
            [
              -121.279676,
              39.140891
            ],
            [
              -121.279678,
              39.14137
            ],
            [
              -121.279687,
              39.142808
            ],
            [
              -121.27969,
              39.143288
            ],
            [
              -121.27969,
              39.143516
            ],
            [
              -121.279688,
              39.144332
            ],
            [
              -121.279681,
              39.147465
            ],
            [
              -121.27968,
              39.14851
            ],
            [
              -121.279675,
              39.150814
            ],
            [
              -121.279662,
              39.157726
            ],
            [
              -121.279658,
              39.160031
            ],
            [
              -121.279657,
              39.160501
            ],
            [
              -121.279654,
              39.16191
            ],
            [
              -121.279654,
              39.162381
            ],
            [
              -121.279652,
              39.163158
            ],
            [
              -121.279647,
              39.165489
            ],
            [
              -121.279646,
              39.166267
            ],
            [
              -121.279644,
              39.167238
            ],
            [
              -121.279639,
              39.170066
            ],
            [
              -121.279638,
              39.170154
            ],
            [
              -121.27964,
              39.170777
            ],
            [
              -121.279636,
              39.171126
            ],
            [
              -121.279633,
              39.172225
            ],
            [
              -121.279632,
              39.173117
            ],
            [
              -121.279631,
              39.173215
            ],
            [
              -121.279631,
              39.173313
            ],
            [
              -121.279632,
              39.173455
            ],
            [
              -121.279631,
              39.173557
            ],
            [
              -121.279627,
              39.175526
            ],
            [
              -121.279626,
              39.176622
            ],
            [
              -121.279624,
              39.176728
            ],
            [
              -121.279622,
              39.177033
            ],
            [
              -121.279623,
              39.177135
            ],
            [
              -121.279623,
              39.177179
            ],
            [
              -121.279623,
              39.177278
            ],
            [
              -121.279623,
              39.177377
            ],
            [
              -121.279622,
              39.177521
            ],
            [
              -121.279622,
              39.177664
            ],
            [
              -121.279619,
              39.179252
            ],
            [
              -121.27962,
              39.179782
            ],
            [
              -121.279616,
              39.182182
            ],
            [
              -121.279615,
              39.182785
            ],
            [
              -121.279606,
              39.187738
            ],
            [
              -121.279606,
              39.187892
            ],
            [
              -121.279606,
              39.188036
            ],
            [
              -121.279605,
              39.188179
            ],
            [
              -121.279603,
              39.189232
            ],
            [
              -121.279602,
              39.189381
            ],
            [
              -121.279601,
              39.19076
            ],
            [
              -121.279599,
              39.191775
            ],
            [
              -121.279597,
              39.192727
            ],
            [
              -121.279591,
              39.195563
            ],
            [
              -121.27959,
              39.196509
            ],
            [
              -121.279589,
              39.196639
            ],
            [
              -121.279588,
              39.197029
            ],
            [
              -121.279588,
              39.19716
            ],
            [
              -121.279586,
              39.197629
            ],
            [
              -121.279583,
              39.199035
            ],
            [
              -121.279584,
              39.199501
            ],
            [
              -121.279581,
              39.200201
            ],
            [
              -121.279577,
              39.202295
            ],
            [
              -121.279577,
              39.202994
            ],
            [
              -121.279576,
              39.203169
            ],
            [
              -121.279576,
              39.203244
            ],
            [
              -121.279574,
              39.2037
            ],
            [
              -121.279574,
              39.203858
            ],
            [
              -121.279574,
              39.204162
            ],
            [
              -121.279572,
              39.204857
            ],
            [
              -121.279568,
              39.206543
            ],
            [
              -121.279559,
              39.21164
            ],
            [
              -121.279557,
              39.213062
            ],
            [
              -121.279557,
              39.213192
            ],
            [
              -121.279557,
              39.213321
            ],
            [
              -121.279557,
              39.21334
            ],
            [
              -121.279555,
              39.214492
            ],
            [
              -121.279549,
              39.217951
            ],
            [
              -121.279548,
              39.219104
            ],
            [
              -121.279547,
              39.219355
            ],
            [
              -121.279546,
              39.220108
            ],
            [
              -121.279546,
              39.22036
            ],
            [
              -121.279545,
              39.220573
            ],
            [
              -121.279544,
              39.221212
            ],
            [
              -121.279544,
              39.221426
            ],
            [
              -121.279542,
              39.222339
            ],
            [
              -121.279538,
              39.225079
            ],
            [
              -121.279537,
              39.225993
            ],
            [
              -121.279536,
              39.22671
            ],
            [
              -121.279533,
              39.228861
            ],
            [
              -121.279532,
              39.229578
            ],
            [
              -121.27953,
              39.229769
            ],
            [
              -121.279528,
              39.230345
            ],
            [
              -121.279528,
              39.230387
            ],
            [
              -121.279528,
              39.23049
            ],
            [
              -121.27953,
              39.230537
            ],
            [
              -121.27931,
              39.23048
            ],
            [
              -121.278766,
              39.230341
            ],
            [
              -121.278646,
              39.230344
            ],
            [
              -121.278412,
              39.230353
            ],
            [
              -121.27833,
              39.230343
            ],
            [
              -121.277755,
              39.230371
            ],
            [
              -121.277302,
              39.230598
            ],
            [
              -121.277,
              39.230751
            ],
            [
              -121.276076,
              39.231418
            ],
            [
              -121.275589,
              39.232113
            ],
            [
              -121.275544,
              39.232176
            ],
            [
              -121.275484,
              39.232262
            ],
            [
              -121.2754,
              39.232404
            ],
            [
              -121.274967,
              39.23313
            ],
            [
              -121.274872,
              39.233291
            ],
            [
              -121.274446,
              39.233958
            ],
            [
              -121.27434,
              39.234122
            ],
            [
              -121.274148,
              39.234563
            ],
            [
              -121.274008,
              39.234739
            ],
            [
              -121.273837,
              39.234957
            ],
            [
              -121.273225,
              39.23549
            ],
            [
              -121.27317,
              39.235538
            ],
            [
              -121.2725,
              39.236174
            ],
            [
              -121.272476,
              39.236193
            ],
            [
              -121.271929,
              39.236639
            ],
            [
              -121.271629,
              39.236882
            ],
            [
              -121.271472,
              39.237011
            ],
            [
              -121.270803,
              39.237693
            ],
            [
              -121.270729,
              39.23777
            ],
            [
              -121.270569,
              39.237999
            ],
            [
              -121.270225,
              39.238335
            ],
            [
              -121.269845,
              39.238708
            ],
            [
              -121.269494,
              39.239186
            ],
            [
              -121.269409,
              39.239322
            ],
            [
              -121.269322,
              39.239453
            ],
            [
              -121.26929,
              39.239503
            ],
            [
              -121.269171,
              39.239688
            ],
            [
              -121.269146,
              39.239738
            ],
            [
              -121.269112,
              39.239803
            ],
            [
              -121.269088,
              39.239851
            ],
            [
              -121.269079,
              39.239868
            ],
            [
              -121.268787,
              39.24025
            ],
            [
              -121.268797,
              39.241749
            ],
            [
              -121.268798,
              39.241827
            ],
            [
              -121.268802,
              39.241997
            ],
            [
              -121.268948,
              39.24471
            ],
            [
              -121.268946,
              39.245076
            ],
            [
              -121.268945,
              39.245193
            ],
            [
              -121.268941,
              39.245332
            ],
            [
              -121.268924,
              39.245692
            ],
            [
              -121.268746,
              39.246336
            ],
            [
              -121.26863,
              39.247093
            ],
            [
              -121.268797,
              39.247948
            ],
            [
              -121.268854,
              39.248236
            ],
            [
              -121.269202,
              39.24913
            ],
            [
              -121.269456,
              39.249895
            ],
            [
              -121.269518,
              39.251014
            ],
            [
              -121.269424,
              39.251495
            ],
            [
              -121.269301,
              39.252123
            ],
            [
              -121.268176,
              39.253366
            ],
            [
              -121.265798,
              39.254004
            ],
            [
              -121.264061,
              39.253838
            ],
            [
              -121.26368,
              39.253801
            ],
            [
              -121.263335,
              39.25391
            ],
            [
              -121.26242,
              39.254197
            ],
            [
              -121.262048,
              39.254314
            ],
            [
              -121.260762,
              39.254719
            ],
            [
              -121.26048,
              39.254808
            ],
            [
              -121.259615,
              39.255648
            ],
            [
              -121.259182,
              39.256421
            ],
            [
              -121.259192,
              39.256456
            ],
            [
              -121.259421,
              39.257243
            ],
            [
              -121.25965,
              39.258029
            ],
            [
              -121.260131,
              39.25968
            ],
            [
              -121.260339,
              39.260131
            ],
            [
              -121.261035,
              39.261643
            ],
            [
              -121.261732,
              39.263155
            ],
            [
              -121.262376,
              39.264552
            ],
            [
              -121.263802,
              39.265594
            ],
            [
              -121.26389,
              39.265659
            ],
            [
              -121.265271,
              39.26667
            ],
            [
              -121.265685,
              39.26735
            ],
            [
              -121.266437,
              39.268585
            ],
            [
              -121.266803,
              39.270921
            ],
            [
              -121.266911,
              39.271609
            ],
            [
              -121.266132,
              39.272717
            ],
            [
              -121.265475,
              39.273219
            ],
            [
              -121.263363,
              39.274833
            ],
            [
              -121.260545,
              39.275519
            ],
            [
              -121.259643,
              39.275739
            ],
            [
              -121.255621,
              39.276813
            ],
            [
              -121.252723,
              39.277518
            ],
            [
              -121.251198,
              39.278084
            ],
            [
              -121.251134,
              39.278108
            ],
            [
              -121.25107,
              39.278132
            ],
            [
              -121.251037,
              39.278147
            ],
            [
              -121.250113,
              39.278561
            ],
            [
              -121.249014,
              39.279463
            ],
            [
              -121.248974,
              39.279495
            ],
            [
              -121.248681,
              39.279736
            ],
            [
              -121.247164,
              39.281045
            ],
            [
              -121.244606,
              39.28269
            ],
            [
              -121.242613,
              39.283478
            ],
            [
              -121.242571,
              39.283495
            ],
            [
              -121.240146,
              39.283997
            ],
            [
              -121.237853,
              39.283727
            ],
            [
              -121.233788,
              39.282851
            ],
            [
              -121.232717,
              39.282893
            ],
            [
              -121.230499,
              39.282983
            ],
            [
              -121.228768,
              39.282915
            ],
            [
              -121.223879,
              39.282441
            ],
            [
              -121.220979,
              39.282573
            ],
            [
              -121.219853,
              39.283076
            ],
            [
              -121.21936,
              39.283446
            ],
            [
              -121.21926,
              39.283522
            ],
            [
              -121.219159,
              39.283597
            ],
            [
              -121.218378,
              39.284183
            ],
            [
              -121.218177,
              39.284416
            ],
            [
              -121.218081,
              39.284527
            ],
            [
              -121.217985,
              39.284639
            ],
            [
              -121.217163,
              39.285593
            ],
            [
              -121.217122,
              39.285649
            ],
            [
              -121.216641,
              39.286298
            ],
            [
              -121.216421,
              39.287676
            ],
            [
              -121.216417,
              39.28893
            ],
            [
              -121.216414,
              39.28996
            ],
            [
              -121.216194,
              39.291303
            ],
            [
              -121.216066,
              39.291459
            ],
            [
              -121.214891,
              39.292881
            ],
            [
              -121.214653,
              39.29297
            ],
            [
              -121.213548,
              39.293384
            ],
            [
              -121.21262,
              39.293717
            ],
            [
              -121.211772,
              39.294021
            ],
            [
              -121.210644,
              39.294725
            ],
            [
              -121.210115,
              39.29537
            ],
            [
              -121.210081,
              39.29543
            ],
            [
              -121.210047,
              39.29549
            ],
            [
              -121.21001,
              39.295553
            ],
            [
              -121.209775,
              39.295967
            ],
            [
              -121.20968,
              39.296095
            ],
            [
              -121.209556,
              39.296266
            ],
            [
              -121.209394,
              39.296487
            ],
            [
              -121.209133,
              39.296846
            ],
            [
              -121.20871,
              39.297425
            ],
            [
              -121.208033,
              39.29835
            ],
            [
              -121.206179,
              39.299421
            ],
            [
              -121.20588,
              39.299594
            ],
            [
              -121.205651,
              39.299726
            ],
            [
              -121.202529,
              39.3011
            ],
            [
              -121.200146,
              39.302375
            ],
            [
              -121.200187,
              39.302874
            ],
            [
              -121.200229,
              39.303383
            ],
            [
              -121.200236,
              39.303393
            ],
            [
              -121.200839,
              39.304182
            ],
            [
              -121.201443,
              39.304971
            ],
            [
              -121.201566,
              39.305131
            ],
            [
              -121.202242,
              39.305646
            ],
            [
              -121.203423,
              39.306544
            ],
            [
              -121.204432,
              39.307417
            ],
            [
              -121.204856,
              39.307785
            ],
            [
              -121.204977,
              39.307889
            ],
            [
              -121.205707,
              39.30967
            ],
            [
              -121.205574,
              39.310946
            ],
            [
              -121.20559,
              39.311808
            ],
            [
              -121.205595,
              39.312054
            ],
            [
              -121.205599,
              39.312301
            ],
            [
              -121.205602,
              39.312435
            ],
            [
              -121.205612,
              39.312929
            ],
            [
              -121.20562,
              39.312969
            ],
            [
              -121.206047,
              39.315088
            ],
            [
              -121.206352,
              39.316469
            ],
            [
              -121.206313,
              39.316574
            ],
            [
              -121.20613,
              39.317053
            ],
            [
              -121.206005,
              39.317381
            ],
            [
              -121.204615,
              39.318396
            ],
            [
              -121.204528,
              39.318633
            ],
            [
              -121.204441,
              39.318868
            ],
            [
              -121.204107,
              39.319374
            ],
            [
              -121.203615,
              39.320118
            ],
            [
              -121.20292,
              39.320356
            ],
            [
              -121.20166,
              39.320629
            ],
            [
              -121.201225,
              39.320798
            ],
            [
              -121.200095,
              39.321645
            ],
            [
              -121.199226,
              39.322693
            ],
            [
              -121.19827,
              39.323943
            ],
            [
              -121.198153,
              39.324184
            ],
            [
              -121.197807,
              39.324909
            ],
            [
              -121.197603,
              39.325334
            ],
            [
              -121.197456,
              39.325639
            ],
            [
              -121.197444,
              39.325665
            ],
            [
              -121.197227,
              39.326779
            ],
            [
              -121.196923,
              39.327319
            ],
            [
              -121.196909,
              39.327357
            ],
            [
              -121.196866,
              39.327484
            ],
            [
              -121.196791,
              39.327702
            ],
            [
              -121.196691,
              39.32799
            ],
            [
              -121.196619,
              39.328197
            ],
            [
              -121.195968,
              39.32921
            ],
            [
              -121.195869,
              39.329316
            ],
            [
              -121.195619,
              39.329582
            ],
            [
              -121.195329,
              39.329671
            ],
            [
              -121.193822,
              39.330137
            ],
            [
              -121.193325,
              39.330255
            ],
            [
              -121.192903,
              39.330278
            ],
            [
              -121.191663,
              39.330349
            ],
            [
              -121.19127,
              39.330357
            ],
            [
              -121.190719,
              39.330372
            ],
            [
              -121.190425,
              39.330392
            ],
            [
              -121.190397,
              39.330394
            ],
            [
              -121.189521,
              39.330412
            ],
            [
              -121.189428,
              39.330414
            ],
            [
              -121.189218,
              39.330405
            ],
            [
              -121.189132,
              39.330401
            ],
            [
              -121.188876,
              39.330389
            ],
            [
              -121.188792,
              39.330386
            ],
            [
              -121.188768,
              39.330385
            ],
            [
              -121.187605,
              39.330333
            ],
            [
              -121.186456,
              39.330332
            ],
            [
              -121.185439,
              39.330474
            ],
            [
              -121.185113,
              39.330606
            ],
            [
              -121.184528,
              39.330845
            ],
            [
              -121.184511,
              39.330859
            ],
            [
              -121.183861,
              39.331394
            ],
            [
              -121.183393,
              39.332051
            ],
            [
              -121.183236,
              39.332889
            ],
            [
              -121.183282,
              39.333729
            ],
            [
              -121.183442,
              39.334466
            ],
            [
              -121.1836,
              39.335326
            ],
            [
              -121.183448,
              39.335971
            ],
            [
              -121.182571,
              39.336815
            ],
            [
              -121.181345,
              39.337618
            ],
            [
              -121.180925,
              39.337797
            ],
            [
              -121.18016,
              39.338124
            ],
            [
              -121.179327,
              39.33843
            ],
            [
              -121.178977,
              39.33856
            ],
            [
              -121.177982,
              39.338702
            ],
            [
              -121.176967,
              39.338739
            ],
            [
              -121.175648,
              39.338701
            ],
            [
              -121.175508,
              39.338698
            ],
            [
              -121.175368,
              39.338696
            ],
            [
              -121.17474,
              39.338686
            ],
            [
              -121.172694,
              39.338497
            ],
            [
              -121.171482,
              39.338338
            ],
            [
              -121.17123,
              39.338338
            ],
            [
              -121.170412,
              39.338338
            ],
            [
              -121.169532,
              39.338395
            ],
            [
              -121.168514,
              39.338553
            ],
            [
              -121.167474,
              39.338695
            ],
            [
              -121.165602,
              39.338752
            ],
            [
              -121.16502,
              39.338638
            ],
            [
              -121.164624,
              39.338247
            ],
            [
              -121.163868,
              39.337011
            ],
            [
              -121.163349,
              39.336198
            ],
            [
              -121.163229,
              39.335619
            ],
            [
              -121.162986,
              39.334565
            ],
            [
              -121.162988,
              39.33362
            ],
            [
              -121.162868,
              39.333059
            ],
            [
              -121.162519,
              39.332616
            ],
            [
              -121.162201,
              39.332495
            ],
            [
              -121.16156,
              39.332251
            ],
            [
              -121.161225,
              39.332191
            ],
            [
              -121.160058,
              39.331982
            ],
            [
              -121.159113,
              39.331915
            ],
            [
              -121.158525,
              39.332011
            ],
            [
              -121.157906,
              39.332295
            ],
            [
              -121.157533,
              39.332467
            ],
            [
              -121.157354,
              39.332606
            ],
            [
              -121.157073,
              39.332827
            ],
            [
              -121.15672,
              39.333416
            ],
            [
              -121.156588,
              39.334149
            ],
            [
              -121.156595,
              39.334271
            ],
            [
              -121.156637,
              39.334908
            ],
            [
              -121.156665,
              39.335515
            ],
            [
              -121.156861,
              39.33662
            ],
            [
              -121.15718,
              39.337762
            ],
            [
              -121.157369,
              39.338258
            ],
            [
              -121.157496,
              39.338589
            ],
            [
              -121.157683,
              39.339222
            ],
            [
              -121.157759,
              39.339748
            ],
            [
              -121.157704,
              39.340132
            ],
            [
              -121.157485,
              39.340741
            ],
            [
              -121.156943,
              39.341642
            ],
            [
              -121.155976,
              39.342869
            ],
            [
              -121.155624,
              39.343406
            ],
            [
              -121.155503,
              39.343736
            ],
            [
              -121.155373,
              39.344381
            ],
            [
              -121.155324,
              39.345395
            ],
            [
              -121.155282,
              39.346112
            ],
            [
              -121.155069,
              39.347398
            ],
            [
              -121.155015,
              39.347717
            ],
            [
              -121.154978,
              39.347847
            ],
            [
              -121.154766,
              39.348605
            ],
            [
              -121.154165,
              39.349173
            ],
            [
              -121.153493,
              39.34946
            ],
            [
              -121.152402,
              39.349619
            ],
            [
              -121.152091,
              39.349665
            ],
            [
              -121.150987,
              39.349665
            ],
            [
              -121.15064,
              39.349654
            ],
            [
              -121.149771,
              39.349628
            ],
            [
              -121.148355,
              39.3495
            ],
            [
              -121.146868,
              39.349477
            ],
            [
              -121.145743,
              39.349441
            ],
            [
              -121.14535,
              39.349434
            ],
            [
              -121.144909,
              39.349428
            ],
            [
              -121.144321,
              39.349506
            ],
            [
              -121.143799,
              39.349655
            ],
            [
              -121.143711,
              39.349821
            ],
            [
              -121.143633,
              39.349967
            ],
            [
              -121.143486,
              39.350438
            ],
            [
              -121.14349,
              39.351137
            ],
            [
              -121.143752,
              39.351876
            ],
            [
              -121.144158,
              39.352705
            ],
            [
              -121.144785,
              39.353712
            ],
            [
              -121.144912,
              39.353957
            ],
            [
              -121.145235,
              39.354576
            ],
            [
              -121.145244,
              39.355101
            ],
            [
              -121.145135,
              39.355782
            ],
            [
              -121.144701,
              39.35644
            ],
            [
              -121.144142,
              39.357148
            ],
            [
              -121.143444,
              39.357959
            ],
            [
              -121.142937,
              39.358388
            ],
            [
              -121.141655,
              39.359138
            ],
            [
              -121.141354,
              39.359465
            ],
            [
              -121.141001,
              39.360019
            ],
            [
              -121.140693,
              39.360574
            ],
            [
              -121.140275,
              39.36104
            ],
            [
              -121.139532,
              39.36143
            ],
            [
              -121.13855,
              39.361922
            ],
            [
              -121.138037,
              39.362272
            ],
            [
              -121.137536,
              39.362781
            ],
            [
              -121.137071,
              39.363315
            ],
            [
              -121.136921,
              39.363706
            ],
            [
              -121.136805,
              39.364011
            ],
            [
              -121.136575,
              39.365022
            ],
            [
              -121.136507,
              39.365895
            ],
            [
              -121.136846,
              39.366688
            ],
            [
              -121.136955,
              39.36725
            ],
            [
              -121.136939,
              39.367433
            ],
            [
              -121.1368,
              39.367991
            ],
            [
              -121.136847,
              39.368074
            ],
            [
              -121.135822,
              39.36843
            ],
            [
              -121.134616,
              39.368696
            ],
            [
              -121.13457,
              39.368707
            ],
            [
              -121.134313,
              39.369027
            ],
            [
              -121.134253,
              39.369577
            ],
            [
              -121.134367,
              39.370401
            ],
            [
              -121.134296,
              39.370933
            ],
            [
              -121.134129,
              39.371289
            ],
            [
              -121.13368,
              39.371632
            ],
            [
              -121.132473,
              39.371884
            ],
            [
              -121.130915,
              39.372007
            ],
            [
              -121.130089,
              39.372009
            ],
            [
              -121.129044,
              39.372012
            ],
            [
              -121.127949,
              39.3721
            ],
            [
              -121.127779,
              39.372143
            ],
            [
              -121.127563,
              39.372198
            ],
            [
              -121.127227,
              39.372488
            ],
            [
              -121.127136,
              39.372568
            ],
            [
              -121.126814,
              39.373218
            ],
            [
              -121.126604,
              39.373915
            ],
            [
              -121.126448,
              39.374309
            ],
            [
              -121.126399,
              39.374436
            ],
            [
              -121.126128,
              39.374892
            ],
            [
              -121.126126,
              39.37496
            ],
            [
              -121.12611,
              39.375089
            ],
            [
              -121.12592,
              39.375558
            ],
            [
              -121.125899,
              39.376047
            ],
            [
              -121.12585,
              39.377249
            ],
            [
              -121.126066,
              39.377683
            ],
            [
              -121.126151,
              39.377862
            ],
            [
              -121.126357,
              39.378082
            ],
            [
              -121.126706,
              39.378382
            ],
            [
              -121.127023,
              39.37862
            ],
            [
              -121.127384,
              39.378877
            ],
            [
              -121.127454,
              39.378943
            ],
            [
              -121.127775,
              39.379246
            ],
            [
              -121.128007,
              39.379752
            ],
            [
              -121.127933,
              39.379934
            ],
            [
              -121.127888,
              39.380044
            ],
            [
              -121.127802,
              39.380084
            ],
            [
              -121.127481,
              39.380237
            ],
            [
              -121.127198,
              39.380255
            ],
            [
              -121.126986,
              39.38027
            ],
            [
              -121.126856,
              39.380278
            ],
            [
              -121.126834,
              39.380274
            ],
            [
              -121.126385,
              39.380193
            ],
            [
              -121.126236,
              39.380167
            ],
            [
              -121.126201,
              39.380161
            ],
            [
              -121.126099,
              39.380143
            ],
            [
              -121.126066,
              39.380137
            ],
            [
              -121.12603,
              39.380128
            ],
            [
              -121.125924,
              39.380101
            ],
            [
              -121.125889,
              39.380092
            ],
            [
              -121.125756,
              39.380059
            ],
            [
              -121.125335,
              39.379935
            ],
            [
              -121.124811,
              39.379655
            ],
            [
              -121.124347,
              39.379424
            ],
            [
              -121.12364,
              39.379213
            ],
            [
              -121.122872,
              39.378977
            ],
            [
              -121.122315,
              39.378826
            ],
            [
              -121.121906,
              39.378796
            ],
            [
              -121.121589,
              39.378871
            ],
            [
              -121.121402,
              39.378917
            ],
            [
              -121.120878,
              39.379239
            ],
            [
              -121.120277,
              39.37957
            ],
            [
              -121.11969,
              39.37969
            ],
            [
              -121.119059,
              39.379445
            ],
            [
              -121.118401,
              39.379093
            ],
            [
              -121.117921,
              39.37892
            ],
            [
              -121.11717,
              39.378637
            ],
            [
              -121.116202,
              39.378504
            ],
            [
              -121.115472,
              39.378598
            ],
            [
              -121.114843,
              39.378847
            ],
            [
              -121.114281,
              39.379414
            ],
            [
              -121.113829,
              39.380149
            ],
            [
              -121.113286,
              39.380611
            ],
            [
              -121.112624,
              39.380965
            ],
            [
              -121.111982,
              39.381155
            ],
            [
              -121.111006,
              39.381316
            ],
            [
              -121.1102,
              39.381397
            ],
            [
              -121.109425,
              39.381443
            ],
            [
              -121.109387,
              39.381444
            ],
            [
              -121.108951,
              39.381459
            ],
            [
              -121.108711,
              39.381467
            ],
            [
              -121.108363,
              39.381449
            ],
            [
              -121.10776,
              39.381298
            ],
            [
              -121.107301,
              39.381056
            ],
            [
              -121.106885,
              39.380837
            ],
            [
              -121.106091,
              39.380447
            ],
            [
              -121.105519,
              39.380308
            ],
            [
              -121.105087,
              39.380277
            ],
            [
              -121.105051,
              39.380274
            ],
            [
              -121.104946,
              39.380266
            ],
            [
              -121.104911,
              39.380264
            ],
            [
              -121.104549,
              39.380257
            ],
            [
              -121.104061,
              39.380367
            ],
            [
              -121.103374,
              39.380509
            ],
            [
              -121.10258,
              39.380696
            ],
            [
              -121.101555,
              39.381021
            ],
            [
              -121.101537,
              39.381027
            ],
            [
              -121.100942,
              39.381246
            ],
            [
              -121.1008,
              39.381432
            ],
            [
              -121.100725,
              39.381678
            ],
            [
              -121.100808,
              39.382551
            ],
            [
              -121.10069,
              39.382973
            ],
            [
              -121.100676,
              39.382992
            ],
            [
              -121.100311,
              39.383532
            ],
            [
              -121.099318,
              39.384363
            ],
            [
              -121.098081,
              39.385191
            ],
            [
              -121.097762,
              39.38548
            ],
            [
              -121.097463,
              39.385875
            ],
            [
              -121.097273,
              39.386178
            ],
            [
              -121.097249,
              39.386243
            ],
            [
              -121.097125,
              39.386588
            ],
            [
              -121.096915,
              39.387079
            ],
            [
              -121.096646,
              39.387498
            ],
            [
              -121.096484,
              39.387612
            ],
            [
              -121.096367,
              39.387694
            ],
            [
              -121.096047,
              39.387759
            ],
            [
              -121.096008,
              39.387758
            ],
            [
              -121.095759,
              39.387755
            ],
            [
              -121.095532,
              39.387727
            ],
            [
              -121.09514,
              39.387615
            ],
            [
              -121.094551,
              39.387369
            ],
            [
              -121.094525,
              39.387358
            ],
            [
              -121.094113,
              39.387113
            ],
            [
              -121.093794,
              39.386922
            ],
            [
              -121.093108,
              39.386463
            ],
            [
              -121.092729,
              39.386236
            ],
            [
              -121.092421,
              39.386052
            ],
            [
              -121.092047,
              39.385857
            ],
            [
              -121.091578,
              39.385814
            ],
            [
              -121.091067,
              39.385912
            ],
            [
              -121.090612,
              39.385916
            ],
            [
              -121.090127,
              39.385908
            ],
            [
              -121.089384,
              39.385872
            ],
            [
              -121.088761,
              39.385921
            ],
            [
              -121.088044,
              39.386039
            ],
            [
              -121.087941,
              39.386061
            ],
            [
              -121.087388,
              39.386181
            ],
            [
              -121.086897,
              39.386386
            ],
            [
              -121.086571,
              39.386675
            ],
            [
              -121.086501,
              39.386751
            ],
            [
              -121.086147,
              39.387137
            ],
            [
              -121.085935,
              39.387698
            ],
            [
              -121.085753,
              39.388531
            ],
            [
              -121.085643,
              39.389778
            ],
            [
              -121.085524,
              39.390764
            ],
            [
              -121.08535,
              39.392138
            ],
            [
              -121.085217,
              39.392765
            ],
            [
              -121.085123,
              39.393206
            ],
            [
              -121.084701,
              39.393941
            ],
            [
              -121.084391,
              39.394266
            ],
            [
              -121.084217,
              39.394451
            ],
            [
              -121.084002,
              39.394624
            ],
            [
              -121.083822,
              39.394636
            ],
            [
              -121.083697,
              39.394644
            ],
            [
              -121.083644,
              39.394622
            ],
            [
              -121.083397,
              39.394522
            ],
            [
              -121.083185,
              39.394337
            ],
            [
              -121.083082,
              39.394248
            ],
            [
              -121.083048,
              39.394218
            ],
            [
              -121.082805,
              39.394006
            ],
            [
              -121.08206,
              39.393499
            ],
            [
              -121.081338,
              39.39324
            ],
            [
              -121.08033,
              39.392952
            ],
            [
              -121.079513,
              39.392833
            ],
            [
              -121.07898,
              39.39293
            ],
            [
              -121.078162,
              39.393152
            ],
            [
              -121.077442,
              39.393411
            ],
            [
              -121.077018,
              39.393449
            ],
            [
              -121.077,
              39.393451
            ],
            [
              -121.07621,
              39.393496
            ],
            [
              -121.074056,
              39.393461
            ],
            [
              -121.073899,
              39.393458
            ],
            [
              -121.070864,
              39.393402
            ],
            [
              -121.070137,
              39.393349
            ],
            [
              -121.069752,
              39.393278
            ],
            [
              -121.069264,
              39.393099
            ],
            [
              -121.06854,
              39.392663
            ],
            [
              -121.067322,
              39.39183
            ],
            [
              -121.066612,
              39.391465
            ],
            [
              -121.066026,
              39.391255
            ],
            [
              -121.065256,
              39.391119
            ],
            [
              -121.064704,
              39.391039
            ],
            [
              -121.06422,
              39.390984
            ],
            [
              -121.063788,
              39.390953
            ],
            [
              -121.063091,
              39.390948
            ],
            [
              -121.062687,
              39.391017
            ],
            [
              -121.062223,
              39.391175
            ],
            [
              -121.062168,
              39.391213
            ],
            [
              -121.062061,
              39.391236
            ],
            [
              -121.061561,
              39.391694
            ],
            [
              -121.061236,
              39.392335
            ],
            [
              -121.060847,
              39.392904
            ],
            [
              -121.060778,
              39.392975
            ],
            [
              -121.060524,
              39.393371
            ],
            [
              -121.060516,
              39.393393
            ],
            [
              -121.060293,
              39.39405
            ],
            [
              -121.060098,
              39.394422
            ],
            [
              -121.059988,
              39.394634
            ],
            [
              -121.059708,
              39.394888
            ],
            [
              -121.0594,
              39.395036
            ],
            [
              -121.05873,
              39.395131
            ],
            [
              -121.058061,
              39.395167
            ],
            [
              -121.056998,
              39.395208
            ],
            [
              -121.055925,
              39.39532
            ],
            [
              -121.055074,
              39.395353
            ],
            [
              -121.053932,
              39.395434
            ],
            [
              -121.053594,
              39.395458
            ],
            [
              -121.053204,
              39.395486
            ],
            [
              -121.052589,
              39.395584
            ],
            [
              -121.052445,
              39.395608
            ],
            [
              -121.052256,
              39.395638
            ],
            [
              -121.052213,
              39.395644
            ],
            [
              -121.05121,
              39.395561
            ],
            [
              -121.051004,
              39.395492
            ],
            [
              -121.049795,
              39.395445
            ],
            [
              -121.048939,
              39.395285
            ],
            [
              -121.048146,
              39.394934
            ],
            [
              -121.047503,
              39.394328
            ],
            [
              -121.04711,
              39.393514
            ],
            [
              -121.047109,
              39.393368
            ],
            [
              -121.047108,
              39.393131
            ],
            [
              -121.047109,
              39.39309
            ],
            [
              -121.047145,
              39.39249
            ],
            [
              -121.047421,
              39.391577
            ],
            [
              -121.047651,
              39.391052
            ],
            [
              -121.047694,
              39.390699
            ],
            [
              -121.04761,
              39.390049
            ],
            [
              -121.047529,
              39.389741
            ],
            [
              -121.047297,
              39.389599
            ],
            [
              -121.047247,
              39.389569
            ],
            [
              -121.046721,
              39.389415
            ],
            [
              -121.046204,
              39.389403
            ],
            [
              -121.045539,
              39.389552
            ],
            [
              -121.045203,
              39.389591
            ],
            [
              -121.044901,
              39.389549
            ],
            [
              -121.044347,
              39.3893
            ],
            [
              -121.043726,
              39.388825
            ],
            [
              -121.04325,
              39.38861
            ],
            [
              -121.043007,
              39.388501
            ],
            [
              -121.042243,
              39.388213
            ],
            [
              -121.04188,
              39.388156
            ],
            [
              -121.041531,
              39.38816
            ],
            [
              -121.041087,
              39.388244
            ],
            [
              -121.040761,
              39.38846
            ],
            [
              -121.04072,
              39.388514
            ],
            [
              -121.040493,
              39.388808
            ],
            [
              -121.040285,
              39.389205
            ],
            [
              -121.039869,
              39.38994
            ],
            [
              -121.039551,
              39.390487
            ],
            [
              -121.038956,
              39.390902
            ],
            [
              -121.038893,
              39.390947
            ],
            [
              -121.037969,
              39.391438
            ],
            [
              -121.037076,
              39.391882
            ],
            [
              -121.036628,
              39.392192
            ],
            [
              -121.036472,
              39.392331
            ],
            [
              -121.03645,
              39.39259
            ],
            [
              -121.036456,
              39.392884
            ],
            [
              -121.036519,
              39.393356
            ],
            [
              -121.03653,
              39.394063
            ],
            [
              -121.036379,
              39.394555
            ],
            [
              -121.036126,
              39.394915
            ],
            [
              -121.035806,
              39.395153
            ],
            [
              -121.035754,
              39.395192
            ],
            [
              -121.035293,
              39.395396
            ],
            [
              -121.034577,
              39.395525
            ],
            [
              -121.033754,
              39.395629
            ],
            [
              -121.03278,
              39.395709
            ],
            [
              -121.03269,
              39.395717
            ],
            [
              -121.032158,
              39.395731
            ],
            [
              -121.031825,
              39.395702
            ],
            [
              -121.031229,
              39.395327
            ],
            [
              -121.030689,
              39.394835
            ],
            [
              -121.030232,
              39.394399
            ],
            [
              -121.030201,
              39.394369
            ],
            [
              -121.029684,
              39.394005
            ],
            [
              -121.029636,
              39.393971
            ],
            [
              -121.029084,
              39.393608
            ],
            [
              -121.028684,
              39.393295
            ],
            [
              -121.028494,
              39.393021
            ],
            [
              -121.028277,
              39.392608
            ],
            [
              -121.02822,
              39.392499
            ],
            [
              -121.027983,
              39.392001
            ],
            [
              -121.027948,
              39.391929
            ],
            [
              -121.02751,
              39.391309
            ],
            [
              -121.027472,
              39.391254
            ],
            [
              -121.026971,
              39.390535
            ],
            [
              -121.026114,
              39.38972
            ],
            [
              -121.025637,
              39.389405
            ],
            [
              -121.025555,
              39.38938
            ],
            [
              -121.025231,
              39.389281
            ],
            [
              -121.024838,
              39.389239
            ],
            [
              -121.024667,
              39.389249
            ],
            [
              -121.024518,
              39.389257
            ],
            [
              -121.024073,
              39.389587
            ],
            [
              -121.023549,
              39.390006
            ],
            [
              -121.023207,
              39.390306
            ],
            [
              -121.022783,
              39.390793
            ],
            [
              -121.02257,
              39.391053
            ],
            [
              -121.022328,
              39.391351
            ],
            [
              -121.022085,
              39.391558
            ],
            [
              -121.021908,
              39.391709
            ],
            [
              -121.02124,
              39.392239
            ],
            [
              -121.020492,
              39.392662
            ],
            [
              -121.020166,
              39.392939
            ],
            [
              -121.019839,
              39.393239
            ],
            [
              -121.019479,
              39.393622
            ],
            [
              -121.019245,
              39.393841
            ],
            [
              -121.019035,
              39.394285
            ],
            [
              -121.018797,
              39.394681
            ],
            [
              -121.018543,
              39.395066
            ],
            [
              -121.018038,
              39.395469
            ],
            [
              -121.017593,
              39.395673
            ],
            [
              -121.017228,
              39.395819
            ],
            [
              -121.017086,
              39.395877
            ],
            [
              -121.016582,
              39.395986
            ],
            [
              -121.015881,
              39.396092
            ],
            [
              -121.015544,
              39.396204
            ],
            [
              -121.015052,
              39.396443
            ],
            [
              -121.014681,
              39.396683
            ],
            [
              -121.014221,
              39.396829
            ],
            [
              -121.013308,
              39.396943
            ],
            [
              -121.012027,
              39.397156
            ],
            [
              -121.011393,
              39.397314
            ],
            [
              -121.011186,
              39.397366
            ],
            [
              -121.010113,
              39.397747
            ],
            [
              -121.008996,
              39.39807
            ],
            [
              -121.008304,
              39.398399
            ],
            [
              -121.007863,
              39.398698
            ],
            [
              -121.007519,
              39.399069
            ],
            [
              -121.007405,
              39.399349
            ],
            [
              -121.007365,
              39.39969
            ],
            [
              -121.007503,
              39.40014
            ],
            [
              -121.007696,
              39.40032
            ],
            [
              -121.007953,
              39.400348
            ],
            [
              -121.00838,
              39.400273
            ],
            [
              -121.008762,
              39.400161
            ],
            [
              -121.009326,
              39.4001
            ],
            [
              -121.009943,
              39.400264
            ],
            [
              -121.011622,
              39.401011
            ],
            [
              -121.012509,
              39.401273
            ],
            [
              -121.012937,
              39.401388
            ],
            [
              -121.013353,
              39.4015
            ],
            [
              -121.014019,
              39.401829
            ],
            [
              -121.014825,
              39.40229
            ],
            [
              -121.015177,
              39.402547
            ],
            [
              -121.015271,
              39.402616
            ],
            [
              -121.015441,
              39.403054
            ],
            [
              -121.015556,
              39.403821
            ],
            [
              -121.015551,
              39.404528
            ],
            [
              -121.015537,
              39.40501
            ],
            [
              -121.015454,
              39.405113
            ],
            [
              -121.015239,
              39.405382
            ],
            [
              -121.014668,
              39.40569
            ],
            [
              -121.014226,
              39.405753
            ],
            [
              -121.013259,
              39.405631
            ],
            [
              -121.012142,
              39.4054
            ],
            [
              -121.011783,
              39.405316
            ],
            [
              -121.010672,
              39.405057
            ],
            [
              -121.010129,
              39.404953
            ],
            [
              -121.009194,
              39.404749
            ],
            [
              -121.00856,
              39.40462
            ],
            [
              -121.008371,
              39.404616
            ],
            [
              -121.008044,
              39.404611
            ],
            [
              -121.007436,
              39.404648
            ],
            [
              -121.007009,
              39.404723
            ],
            [
              -121.006701,
              39.404871
            ],
            [
              -121.006189,
              39.405262
            ],
            [
              -121.00549,
              39.405816
            ],
            [
              -121.004931,
              39.406277
            ],
            [
              -121.004125,
              39.406864
            ],
            [
              -121.003379,
              39.407492
            ],
            [
              -121.00251,
              39.408143
            ],
            [
              -121.001063,
              39.409026
            ],
            [
              -121.000251,
              39.409626
            ],
            [
              -120.999858,
              39.409955
            ],
            [
              -120.99968,
              39.410071
            ],
            [
              -120.99926,
              39.410347
            ],
            [
              -120.998483,
              39.410818
            ],
            [
              -120.998091,
              39.411094
            ],
            [
              -120.997599,
              39.411481
            ],
            [
              -120.997012,
              39.411873
            ],
            [
              -120.99681,
              39.412043
            ],
            [
              -120.996659,
              39.412106
            ],
            [
              -120.996392,
              39.412369
            ],
            [
              -120.996026,
              39.412624
            ],
            [
              -120.995736,
              39.412827
            ],
            [
              -120.99503,
              39.413143
            ],
            [
              -120.99457,
              39.413247
            ],
            [
              -120.994193,
              39.413356
            ],
            [
              -120.993886,
              39.413485
            ],
            [
              -120.993529,
              39.413721
            ],
            [
              -120.993372,
              39.413847
            ],
            [
              -120.992703,
              39.414392
            ],
            [
              -120.992587,
              39.414429
            ],
            [
              -120.992525,
              39.414414
            ],
            [
              -120.992403,
              39.414417
            ],
            [
              -120.992335,
              39.414406
            ],
            [
              -120.992273,
              39.414396
            ],
            [
              -120.992144,
              39.41439
            ],
            [
              -120.991999,
              39.414351
            ],
            [
              -120.991823,
              39.414267
            ],
            [
              -120.991419,
              39.413985
            ],
            [
              -120.991244,
              39.413847
            ],
            [
              -120.990999,
              39.41364
            ],
            [
              -120.990335,
              39.413209
            ],
            [
              -120.990321,
              39.4132
            ],
            [
              -120.989939,
              39.412991
            ],
            [
              -120.989535,
              39.412741
            ],
            [
              -120.989199,
              39.412577
            ],
            [
              -120.988321,
              39.412215
            ],
            [
              -120.987314,
              39.411756
            ],
            [
              -120.986612,
              39.411551
            ],
            [
              -120.986345,
              39.411496
            ],
            [
              -120.985979,
              39.411463
            ],
            [
              -120.985613,
              39.411466
            ],
            [
              -120.985346,
              39.411502
            ],
            [
              -120.985079,
              39.411574
            ],
            [
              -120.984865,
              39.411669
            ],
            [
              -120.984659,
              39.411737
            ],
            [
              -120.984461,
              39.411833
            ],
            [
              -120.984239,
              39.411965
            ],
            [
              -120.983995,
              39.412141
            ],
            [
              -120.983966,
              39.412159
            ],
            [
              -120.983805,
              39.412263
            ],
            [
              -120.983629,
              39.412413
            ],
            [
              -120.983446,
              39.412636
            ],
            [
              -120.983263,
              39.412934
            ],
            [
              -120.982805,
              39.413836
            ],
            [
              -120.982665,
              39.414017
            ],
            [
              -120.982515,
              39.414133
            ],
            [
              -120.982279,
              39.414228
            ],
            [
              -120.981988,
              39.414254
            ],
            [
              -120.981939,
              39.414249
            ],
            [
              -120.981744,
              39.414232
            ],
            [
              -120.981538,
              39.414125
            ],
            [
              -120.981386,
              39.413942
            ],
            [
              -120.981203,
              39.413579
            ],
            [
              -120.981088,
              39.41327
            ],
            [
              -120.980989,
              39.412917
            ],
            [
              -120.980986,
              39.412897
            ],
            [
              -120.980935,
              39.412524
            ],
            [
              -120.980859,
              39.412154
            ],
            [
              -120.98076,
              39.411864
            ],
            [
              -120.980562,
              39.411703
            ],
            [
              -120.980279,
              39.411612
            ],
            [
              -120.979951,
              39.411584
            ],
            [
              -120.979768,
              39.411635
            ],
            [
              -120.979616,
              39.411722
            ],
            [
              -120.979349,
              39.411839
            ],
            [
              -120.979135,
              39.412029
            ],
            [
              -120.979059,
              39.412149
            ],
            [
              -120.97899,
              39.412301
            ],
            [
              -120.978898,
              39.41266
            ],
            [
              -120.978883,
              39.412854
            ],
            [
              -120.978914,
              39.413061
            ],
            [
              -120.979006,
              39.413338
            ],
            [
              -120.97912,
              39.413646
            ],
            [
              -120.979197,
              39.413819
            ],
            [
              -120.979441,
              39.414363
            ],
            [
              -120.979532,
              39.414586
            ],
            [
              -120.979799,
              39.415181
            ],
            [
              -120.979833,
              39.41528
            ],
            [
              -120.979883,
              39.415425
            ],
            [
              -120.979922,
              39.415584
            ],
            [
              -120.979944,
              39.415674
            ],
            [
              -120.97999,
              39.415968
            ],
            [
              -120.98002,
              39.416288
            ],
            [
              -120.98002,
              39.416529
            ],
            [
              -120.98002,
              39.416603
            ],
            [
              -120.979952,
              39.416837
            ],
            [
              -120.979914,
              39.416935
            ],
            [
              -120.979822,
              39.417096
            ],
            [
              -120.979692,
              39.417246
            ],
            [
              -120.979502,
              39.417437
            ],
            [
              -120.979341,
              39.417542
            ],
            [
              -120.979143,
              39.417647
            ],
            [
              -120.97893,
              39.417733
            ],
            [
              -120.978624,
              39.417818
            ],
            [
              -120.978605,
              39.417821
            ],
            [
              -120.978334,
              39.417872
            ],
            [
              -120.978082,
              39.417867
            ],
            [
              -120.977464,
              39.417798
            ],
            [
              -120.97722,
              39.417753
            ],
            [
              -120.976838,
              39.417665
            ],
            [
              -120.976335,
              39.417589
            ],
            [
              -120.975854,
              39.417504
            ],
            [
              -120.975412,
              39.417469
            ],
            [
              -120.975176,
              39.417429
            ],
            [
              -120.974702,
              39.417398
            ],
            [
              -120.974313,
              39.417383
            ],
            [
              -120.97368,
              39.417435
            ],
            [
              -120.973436,
              39.417502
            ],
            [
              -120.973328,
              39.417532
            ],
            [
              -120.973138,
              39.417623
            ],
            [
              -120.972978,
              39.417756
            ],
            [
              -120.972849,
              39.417934
            ],
            [
              -120.972749,
              39.41818
            ],
            [
              -120.972672,
              39.418449
            ],
            [
              -120.972573,
              39.418681
            ],
            [
              -120.972429,
              39.418809
            ],
            [
              -120.972322,
              39.418853
            ],
            [
              -120.9722,
              39.418896
            ],
            [
              -120.972055,
              39.418934
            ],
            [
              -120.971879,
              39.418958
            ],
            [
              -120.971703,
              39.418941
            ],
            [
              -120.971482,
              39.418883
            ],
            [
              -120.971238,
              39.418811
            ],
            [
              -120.97104,
              39.418677
            ],
            [
              -120.970819,
              39.418556
            ],
            [
              -120.970582,
              39.418417
            ],
            [
              -120.970322,
              39.418273
            ],
            [
              -120.969934,
              39.418113
            ],
            [
              -120.969682,
              39.418014
            ],
            [
              -120.9694,
              39.417928
            ],
            [
              -120.969049,
              39.417854
            ],
            [
              -120.96882,
              39.417823
            ],
            [
              -120.968179,
              39.417753
            ],
            [
              -120.967774,
              39.417692
            ],
            [
              -120.966645,
              39.417632
            ],
            [
              -120.966057,
              39.417563
            ],
            [
              -120.965539,
              39.417513
            ],
            [
              -120.965089,
              39.417447
            ],
            [
              -120.964814,
              39.417456
            ],
            [
              -120.964577,
              39.417434
            ],
            [
              -120.964303,
              39.417366
            ],
            [
              -120.963578,
              39.417204
            ],
            [
              -120.963082,
              39.417074
            ],
            [
              -120.962678,
              39.416945
            ],
            [
              -120.961793,
              39.4167
            ],
            [
              -120.961335,
              39.416625
            ],
            [
              -120.96087,
              39.416544
            ],
            [
              -120.960641,
              39.416477
            ],
            [
              -120.960373,
              39.416405
            ],
            [
              -120.960145,
              39.416324
            ],
            [
              -120.959824,
              39.416089
            ],
            [
              -120.959633,
              39.415968
            ],
            [
              -120.959283,
              39.415814
            ],
            [
              -120.958993,
              39.415723
            ],
            [
              -120.958718,
              39.415682
            ],
            [
              -120.95839,
              39.415658
            ],
            [
              -120.957978,
              39.415642
            ],
            [
              -120.957635,
              39.415668
            ],
            [
              -120.957237,
              39.415751
            ],
            [
              -120.957024,
              39.415837
            ],
            [
              -120.956818,
              39.415955
            ],
            [
              -120.956742,
              39.416003
            ],
            [
              -120.956673,
              39.416079
            ],
            [
              -120.95662,
              39.416123
            ],
            [
              -120.95659,
              39.41623
            ],
            [
              -120.956574,
              39.416361
            ],
            [
              -120.956604,
              39.416497
            ],
            [
              -120.956589,
              39.416658
            ],
            [
              -120.956551,
              39.416775
            ],
            [
              -120.956467,
              39.416877
            ],
            [
              -120.956269,
              39.416955
            ],
            [
              -120.956124,
              39.416993
            ],
            [
              -120.955941,
              39.416994
            ],
            [
              -120.955162,
              39.416904
            ],
            [
              -120.954704,
              39.416873
            ],
            [
              -120.954532,
              39.416853
            ],
            [
              -120.954121,
              39.416803
            ],
            [
              -120.953877,
              39.416767
            ],
            [
              -120.952999,
              39.416696
            ],
            [
              -120.952726,
              39.416691
            ],
            [
              -120.952536,
              39.416705
            ],
            [
              -120.952327,
              39.416755
            ],
            [
              -120.952314,
              39.416761
            ],
            [
              -120.952164,
              39.416847
            ],
            [
              -120.952019,
              39.41697
            ],
            [
              -120.951774,
              39.417358
            ],
            [
              -120.951682,
              39.417587
            ],
            [
              -120.951583,
              39.417851
            ],
            [
              -120.951491,
              39.418062
            ],
            [
              -120.951407,
              39.418277
            ],
            [
              -120.951322,
              39.418442
            ],
            [
              -120.9512,
              39.418626
            ],
            [
              -120.951041,
              39.418772
            ],
            [
              -120.950926,
              39.41886
            ],
            [
              -120.950803,
              39.418893
            ],
            [
              -120.95065,
              39.418918
            ],
            [
              -120.950123,
              39.418909
            ],
            [
              -120.949871,
              39.418895
            ],
            [
              -120.949535,
              39.418804
            ],
            [
              -120.949136,
              39.418738
            ],
            [
              -120.948923,
              39.418752
            ],
            [
              -120.948686,
              39.418789
            ],
            [
              -120.948472,
              39.418761
            ],
            [
              -120.948036,
              39.41861
            ],
            [
              -120.947639,
              39.418499
            ],
            [
              -120.947295,
              39.418421
            ],
            [
              -120.946989,
              39.418379
            ],
            [
              -120.946622,
              39.418423
            ],
            [
              -120.946423,
              39.41841
            ],
            [
              -120.946194,
              39.418433
            ],
            [
              -120.945973,
              39.418474
            ],
            [
              -120.945491,
              39.41861
            ],
            [
              -120.945269,
              39.4187
            ],
            [
              -120.945085,
              39.418805
            ],
            [
              -120.944926,
              39.418933
            ],
            [
              -120.944774,
              39.419069
            ],
            [
              -120.944573,
              39.419252
            ],
            [
              -120.944398,
              39.419366
            ],
            [
              -120.944259,
              39.419472
            ],
            [
              -120.94413,
              39.419596
            ],
            [
              -120.943947,
              39.419701
            ],
            [
              -120.943764,
              39.419757
            ],
            [
              -120.943527,
              39.419802
            ],
            [
              -120.943344,
              39.419799
            ],
            [
              -120.943169,
              39.419751
            ],
            [
              -120.942932,
              39.41963
            ],
            [
              -120.942741,
              39.419482
            ],
            [
              -120.942528,
              39.419303
            ],
            [
              -120.942123,
              39.418922
            ],
            [
              -120.942009,
              39.418789
            ],
            [
              -120.941757,
              39.418613
            ],
            [
              -120.941047,
              39.418254
            ],
            [
              -120.940696,
              39.41814
            ],
            [
              -120.94043,
              39.418022
            ],
            [
              -120.940018,
              39.417889
            ],
            [
              -120.939689,
              39.417793
            ],
            [
              -120.939499,
              39.417749
            ],
            [
              -120.938927,
              39.417635
            ],
            [
              -120.938591,
              39.417584
            ],
            [
              -120.937682,
              39.417456
            ],
            [
              -120.937537,
              39.417426
            ],
            [
              -120.937156,
              39.417379
            ],
            [
              -120.93679,
              39.417327
            ],
            [
              -120.93653,
              39.417305
            ],
            [
              -120.93624,
              39.41729
            ],
            [
              -120.936027,
              39.417318
            ],
            [
              -120.935813,
              39.417373
            ],
            [
              -120.935669,
              39.417451
            ],
            [
              -120.935547,
              39.417526
            ],
            [
              -120.935478,
              39.417601
            ],
            [
              -120.935417,
              39.417681
            ],
            [
              -120.935272,
              39.417836
            ],
            [
              -120.935111,
              39.417964
            ],
            [
              -120.934959,
              39.418038
            ],
            [
              -120.934821,
              39.418049
            ],
            [
              -120.9347,
              39.418033
            ],
            [
              -120.934501,
              39.417908
            ],
            [
              -120.934333,
              39.417815
            ],
            [
              -120.934066,
              39.417734
            ],
            [
              -120.93383,
              39.417698
            ],
            [
              -120.93357,
              39.417644
            ],
            [
              -120.933227,
              39.417525
            ],
            [
              -120.932792,
              39.417364
            ],
            [
              -120.932563,
              39.417266
            ],
            [
              -120.931983,
              39.417125
            ],
            [
              -120.9318,
              39.417121
            ],
            [
              -120.931617,
              39.41719
            ],
            [
              -120.93138,
              39.417272
            ],
            [
              -120.931052,
              39.417401
            ],
            [
              -120.930771,
              39.417522
            ],
            [
              -120.93045,
              39.417688
            ],
            [
              -120.930137,
              39.417822
            ],
            [
              -120.929939,
              39.417913
            ],
            [
              -120.929801,
              39.418041
            ],
            [
              -120.92971,
              39.418192
            ],
            [
              -120.929648,
              39.418376
            ],
            [
              -120.929634,
              39.418529
            ],
            [
              -120.929641,
              39.418655
            ],
            [
              -120.929679,
              39.418818
            ],
            [
              -120.929732,
              39.419017
            ],
            [
              -120.929801,
              39.419203
            ],
            [
              -120.929923,
              39.419458
            ],
            [
              -120.929977,
              39.419693
            ],
            [
              -120.930053,
              39.419874
            ],
            [
              -120.930084,
              39.420033
            ],
            [
              -120.930068,
              39.420204
            ],
            [
              -120.93,
              39.420383
            ],
            [
              -120.929878,
              39.420556
            ],
            [
              -120.92974,
              39.420675
            ],
            [
              -120.929557,
              39.420812
            ],
            [
              -120.929328,
              39.420907
            ],
            [
              -120.929107,
              39.42097
            ],
            [
              -120.928916,
              39.421016
            ],
            [
              -120.928733,
              39.42104
            ],
            [
              -120.928581,
              39.421042
            ],
            [
              -120.928458,
              39.421026
            ],
            [
              -120.928237,
              39.420914
            ],
            [
              -120.928077,
              39.42079
            ],
            [
              -120.927901,
              39.420638
            ],
            [
              -120.927741,
              39.420513
            ],
            [
              -120.927467,
              39.420342
            ],
            [
              -120.927222,
              39.420234
            ],
            [
              -120.926979,
              39.420176
            ],
            [
              -120.926849,
              39.420128
            ],
            [
              -120.926619,
              39.42007
            ],
            [
              -120.926292,
              39.420073
            ],
            [
              -120.925956,
              39.420135
            ],
            [
              -120.925697,
              39.420211
            ],
            [
              -120.925452,
              39.420252
            ],
            [
              -120.925193,
              39.420319
            ],
            [
              -120.924925,
              39.420414
            ],
            [
              -120.924613,
              39.420507
            ],
            [
              -120.923911,
              39.420738
            ],
            [
              -120.923606,
              39.420814
            ],
            [
              -120.923316,
              39.420854
            ],
            [
              -120.923057,
              39.420885
            ],
            [
              -120.922713,
              39.420942
            ],
            [
              -120.922416,
              39.420973
            ],
            [
              -120.92208,
              39.421093
            ],
            [
              -120.921797,
              39.421164
            ],
            [
              -120.921638,
              39.421243
            ],
            [
              -120.921531,
              39.421326
            ],
            [
              -120.921439,
              39.421442
            ],
            [
              -120.921371,
              39.421625
            ],
            [
              -120.921332,
              39.421764
            ],
            [
              -120.921248,
              39.421988
            ],
            [
              -120.921157,
              39.42218
            ],
            [
              -120.92105,
              39.422291
            ],
            [
              -120.920913,
              39.422351
            ],
            [
              -120.920653,
              39.422387
            ],
            [
              -120.9205,
              39.422371
            ],
            [
              -120.920302,
              39.422291
            ],
            [
              -120.919883,
              39.422049
            ],
            [
              -120.919349,
              39.4214
            ],
            [
              -120.919173,
              39.421212
            ],
            [
              -120.918959,
              39.421037
            ],
            [
              -120.918586,
              39.420814
            ],
            [
              -120.918372,
              39.420707
            ],
            [
              -120.918021,
              39.420606
            ],
            [
              -120.917113,
              39.420382
            ],
            [
              -120.91648,
              39.420245
            ],
            [
              -120.916052,
              39.42017
            ],
            [
              -120.915732,
              39.420105
            ],
            [
              -120.915366,
              39.42004
            ],
            [
              -120.914961,
              39.419988
            ],
            [
              -120.914687,
              39.419969
            ],
            [
              -120.914496,
              39.419971
            ],
            [
              -120.914328,
              39.420013
            ],
            [
              -120.914168,
              39.420077
            ],
            [
              -120.914046,
              39.42017
            ],
            [
              -120.913939,
              39.420204
            ],
            [
              -120.913786,
              39.420408
            ],
            [
              -120.913718,
              39.420524
            ],
            [
              -120.913656,
              39.420681
            ],
            [
              -120.913618,
              39.420856
            ],
            [
              -120.913619,
              39.421036
            ],
            [
              -120.913641,
              39.42119
            ],
            [
              -120.913755,
              39.421615
            ],
            [
              -120.913802,
              39.42176
            ],
            [
              -120.91384,
              39.421918
            ],
            [
              -120.913848,
              39.422081
            ],
            [
              -120.91384,
              39.422346
            ],
            [
              -120.913819,
              39.422537
            ],
            [
              -120.913817,
              39.422562
            ],
            [
              -120.913741,
              39.422813
            ],
            [
              -120.913642,
              39.42305
            ],
            [
              -120.913527,
              39.423237
            ],
            [
              -120.913451,
              39.423416
            ],
            [
              -120.913451,
              39.423601
            ],
            [
              -120.913428,
              39.423803
            ],
            [
              -120.91339,
              39.424014
            ],
            [
              -120.913298,
              39.424125
            ],
            [
              -120.913069,
              39.424252
            ],
            [
              -120.912977,
              39.424336
            ],
            [
              -120.912932,
              39.424497
            ],
            [
              -120.912886,
              39.42469
            ],
            [
              -120.912856,
              39.424838
            ],
            [
              -120.912696,
              39.424939
            ],
            [
              -120.912421,
              39.425064
            ],
            [
              -120.912032,
              39.425301
            ],
            [
              -120.911727,
              39.425448
            ],
            [
              -120.911398,
              39.425569
            ],
            [
              -120.911063,
              39.425747
            ],
            [
              -120.910857,
              39.425888
            ],
            [
              -120.910582,
              39.426009
            ],
            [
              -120.910292,
              39.426062
            ],
            [
              -120.90985,
              39.426126
            ],
            [
              -120.909506,
              39.426152
            ],
            [
              -120.90927,
              39.426116
            ],
            [
              -120.909087,
              39.426072
            ],
            [
              -120.908828,
              39.426004
            ],
            [
              -120.908522,
              39.425873
            ],
            [
              -120.908163,
              39.425704
            ],
            [
              -120.907835,
              39.42555
            ],
            [
              -120.907469,
              39.425392
            ],
            [
              -120.907309,
              39.425324
            ],
            [
              -120.906607,
              39.425014
            ],
            [
              -120.906203,
              39.42479
            ],
            [
              -120.905836,
              39.42464
            ],
            [
              -120.90576,
              39.424571
            ],
            [
              -120.905615,
              39.424519
            ],
            [
              -120.904982,
              39.424404
            ],
            [
              -120.904517,
              39.424364
            ],
            [
              -120.904196,
              39.424322
            ],
            [
              -120.903891,
              39.424289
            ],
            [
              -120.903502,
              39.424206
            ],
            [
              -120.902922,
              39.424123
            ],
            [
              -120.902838,
              39.424099
            ],
            [
              -120.902779,
              39.4241
            ],
            [
              -120.902647,
              39.424105
            ],
            [
              -120.902457,
              39.424128
            ],
            [
              -120.902281,
              39.42417
            ],
            [
              -120.902075,
              39.424243
            ],
            [
              -120.901785,
              39.424396
            ],
            [
              -120.901617,
              39.424478
            ],
            [
              -120.901495,
              39.424507
            ],
            [
              -120.901235,
              39.424516
            ],
            [
              -120.9009,
              39.424533
            ],
            [
              -120.900541,
              39.424513
            ],
            [
              -120.899847,
              39.424509
            ],
            [
              -120.899542,
              39.424454
            ],
            [
              -120.899046,
              39.424283
            ],
            [
              -120.898771,
              39.424229
            ],
            [
              -120.898588,
              39.424207
            ],
            [
              -120.898336,
              39.424203
            ],
            [
              -120.898046,
              39.424242
            ],
            [
              -120.897276,
              39.424292
            ],
            [
              -120.897009,
              39.42426
            ],
            [
              -120.896711,
              39.424191
            ],
            [
              -120.896429,
              39.424137
            ],
            [
              -120.896086,
              39.424144
            ],
            [
              -120.895658,
              39.424168
            ],
            [
              -120.895292,
              39.424139
            ],
            [
              -120.89504,
              39.424107
            ],
            [
              -120.894262,
              39.424111
            ],
            [
              -120.893941,
              39.424132
            ],
            [
              -120.89355,
              39.424213
            ],
            [
              -120.89295,
              39.424394
            ],
            [
              -120.892591,
              39.424563
            ],
            [
              -120.892346,
              39.424698
            ],
            [
              -120.891638,
              39.425118
            ],
            [
              -120.891484,
              39.425187
            ],
            [
              -120.891279,
              39.425291
            ],
            [
              -120.891096,
              39.42536
            ],
            [
              -120.890905,
              39.425393
            ],
            [
              -120.890722,
              39.425502
            ],
            [
              -120.890584,
              39.425517
            ],
            [
              -120.890402,
              39.425582
            ],
            [
              -120.890226,
              39.425651
            ],
            [
              -120.890005,
              39.425782
            ],
            [
              -120.889867,
              39.425896
            ],
            [
              -120.88976,
              39.426043
            ],
            [
              -120.889715,
              39.426159
            ],
            [
              -120.889631,
              39.42632
            ],
            [
              -120.88944,
              39.426465
            ],
            [
              -120.889242,
              39.426601
            ],
            [
              -120.88902,
              39.42671
            ],
            [
              -120.888685,
              39.426898
            ],
            [
              -120.888357,
              39.42704
            ],
            [
              -120.88815,
              39.427113
            ],
            [
              -120.887819,
              39.427233
            ],
            [
              -120.887761,
              39.427255
            ],
            [
              -120.887586,
              39.427346
            ],
            [
              -120.887426,
              39.42746
            ],
            [
              -120.887258,
              39.427633
            ],
            [
              -120.887151,
              39.427775
            ],
            [
              -120.886968,
              39.427957
            ],
            [
              -120.886701,
              39.42829
            ],
            [
              -120.886571,
              39.428355
            ],
            [
              -120.88638,
              39.428405
            ],
            [
              -120.886167,
              39.428433
            ],
            [
              -120.885884,
              39.42845
            ],
            [
              -120.885671,
              39.428451
            ],
            [
              -120.885015,
              39.428493
            ],
            [
              -120.884816,
              39.428548
            ],
            [
              -120.884656,
              39.428608
            ],
            [
              -120.884588,
              39.428643
            ],
            [
              -120.884512,
              39.428732
            ],
            [
              -120.884481,
              39.428889
            ],
            [
              -120.884481,
              39.429051
            ],
            [
              -120.884511,
              39.429218
            ],
            [
              -120.884519,
              39.429327
            ],
            [
              -120.884496,
              39.42938
            ],
            [
              -120.884405,
              39.429406
            ],
            [
              -120.884335,
              39.429418
            ],
            [
              -120.884206,
              39.429397
            ],
            [
              -120.883664,
              39.429234
            ],
            [
              -120.883435,
              39.429127
            ],
            [
              -120.883115,
              39.428999
            ],
            [
              -120.882871,
              39.428878
            ],
            [
              -120.882664,
              39.428802
            ],
            [
              -120.882505,
              39.428749
            ],
            [
              -120.881894,
              39.428716
            ],
            [
              -120.881535,
              39.428655
            ],
            [
              -120.881024,
              39.428587
            ],
            [
              -120.880696,
              39.428586
            ],
            [
              -120.880437,
              39.42859
            ],
            [
              -120.880231,
              39.428631
            ],
            [
              -120.879941,
              39.428712
            ],
            [
              -120.879636,
              39.42881
            ],
            [
              -120.879521,
              39.428826
            ],
            [
              -120.879376,
              39.428841
            ],
            [
              -120.879124,
              39.428859
            ],
            [
              -120.878804,
              39.428876
            ],
            [
              -120.878716,
              39.428885
            ],
            [
              -120.878568,
              39.428903
            ],
            [
              -120.878438,
              39.428946
            ],
            [
              -120.878339,
              39.429061
            ],
            [
              -120.878316,
              39.429173
            ],
            [
              -120.878338,
              39.429277
            ],
            [
              -120.878377,
              39.429413
            ],
            [
              -120.878446,
              39.429522
            ],
            [
              -120.87859,
              39.429728
            ],
            [
              -120.878659,
              39.429909
            ],
            [
              -120.87869,
              39.430045
            ],
            [
              -120.878766,
              39.430213
            ],
            [
              -120.87885,
              39.430336
            ],
            [
              -120.878896,
              39.430458
            ],
            [
              -120.878896,
              39.430648
            ],
            [
              -120.87888,
              39.430787
            ],
            [
              -120.878796,
              39.430939
            ],
            [
              -120.878667,
              39.431031
            ],
            [
              -120.878469,
              39.431108
            ],
            [
              -120.878286,
              39.431164
            ],
            [
              -120.878041,
              39.431168
            ],
            [
              -120.87785,
              39.431124
            ],
            [
              -120.877736,
              39.431077
            ],
            [
              -120.877576,
              39.431002
            ],
            [
              -120.877347,
              39.430782
            ],
            [
              -120.877279,
              39.430609
            ],
            [
              -120.877225,
              39.430397
            ],
            [
              -120.877187,
              39.430112
            ],
            [
              -120.877118,
              39.42989
            ],
            [
              -120.877049,
              39.429727
            ],
            [
              -120.877034,
              39.429704
            ],
            [
              -120.87695,
              39.429617
            ],
            [
              -120.876744,
              39.429568
            ],
            [
              -120.876569,
              39.429565
            ],
            [
              -120.876367,
              39.429553
            ],
            [
              -120.876325,
              39.429551
            ],
            [
              -120.876058,
              39.429452
            ],
            [
              -120.875981,
              39.429414
            ],
            [
              -120.87592,
              39.429521
            ],
            [
              -120.875775,
              39.429649
            ],
            [
              -120.875692,
              39.429787
            ],
            [
              -120.875615,
              39.429944
            ],
            [
              -120.875531,
              39.430429
            ],
            [
              -120.8755,
              39.430662
            ],
            [
              -120.875454,
              39.430783
            ],
            [
              -120.875379,
              39.43093
            ],
            [
              -120.875264,
              39.431059
            ],
            [
              -120.875165,
              39.431125
            ],
            [
              -120.875089,
              39.43115
            ],
            [
              -120.874974,
              39.431162
            ],
            [
              -120.87486,
              39.43116
            ],
            [
              -120.87473,
              39.431144
            ],
            [
              -120.874509,
              39.431077
            ],
            [
              -120.87431,
              39.430983
            ],
            [
              -120.873586,
              39.430623
            ],
            [
              -120.872639,
              39.430191
            ],
            [
              -120.872029,
              39.429937
            ],
            [
              -120.871236,
              39.429593
            ],
            [
              -120.870938,
              39.429448
            ],
            [
              -120.870839,
              39.429428
            ],
            [
              -120.870686,
              39.429426
            ],
            [
              -120.870549,
              39.429441
            ],
            [
              -120.870389,
              39.429479
            ],
            [
              -120.870244,
              39.429548
            ],
            [
              -120.870076,
              39.429644
            ],
            [
              -120.869946,
              39.429745
            ],
            [
              -120.869847,
              39.429897
            ],
            [
              -120.869793,
              39.430076
            ],
            [
              -120.869755,
              39.430301
            ],
            [
              -120.869771,
              39.430526
            ],
            [
              -120.869778,
              39.430751
            ],
            [
              -120.86974,
              39.430895
            ],
            [
              -120.869618,
              39.431086
            ],
            [
              -120.869481,
              39.431237
            ],
            [
              -120.869356,
              39.431312
            ],
            [
              -120.869305,
              39.431342
            ],
            [
              -120.869137,
              39.431388
            ],
            [
              -120.868969,
              39.431408
            ],
            [
              -120.868857,
              39.431413
            ],
            [
              -120.86884,
              39.431414
            ],
            [
              -120.868687,
              39.431385
            ],
            [
              -120.86842,
              39.431281
            ],
            [
              -120.868176,
              39.431146
            ],
            [
              -120.867794,
              39.430909
            ],
            [
              -120.867479,
              39.430744
            ],
            [
              -120.867024,
              39.430507
            ],
            [
              -120.866879,
              39.430432
            ],
            [
              -120.866604,
              39.430337
            ],
            [
              -120.866429,
              39.430289
            ],
            [
              -120.866177,
              39.43023
            ],
            [
              -120.865826,
              39.43017
            ],
            [
              -120.865468,
              39.43015
            ],
            [
              -120.865223,
              39.430141
            ],
            [
              -120.86501,
              39.430173
            ],
            [
              -120.864765,
              39.4302
            ],
            [
              -120.864506,
              39.430294
            ],
            [
              -120.864331,
              39.430386
            ],
            [
              -120.864094,
              39.430539
            ],
            [
              -120.863903,
              39.430734
            ],
            [
              -120.863735,
              39.430938
            ],
            [
              -120.863667,
              39.431015
            ],
            [
              -120.863591,
              39.431102
            ],
            [
              -120.863324,
              39.431358
            ],
            [
              -120.862919,
              39.431878
            ],
            [
              -120.862675,
              39.432162
            ],
            [
              -120.862538,
              39.432443
            ],
            [
              -120.862454,
              39.43259
            ],
            [
              -120.862285,
              39.432709
            ],
            [
              -120.862156,
              39.432909
            ],
            [
              -120.861996,
              39.433199
            ],
            [
              -120.861927,
              39.433265
            ],
            [
              -120.86179,
              39.43338
            ],
            [
              -120.861614,
              39.433498
            ],
            [
              -120.861385,
              39.433602
            ],
            [
              -120.86118,
              39.433652
            ],
            [
              -120.860935,
              39.433666
            ],
            [
              -120.8606,
              39.433642
            ],
            [
              -120.860149,
              39.433629
            ],
            [
              -120.85989,
              39.433606
            ],
            [
              -120.859676,
              39.433643
            ],
            [
              -120.859409,
              39.433791
            ],
            [
              -120.859043,
              39.434082
            ],
            [
              -120.858814,
              39.434303
            ],
            [
              -120.858463,
              39.434769
            ],
            [
              -120.858219,
              39.43499
            ],
            [
              -120.858036,
              39.435104
            ],
            [
              -120.857753,
              39.435202
            ],
            [
              -120.85751,
              39.43527
            ],
            [
              -120.857334,
              39.435276
            ],
            [
              -120.857166,
              39.435259
            ],
            [
              -120.857014,
              39.435216
            ],
            [
              -120.856846,
              39.435136
            ],
            [
              -120.856686,
              39.434998
            ],
            [
              -120.856144,
              39.434353
            ],
            [
              -120.855884,
              39.434064
            ],
            [
              -120.855694,
              39.433835
            ],
            [
              -120.855557,
              39.433738
            ],
            [
              -120.855426,
              39.433677
            ],
            [
              -120.855289,
              39.43363
            ],
            [
              -120.855175,
              39.433641
            ],
            [
              -120.855083,
              39.433662
            ],
            [
              -120.855056,
              39.433679
            ],
            [
              -120.854984,
              39.433728
            ],
            [
              -120.854869,
              39.433865
            ],
            [
              -120.854755,
              39.434066
            ],
            [
              -120.854694,
              39.434335
            ],
            [
              -120.854656,
              39.434794
            ],
            [
              -120.854679,
              39.435222
            ],
            [
              -120.854633,
              39.435856
            ],
            [
              -120.85458,
              39.436018
            ],
            [
              -120.854519,
              39.436129
            ],
            [
              -120.854405,
              39.436213
            ],
            [
              -120.85426,
              39.436255
            ],
            [
              -120.854038,
              39.436269
            ],
            [
              -120.853848,
              39.436261
            ],
            [
              -120.853443,
              39.43619
            ],
            [
              -120.853344,
              39.436175
            ],
            [
              -120.853146,
              39.436113
            ],
            [
              -120.85297,
              39.436006
            ],
            [
              -120.852764,
              39.435853
            ],
            [
              -120.852551,
              39.435755
            ],
            [
              -120.852527,
              39.435745
            ],
            [
              -120.851619,
              39.435751
            ],
            [
              -120.85149,
              39.43574
            ],
            [
              -120.851383,
              39.435724
            ],
            [
              -120.851238,
              39.435713
            ],
            [
              -120.850948,
              39.435707
            ],
            [
              -120.850696,
              39.435739
            ],
            [
              -120.850498,
              39.435803
            ],
            [
              -120.850414,
              39.435792
            ],
            [
              -120.850086,
              39.435804
            ],
            [
              -120.849556,
              39.43581
            ],
            [
              -120.849514,
              39.435811
            ],
            [
              -120.849147,
              39.435872
            ],
            [
              -120.848736,
              39.435919
            ],
            [
              -120.84856,
              39.435924
            ],
            [
              -120.848484,
              39.435923
            ],
            [
              -120.848299,
              39.435868
            ],
            [
              -120.848026,
              39.435788
            ],
            [
              -120.847842,
              39.435781
            ],
            [
              -120.847553,
              39.435798
            ],
            [
              -120.847508,
              39.435808
            ],
            [
              -120.847248,
              39.435873
            ],
            [
              -120.847049,
              39.435951
            ],
            [
              -120.846698,
              39.436048
            ],
            [
              -120.84647,
              39.436098
            ],
            [
              -120.846316,
              39.436117
            ],
            [
              -120.846195,
              39.436106
            ],
            [
              -120.84605,
              39.436067
            ],
            [
              -120.845897,
              39.436006
            ],
            [
              -120.845599,
              39.43582
            ],
            [
              -120.84531,
              39.435554
            ],
            [
              -120.845134,
              39.435339
            ],
            [
              -120.845018,
              39.435232
            ],
            [
              -120.844943,
              39.435177
            ],
            [
              -120.844798,
              39.435125
            ],
            [
              -120.844592,
              39.435072
            ],
            [
              -120.844318,
              39.435049
            ],
            [
              -120.843898,
              39.435036
            ],
            [
              -120.843265,
              39.435115
            ],
            [
              -120.843104,
              39.435161
            ],
            [
              -120.84296,
              39.435235
            ],
            [
              -120.842822,
              39.435336
            ],
            [
              -120.842753,
              39.435403
            ],
            [
              -120.842647,
              39.435545
            ],
            [
              -120.842593,
              39.435719
            ],
            [
              -120.842609,
              39.435922
            ],
            [
              -120.84267,
              39.436153
            ],
            [
              -120.842723,
              39.436388
            ],
            [
              -120.842754,
              39.436601
            ],
            [
              -120.842769,
              39.43679
            ],
            [
              -120.842716,
              39.437091
            ],
            [
              -120.84267,
              39.437257
            ],
            [
              -120.842448,
              39.437519
            ],
            [
              -120.842197,
              39.437667
            ],
            [
              -120.841754,
              39.437857
            ],
            [
              -120.841052,
              39.438123
            ],
            [
              -120.84016,
              39.438427
            ],
            [
              -120.839576,
              39.438634
            ],
            [
              -120.839557,
              39.438641
            ],
            [
              -120.839099,
              39.438835
            ],
            [
              -120.838573,
              39.439073
            ],
            [
              -120.838153,
              39.439344
            ],
            [
              -120.837863,
              39.439587
            ],
            [
              -120.837672,
              39.439804
            ],
            [
              -120.837497,
              39.440071
            ],
            [
              -120.837459,
              39.440156
            ],
            [
              -120.837329,
              39.440257
            ],
            [
              -120.837184,
              39.440363
            ],
            [
              -120.83707,
              39.440419
            ],
            [
              -120.836887,
              39.440456
            ],
            [
              -120.836375,
              39.440438
            ],
            [
              -120.835864,
              39.440324
            ],
            [
              -120.835513,
              39.440142
            ],
            [
              -120.835269,
              39.44003
            ],
            [
              -120.834949,
              39.439947
            ],
            [
              -120.834598,
              39.439868
            ],
            [
              -120.834307,
              39.439858
            ],
            [
              -120.834219,
              39.439844
            ],
            [
              -120.833659,
              39.439761
            ],
            [
              -120.833056,
              39.439736
            ],
            [
              -120.832759,
              39.439744
            ],
            [
              -120.832523,
              39.439735
            ],
            [
              -120.832324,
              39.439709
            ],
            [
              -120.832186,
              39.439643
            ],
            [
              -120.832064,
              39.439551
            ],
            [
              -120.831973,
              39.439423
            ],
            [
              -120.831843,
              39.439146
            ],
            [
              -120.831813,
              39.438992
            ],
            [
              -120.831836,
              39.438844
            ],
            [
              -120.831866,
              39.438754
            ],
            [
              -120.831912,
              39.438715
            ],
            [
              -120.832248,
              39.438473
            ],
            [
              -120.832759,
              39.438271
            ],
            [
              -120.833133,
              39.438071
            ],
            [
              -120.833438,
              39.437923
            ],
            [
              -120.833582,
              39.437822
            ],
            [
              -120.833682,
              39.437698
            ],
            [
              -120.833712,
              39.437573
            ],
            [
              -120.833697,
              39.437505
            ],
            [
              -120.833666,
              39.437432
            ],
            [
              -120.833568,
              39.437336
            ],
            [
              -120.833338,
              39.437237
            ],
            [
              -120.833087,
              39.437155
            ],
            [
              -120.832347,
              39.437088
            ],
            [
              -120.831942,
              39.437017
            ],
            [
              -120.831507,
              39.436991
            ],
            [
              -120.831225,
              39.436972
            ],
            [
              -120.830676,
              39.436948
            ],
            [
              -120.829989,
              39.436863
            ],
            [
              -120.828928,
              39.4367
            ],
            [
              -120.828684,
              39.436645
            ],
            [
              -120.828463,
              39.436596
            ],
            [
              -120.828112,
              39.436491
            ],
            [
              -120.827662,
              39.436298
            ],
            [
              -120.827479,
              39.436213
            ],
            [
              -120.827395,
              39.43613
            ],
            [
              -120.827288,
              39.435939
            ],
            [
              -120.827212,
              39.435717
            ],
            [
              -120.827082,
              39.435426
            ],
            [
              -120.826899,
              39.435279
            ],
            [
              -120.826578,
              39.435133
            ],
            [
              -120.826357,
              39.435039
            ],
            [
              -120.826021,
              39.435015
            ],
            [
              -120.825839,
              39.435011
            ],
            [
              -120.825762,
              39.435023
            ],
            [
              -120.825686,
              39.435067
            ],
            [
              -120.825495,
              39.435207
            ],
            [
              -120.825213,
              39.435378
            ],
            [
              -120.825052,
              39.435519
            ],
            [
              -120.824679,
              39.43571
            ],
            [
              -120.824388,
              39.435853
            ],
            [
              -120.824069,
              39.436032
            ],
            [
              -120.824043,
              39.436056
            ],
            [
              -120.823878,
              39.436209
            ],
            [
              -120.823763,
              39.436369
            ],
            [
              -120.823664,
              39.436547
            ],
            [
              -120.823565,
              39.436671
            ],
            [
              -120.823427,
              39.436799
            ],
            [
              -120.823344,
              39.43691
            ],
            [
              -120.823298,
              39.437063
            ],
            [
              -120.823298,
              39.437203
            ],
            [
              -120.823283,
              39.437274
            ],
            [
              -120.823252,
              39.437314
            ],
            [
              -120.823198,
              39.43734
            ],
            [
              -120.823138,
              39.437353
            ],
            [
              -120.823008,
              39.437337
            ],
            [
              -120.822588,
              39.437216
            ],
            [
              -120.821986,
              39.43702
            ],
            [
              -120.821452,
              39.436857
            ],
            [
              -120.821154,
              39.436788
            ],
            [
              -120.820902,
              39.436761
            ],
            [
              -120.820642,
              39.436752
            ],
            [
              -120.820399,
              39.436765
            ],
            [
              -120.820086,
              39.436701
            ],
            [
              -120.819971,
              39.436663
            ],
            [
              -120.819818,
              39.436606
            ],
            [
              -120.819659,
              39.436535
            ],
            [
              -120.819467,
              39.436455
            ],
            [
              -120.819284,
              39.436429
            ],
            [
              -120.819079,
              39.436407
            ],
            [
              -120.818857,
              39.436412
            ],
            [
              -120.818661,
              39.436399
            ],
            [
              -120.818484,
              39.436419
            ],
            [
              -120.818132,
              39.436416
            ],
            [
              -120.817911,
              39.436457
            ],
            [
              -120.817805,
              39.436491
            ],
            [
              -120.817713,
              39.436557
            ],
            [
              -120.817667,
              39.436669
            ],
            [
              -120.817622,
              39.436803
            ],
            [
              -120.817644,
              39.436889
            ],
            [
              -120.817759,
              39.437216
            ],
            [
              -120.817804,
              39.437433
            ],
            [
              -120.817827,
              39.437623
            ],
            [
              -120.817835,
              39.437645
            ],
            [
              -120.817832,
              39.437706
            ],
            [
              -120.817828,
              39.437807
            ],
            [
              -120.817813,
              39.437962
            ],
            [
              -120.817812,
              39.437974
            ],
            [
              -120.817787,
              39.438043
            ],
            [
              -120.817759,
              39.438121
            ],
            [
              -120.817698,
              39.438318
            ],
            [
              -120.817644,
              39.438525
            ],
            [
              -120.817637,
              39.438763
            ],
            [
              -120.817644,
              39.438998
            ],
            [
              -120.817637,
              39.439133
            ],
            [
              -120.817583,
              39.439325
            ],
            [
              -120.81755,
              39.439392
            ],
            [
              -120.817492,
              39.439513
            ],
            [
              -120.817217,
              39.439967
            ],
            [
              -120.817156,
              39.440137
            ],
            [
              -120.817164,
              39.440223
            ],
            [
              -120.817232,
              39.440368
            ],
            [
              -120.817233,
              39.440467
            ],
            [
              -120.817231,
              39.440507
            ],
            [
              -120.817201,
              39.440547
            ],
            [
              -120.81704,
              39.440678
            ],
            [
              -120.816794,
              39.44081
            ],
            [
              -120.816603,
              39.440836
            ],
            [
              -120.81645,
              39.440837
            ],
            [
              -120.816215,
              39.44082
            ],
            [
              -120.815803,
              39.4408
            ],
            [
              -120.815483,
              39.440754
            ],
            [
              -120.815056,
              39.440612
            ],
            [
              -120.814077,
              39.44026
            ],
            [
              -120.813796,
              39.440148
            ],
            [
              -120.813622,
              39.440022
            ],
            [
              -120.813455,
              39.439886
            ],
            [
              -120.81301,
              39.439414
            ],
            [
              -120.812662,
              39.439031
            ],
            [
              -120.812248,
              39.438537
            ],
            [
              -120.812097,
              39.43833
            ],
            [
              -120.812046,
              39.43818
            ],
            [
              -120.812039,
              39.438103
            ],
            [
              -120.812062,
              39.438031
            ],
            [
              -120.812172,
              39.437779
            ],
            [
              -120.812249,
              39.437574
            ],
            [
              -120.812258,
              39.437546
            ],
            [
              -120.81227,
              39.437506
            ],
            [
              -120.812323,
              39.437233
            ],
            [
              -120.812318,
              39.437059
            ],
            [
              -120.812277,
              39.436926
            ],
            [
              -120.812175,
              39.436789
            ],
            [
              -120.811528,
              39.436371
            ],
            [
              -120.811205,
              39.436151
            ],
            [
              -120.811052,
              39.436081
            ],
            [
              -120.811006,
              39.436071
            ],
            [
              -120.810914,
              39.43606
            ],
            [
              -120.810624,
              39.436091
            ],
            [
              -120.810251,
              39.436165
            ],
            [
              -120.810068,
              39.436206
            ],
            [
              -120.809938,
              39.436267
            ],
            [
              -120.809171,
              39.436761
            ],
            [
              -120.809145,
              39.436779
            ],
            [
              -120.808718,
              39.437086
            ],
            [
              -120.808077,
              39.437403
            ],
            [
              -120.807771,
              39.437533
            ],
            [
              -120.807321,
              39.437772
            ],
            [
              -120.8064,
              39.438285
            ],
            [
              -120.806367,
              39.438304
            ],
            [
              -120.806047,
              39.438505
            ],
            [
              -120.805757,
              39.438621
            ],
            [
              -120.805551,
              39.438676
            ],
            [
              -120.805437,
              39.438682
            ],
            [
              -120.805375,
              39.43869
            ],
            [
              -120.805192,
              39.438673
            ],
            [
              -120.805097,
              39.438647
            ],
            [
              -120.805017,
              39.438625
            ],
            [
              -120.804551,
              39.438436
            ],
            [
              -120.804123,
              39.438304
            ],
            [
              -120.803895,
              39.438234
            ],
            [
              -120.803796,
              39.438197
            ],
            [
              -120.803537,
              39.438101
            ],
            [
              -120.803247,
              39.438033
            ],
            [
              -120.802995,
              39.438006
            ],
            [
              -120.802733,
              39.438008
            ],
            [
              -120.802674,
              39.438009
            ],
            [
              -120.802461,
              39.438
            ],
            [
              -120.802247,
              39.437946
            ],
            [
              -120.802064,
              39.437835
            ],
            [
              -120.801805,
              39.437686
            ],
            [
              -120.801431,
              39.437548
            ],
            [
              -120.801141,
              39.437484
            ],
            [
              -120.800904,
              39.437484
            ],
            [
              -120.800691,
              39.43753
            ],
            [
              -120.800256,
              39.437611
            ],
            [
              -120.800179,
              39.437629
            ],
            [
              -120.799996,
              39.437674
            ],
            [
              -120.799752,
              39.437769
            ],
            [
              -120.799531,
              39.437877
            ],
            [
              -120.799371,
              39.437982
            ],
            [
              -120.799234,
              39.438191
            ],
            [
              -120.799081,
              39.438499
            ],
            [
              -120.798943,
              39.438812
            ],
            [
              -120.79876,
              39.439178
            ],
            [
              -120.798554,
              39.439494
            ],
            [
              -120.798402,
              39.439689
            ],
            [
              -120.798287,
              39.439818
            ],
            [
              -120.798226,
              39.43997
            ],
            [
              -120.798227,
              39.440168
            ],
            [
              -120.79815,
              39.440459
            ],
            [
              -120.798005,
              39.440975
            ],
            [
              -120.797967,
              39.441172
            ],
            [
              -120.797853,
              39.441314
            ],
            [
              -120.797708,
              39.441473
            ],
            [
              -120.797547,
              39.441615
            ],
            [
              -120.797341,
              39.441714
            ],
            [
              -120.797143,
              39.441783
            ],
            [
              -120.796891,
              39.441827
            ],
            [
              -120.796616,
              39.441858
            ],
            [
              -120.796327,
              39.441853
            ],
            [
              -120.795938,
              39.441827
            ],
            [
              -120.795526,
              39.441783
            ],
            [
              -120.795415,
              39.441778
            ],
            [
              -120.795327,
              39.441775
            ],
            [
              -120.795175,
              39.441777
            ],
            [
              -120.795014,
              39.441801
            ],
            [
              -120.794961,
              39.441822
            ],
            [
              -120.794931,
              39.44184
            ],
            [
              -120.794877,
              39.441893
            ],
            [
              -120.794793,
              39.442017
            ],
            [
              -120.794717,
              39.442111
            ],
            [
              -120.794633,
              39.442176
            ],
            [
              -120.794465,
              39.442236
            ],
            [
              -120.794297,
              39.442247
            ],
            [
              -120.794206,
              39.44224
            ],
            [
              -120.794083,
              39.442202
            ],
            [
              -120.793931,
              39.442118
            ],
            [
              -120.793481,
              39.44156
            ],
            [
              -120.793412,
              39.441496
            ],
            [
              -120.793344,
              39.441409
            ],
            [
              -120.793237,
              39.441299
            ],
            [
              -120.793053,
              39.441196
            ],
            [
              -120.79284,
              39.44116
            ],
            [
              -120.792664,
              39.441153
            ],
            [
              -120.792382,
              39.441183
            ],
            [
              -120.791658,
              39.441287
            ],
            [
              -120.791581,
              39.44133
            ],
            [
              -120.79155,
              39.441415
            ],
            [
              -120.79155,
              39.441514
            ],
            [
              -120.791497,
              39.44173
            ],
            [
              -120.791177,
              39.442282
            ],
            [
              -120.791032,
              39.442586
            ],
            [
              -120.790887,
              39.44279
            ],
            [
              -120.790734,
              39.442967
            ],
            [
              -120.790582,
              39.443095
            ],
            [
              -120.790353,
              39.443235
            ],
            [
              -120.789987,
              39.443381
            ],
            [
              -120.789636,
              39.443552
            ],
            [
              -120.789597,
              39.443572
            ],
            [
              -120.789246,
              39.443687
            ],
            [
              -120.788773,
              39.443773
            ],
            [
              -120.788376,
              39.443869
            ],
            [
              -120.787926,
              39.44391
            ],
            [
              -120.787362,
              39.443912
            ],
            [
              -120.78698,
              39.443937
            ],
            [
              -120.78669,
              39.443972
            ],
            [
              -120.786477,
              39.444035
            ],
            [
              -120.786286,
              39.444099
            ],
            [
              -120.786141,
              39.444182
            ],
            [
              -120.785981,
              39.444337
            ],
            [
              -120.785973,
              39.444445
            ],
            [
              -120.78598,
              39.444476
            ],
            [
              -120.785996,
              39.444562
            ],
            [
              -120.786057,
              39.444766
            ],
            [
              -120.78624,
              39.44527
            ],
            [
              -120.78637,
              39.44565
            ],
            [
              -120.786591,
              39.446204
            ],
            [
              -120.786622,
              39.446547
            ],
            [
              -120.786622,
              39.446592
            ],
            [
              -120.786614,
              39.446642
            ],
            [
              -120.786477,
              39.446774
            ],
            [
              -120.786324,
              39.446879
            ],
            [
              -120.785981,
              39.447012
            ],
            [
              -120.785592,
              39.447131
            ],
            [
              -120.785317,
              39.447189
            ],
            [
              -120.785157,
              39.447244
            ],
            [
              -120.785042,
              39.447346
            ],
            [
              -120.784981,
              39.447511
            ],
            [
              -120.784935,
              39.447736
            ],
            [
              -120.78489,
              39.447893
            ],
            [
              -120.7848,
              39.448017
            ],
            [
              -120.784707,
              39.448069
            ],
            [
              -120.784592,
              39.448094
            ],
            [
              -120.784494,
              39.448092
            ],
            [
              -120.784387,
              39.448077
            ],
            [
              -120.784241,
              39.448038
            ],
            [
              -120.784013,
              39.44793
            ],
            [
              -120.783494,
              39.4476
            ],
            [
              -120.78299,
              39.447185
            ],
            [
              -120.78283,
              39.447011
            ],
            [
              -120.782731,
              39.446928
            ],
            [
              -120.78241,
              39.446782
            ],
            [
              -120.782067,
              39.446681
            ],
            [
              -120.781525,
              39.446563
            ],
            [
              -120.781166,
              39.446493
            ],
            [
              -120.780961,
              39.446471
            ],
            [
              -120.7808,
              39.446472
            ],
            [
              -120.780633,
              39.446514
            ],
            [
              -120.780494,
              39.44657
            ],
            [
              -120.78032,
              39.446693
            ],
            [
              -120.780175,
              39.446834
            ],
            [
              -120.78006,
              39.447017
            ],
            [
              -120.779869,
              39.447283
            ],
            [
              -120.779626,
              39.447576
            ],
            [
              -120.779396,
              39.447797
            ],
            [
              -120.779118,
              39.448108
            ],
            [
              -120.778923,
              39.448328
            ],
            [
              -120.778542,
              39.448875
            ],
            [
              -120.778084,
              39.449434
            ],
            [
              -120.777665,
              39.449881
            ],
            [
              -120.777421,
              39.450061
            ],
            [
              -120.777207,
              39.450183
            ],
            [
              -120.77713,
              39.450222
            ],
            [
              -120.775833,
              39.45076
            ],
            [
              -120.775726,
              39.450785
            ],
            [
              -120.775673,
              39.450784
            ],
            [
              -120.775597,
              39.450742
            ],
            [
              -120.77546,
              39.450681
            ],
            [
              -120.77533,
              39.450548
            ],
            [
              -120.775152,
              39.450351
            ],
            [
              -120.775132,
              39.450328
            ],
            [
              -120.775009,
              39.45015
            ],
            [
              -120.774926,
              39.44995
            ],
            [
              -120.774918,
              39.449911
            ],
            [
              -120.774842,
              39.449494
            ],
            [
              -120.774735,
              39.449289
            ],
            [
              -120.77462,
              39.449084
            ],
            [
              -120.774506,
              39.448906
            ],
            [
              -120.774361,
              39.448804
            ],
            [
              -120.77417,
              39.448702
            ],
            [
              -120.773995,
              39.448644
            ],
            [
              -120.773811,
              39.448636
            ],
            [
              -120.773667,
              39.448638
            ],
            [
              -120.773583,
              39.44865
            ],
            [
              -120.77346,
              39.448728
            ],
            [
              -120.773384,
              39.448808
            ],
            [
              -120.773377,
              39.449056
            ],
            [
              -120.773315,
              39.44932
            ],
            [
              -120.773239,
              39.449607
            ],
            [
              -120.773132,
              39.449758
            ],
            [
              -120.772949,
              39.449872
            ],
            [
              -120.772766,
              39.449896
            ],
            [
              -120.77166,
              39.449942
            ],
            [
              -120.771193,
              39.449907
            ],
            [
              -120.77092,
              39.449887
            ],
            [
              -120.770515,
              39.449888
            ],
            [
              -120.770324,
              39.449899
            ],
            [
              -120.769646,
              39.449944
            ],
            [
              -120.769493,
              39.449986
            ],
            [
              -120.76931,
              39.450077
            ],
            [
              -120.768822,
              39.450387
            ],
            [
              -120.768516,
              39.450557
            ],
            [
              -120.768082,
              39.450702
            ],
            [
              -120.767692,
              39.450816
            ],
            [
              -120.767342,
              39.450882
            ],
            [
              -120.76715,
              39.45091
            ],
            [
              -120.767006,
              39.450916
            ],
            [
              -120.766876,
              39.450913
            ],
            [
              -120.766472,
              39.450838
            ],
            [
              -120.766273,
              39.450767
            ],
            [
              -120.766044,
              39.450731
            ],
            [
              -120.765884,
              39.450723
            ],
            [
              -120.765793,
              39.450739
            ],
            [
              -120.765724,
              39.45076
            ],
            [
              -120.765594,
              39.450808
            ],
            [
              -120.765396,
              39.450889
            ],
            [
              -120.765236,
              39.451021
            ],
            [
              -120.765083,
              39.451221
            ],
            [
              -120.765022,
              39.451436
            ],
            [
              -120.765022,
              39.452184
            ],
            [
              -120.76503,
              39.4524
            ],
            [
              -120.765045,
              39.452585
            ],
            [
              -120.765075,
              39.452748
            ],
            [
              -120.765029,
              39.452891
            ],
            [
              -120.76493,
              39.453029
            ],
            [
              -120.764816,
              39.453149
            ],
            [
              -120.764709,
              39.453192
            ],
            [
              -120.764549,
              39.453243
            ],
            [
              -120.764381,
              39.453271
            ],
            [
              -120.76416,
              39.45328
            ],
            [
              -120.763916,
              39.453311
            ],
            [
              -120.763679,
              39.453352
            ],
            [
              -120.76355,
              39.453417
            ],
            [
              -120.76345,
              39.453415
            ],
            [
              -120.762802,
              39.453407
            ],
            [
              -120.762627,
              39.453417
            ],
            [
              -120.762413,
              39.453472
            ],
            [
              -120.762214,
              39.453572
            ],
            [
              -120.762055,
              39.453681
            ],
            [
              -120.761887,
              39.453777
            ],
            [
              -120.761566,
              39.453834
            ],
            [
              -120.76123,
              39.453908
            ],
            [
              -120.761024,
              39.453941
            ],
            [
              -120.760925,
              39.453934
            ],
            [
              -120.760748,
              39.453883
            ],
            [
              -120.760704,
              39.453871
            ],
            [
              -120.76033,
              39.453612
            ],
            [
              -120.760116,
              39.453265
            ],
            [
              -120.759956,
              39.453037
            ],
            [
              -120.759796,
              39.452917
            ],
            [
              -120.759559,
              39.452773
            ],
            [
              -120.759394,
              39.452678
            ],
            [
              -120.759201,
              39.452568
            ],
            [
              -120.758872,
              39.452462
            ],
            [
              -120.758575,
              39.452416
            ],
            [
              -120.75785,
              39.452388
            ],
            [
              -120.757392,
              39.452384
            ],
            [
              -120.75708,
              39.452369
            ],
            [
              -120.757049,
              39.452373
            ],
            [
              -120.756835,
              39.452387
            ],
            [
              -120.756591,
              39.452418
            ],
            [
              -120.75624,
              39.452474
            ],
            [
              -120.756064,
              39.452548
            ],
            [
              -120.755729,
              39.452663
            ],
            [
              -120.755683,
              39.452698
            ],
            [
              -120.755592,
              39.452804
            ],
            [
              -120.755539,
              39.452896
            ],
            [
              -120.755516,
              39.452938
            ],
            [
              -120.755386,
              39.453089
            ],
            [
              -120.755309,
              39.453308
            ],
            [
              -120.755279,
              39.45351
            ],
            [
              -120.755401,
              39.453706
            ],
            [
              -120.755492,
              39.453942
            ],
            [
              -120.755536,
              39.454123
            ],
            [
              -120.755542,
              39.454149
            ],
            [
              -120.755546,
              39.454164
            ],
            [
              -120.755546,
              39.454439
            ],
            [
              -120.755523,
              39.454596
            ],
            [
              -120.755492,
              39.45473
            ],
            [
              -120.755485,
              39.454771
            ],
            [
              -120.755409,
              39.45494
            ],
            [
              -120.755366,
              39.454991
            ],
            [
              -120.755271,
              39.455105
            ],
            [
              -120.755111,
              39.455268
            ],
            [
              -120.754806,
              39.455438
            ],
            [
              -120.754485,
              39.455571
            ],
            [
              -120.754119,
              39.45574
            ],
            [
              -120.753944,
              39.455903
            ],
            [
              -120.753821,
              39.45605
            ],
            [
              -120.753745,
              39.456161
            ],
            [
              -120.753684,
              39.456313
            ],
            [
              -120.753669,
              39.45638
            ],
            [
              -120.753654,
              39.456515
            ],
            [
              -120.753654,
              39.456699
            ],
            [
              -120.753654,
              39.456736
            ],
            [
              -120.753616,
              39.456888
            ],
            [
              -120.75357,
              39.457139
            ],
            [
              -120.753532,
              39.457382
            ],
            [
              -120.753463,
              39.457538
            ],
            [
              -120.753433,
              39.457614
            ],
            [
              -120.753379,
              39.457699
            ],
            [
              -120.753364,
              39.457721
            ],
            [
              -120.753211,
              39.457871
            ],
            [
              -120.753059,
              39.458035
            ],
            [
              -120.752929,
              39.458226
            ],
            [
              -120.752875,
              39.458315
            ],
            [
              -120.752768,
              39.458367
            ],
            [
              -120.752586,
              39.458373
            ],
            [
              -120.752479,
              39.458344
            ],
            [
              -120.752379,
              39.458292
            ],
            [
              -120.752159,
              39.45813
            ],
            [
              -120.751922,
              39.457927
            ],
            [
              -120.751685,
              39.457756
            ],
            [
              -120.751433,
              39.457652
            ],
            [
              -120.751159,
              39.457588
            ],
            [
              -120.751123,
              39.457582
            ],
            [
              -120.751052,
              39.457573
            ],
            [
              -120.750838,
              39.457533
            ],
            [
              -120.750289,
              39.45754
            ],
            [
              -120.750175,
              39.457529
            ],
            [
              -120.75009,
              39.457505
            ],
            [
              -120.749992,
              39.457498
            ],
            [
              -120.749885,
              39.457501
            ],
            [
              -120.749785,
              39.45753
            ],
            [
              -120.749755,
              39.457548
            ],
            [
              -120.749732,
              39.45757
            ],
            [
              -120.749595,
              39.4579
            ],
            [
              -120.749542,
              39.458102
            ],
            [
              -120.749542,
              39.458287
            ],
            [
              -120.74958,
              39.458495
            ],
            [
              -120.749625,
              39.458581
            ],
            [
              -120.749678,
              39.458636
            ],
            [
              -120.749739,
              39.458728
            ],
            [
              -120.749785,
              39.458877
            ],
            [
              -120.749786,
              39.459003
            ],
            [
              -120.749755,
              39.459174
            ],
            [
              -120.749732,
              39.459232
            ],
            [
              -120.749633,
              39.459401
            ],
            [
              -120.749565,
              39.45944
            ],
            [
              -120.74945,
              39.459492
            ],
            [
              -120.749359,
              39.459522
            ],
            [
              -120.749244,
              39.459551
            ],
            [
              -120.749099,
              39.459594
            ],
            [
              -120.748923,
              39.459635
            ],
            [
              -120.74884,
              39.459647
            ],
            [
              -120.748733,
              39.459645
            ],
            [
              -120.748595,
              39.459629
            ],
            [
              -120.748488,
              39.459595
            ],
            [
              -120.748359,
              39.459521
            ],
            [
              -120.748229,
              39.459361
            ],
            [
              -120.748183,
              39.459274
            ],
            [
              -120.748115,
              39.459223
            ],
            [
              -120.747993,
              39.459153
            ],
            [
              -120.747825,
              39.459105
            ],
            [
              -120.747619,
              39.45906
            ],
            [
              -120.747474,
              39.459044
            ],
            [
              -120.747245,
              39.459044
            ],
            [
              -120.746939,
              39.459083
            ],
            [
              -120.746734,
              39.459138
            ],
            [
              -120.746543,
              39.459143
            ],
            [
              -120.746383,
              39.459163
            ],
            [
              -120.74623,
              39.459205
            ],
            [
              -120.746093,
              39.459252
            ],
            [
              -120.745978,
              39.459303
            ],
            [
              -120.745353,
              39.459611
            ],
            [
              -120.74523,
              39.459681
            ],
            [
              -120.745124,
              39.459755
            ],
            [
              -120.74504,
              39.459844
            ],
            [
              -120.744864,
              39.459989
            ],
            [
              -120.744624,
              39.460157
            ],
            [
              -120.744453,
              39.460278
            ],
            [
              -120.744384,
              39.460313
            ],
            [
              -120.744284,
              39.460338
            ],
            [
              -120.744002,
              39.460396
            ],
            [
              -120.743903,
              39.460434
            ],
            [
              -120.743781,
              39.460491
            ],
            [
              -120.743545,
              39.460576
            ],
            [
              -120.742965,
              39.46088
            ],
            [
              -120.742865,
              39.460937
            ],
            [
              -120.742683,
              39.461086
            ],
            [
              -120.742492,
              39.461276
            ],
            [
              -120.742171,
              39.461698
            ],
            [
              -120.741988,
              39.46192
            ],
            [
              -120.741919,
              39.462108
            ],
            [
              -120.74192,
              39.462171
            ],
            [
              -120.741942,
              39.462243
            ],
            [
              -120.741973,
              39.462307
            ],
            [
              -120.741988,
              39.462469
            ],
            [
              -120.741981,
              39.46264
            ],
            [
              -120.741988,
              39.462726
            ],
            [
              -120.742005,
              39.462827
            ],
            [
              -120.742018,
              39.462898
            ],
            [
              -120.74211,
              39.463192
            ],
            [
              -120.742133,
              39.463319
            ],
            [
              -120.742148,
              39.463459
            ],
            [
              -120.742148,
              39.46372
            ],
            [
              -120.742163,
              39.463797
            ],
            [
              -120.742164,
              39.463878
            ],
            [
              -120.742149,
              39.464031
            ],
            [
              -120.74211,
              39.464274
            ],
            [
              -120.742065,
              39.464448
            ],
            [
              -120.742064,
              39.464489
            ],
            [
              -120.742095,
              39.464598
            ],
            [
              -120.742133,
              39.464666
            ],
            [
              -120.742194,
              39.464748
            ],
            [
              -120.742355,
              39.464891
            ],
            [
              -120.742484,
              39.464997
            ],
            [
              -120.742598,
              39.465107
            ],
            [
              -120.742972,
              39.465493
            ],
            [
              -120.743033,
              39.465562
            ],
            [
              -120.743156,
              39.465672
            ],
            [
              -120.743255,
              39.465796
            ],
            [
              -120.743324,
              39.465869
            ],
            [
              -120.74337,
              39.465936
            ],
            [
              -120.74343,
              39.466025
            ],
            [
              -120.743621,
              39.466285
            ],
            [
              -120.743682,
              39.466439
            ],
            [
              -120.74369,
              39.466503
            ],
            [
              -120.743689,
              39.466669
            ],
            [
              -120.743652,
              39.466759
            ],
            [
              -120.743606,
              39.466812
            ],
            [
              -120.743522,
              39.466855
            ],
            [
              -120.743415,
              39.466934
            ],
            [
              -120.743018,
              39.467161
            ],
            [
              -120.742934,
              39.467213
            ],
            [
              -120.742881,
              39.467239
            ],
            [
              -120.74282,
              39.467283
            ],
            [
              -120.742645,
              39.467343
            ],
            [
              -120.742522,
              39.467367
            ],
            [
              -120.742385,
              39.467374
            ],
            [
              -120.742148,
              39.467369
            ],
            [
              -120.741805,
              39.46738
            ],
            [
              -120.741568,
              39.467421
            ],
            [
              -120.74121,
              39.467495
            ],
            [
              -120.740851,
              39.467578
            ],
            [
              -120.740699,
              39.467625
            ],
            [
              -120.740569,
              39.467676
            ],
            [
              -120.740421,
              39.467757
            ],
            [
              -120.740355,
              39.467794
            ],
            [
              -120.740104,
              39.467992
            ],
            [
              -120.739799,
              39.468341
            ],
            [
              -120.73944,
              39.468704
            ],
            [
              -120.739326,
              39.468814
            ],
            [
              -120.739188,
              39.468884
            ],
            [
              -120.739043,
              39.468921
            ],
            [
              -120.738982,
              39.46892
            ],
            [
              -120.738898,
              39.468932
            ],
            [
              -120.738845,
              39.468945
            ],
            [
              -120.738784,
              39.468979
            ],
            [
              -120.738669,
              39.469076
            ],
            [
              -120.73857,
              39.469173
            ],
            [
              -120.738372,
              39.469395
            ],
            [
              -120.73828,
              39.469506
            ],
            [
              -120.738189,
              39.46959
            ],
            [
              -120.738112,
              39.469683
            ],
            [
              -120.737792,
              39.47001
            ],
            [
              -120.737731,
              39.470063
            ],
            [
              -120.737655,
              39.470115
            ],
            [
              -120.737556,
              39.470163
            ],
            [
              -120.737479,
              39.470184
            ],
            [
              -120.737365,
              39.4702
            ],
            [
              -120.737273,
              39.47018
            ],
            [
              -120.737128,
              39.470159
            ],
            [
              -120.7368,
              39.470157
            ],
            [
              -120.736449,
              39.470123
            ],
            [
              -120.736053,
              39.470066
            ],
            [
              -120.73593,
              39.470037
            ],
            [
              -120.735678,
              39.470005
            ],
            [
              -120.735434,
              39.469946
            ],
            [
              -120.735084,
              39.469889
            ],
            [
              -120.734969,
              39.469878
            ],
            [
              -120.734923,
              39.469864
            ],
            [
              -120.734648,
              39.469845
            ],
            [
              -120.734489,
              39.469846
            ],
            [
              -120.734313,
              39.469829
            ],
            [
              -120.734061,
              39.469779
            ],
            [
              -120.733969,
              39.469751
            ],
            [
              -120.73387,
              39.469731
            ],
            [
              -120.733763,
              39.46972
            ],
            [
              -120.733619,
              39.469721
            ],
            [
              -120.733504,
              39.469737
            ],
            [
              -120.733168,
              39.469793
            ],
            [
              -120.732954,
              39.469816
            ],
            [
              -120.732878,
              39.469828
            ],
            [
              -120.732558,
              39.469813
            ],
            [
              -120.732314,
              39.469826
            ],
            [
              -120.732192,
              39.469842
            ],
            [
              -120.731958,
              39.469908
            ],
            [
              -120.731818,
              39.469974
            ],
            [
              -120.731443,
              39.470257
            ],
            [
              -120.73136,
              39.470321
            ],
            [
              -120.731299,
              39.470406
            ],
            [
              -120.731223,
              39.470485
            ],
            [
              -120.731093,
              39.47065
            ],
            [
              -120.730849,
              39.471059
            ],
            [
              -120.730819,
              39.47109
            ],
            [
              -120.730765,
              39.471125
            ],
            [
              -120.730688,
              39.47116
            ],
            [
              -120.730498,
              39.471228
            ],
            [
              -120.730338,
              39.471256
            ],
            [
              -120.730208,
              39.471227
            ],
            [
              -120.73014,
              39.471185
            ],
            [
              -120.730025,
              39.471106
            ],
            [
              -120.729964,
              39.471082
            ],
            [
              -120.72988,
              39.471031
            ],
            [
              -120.729835,
              39.471012
            ],
            [
              -120.729758,
              39.471002
            ],
            [
              -120.729575,
              39.470989
            ],
            [
              -120.729468,
              39.471001
            ],
            [
              -120.72943,
              39.471013
            ],
            [
              -120.729361,
              39.47103
            ],
            [
              -120.729239,
              39.471077
            ],
            [
              -120.729033,
              39.471172
            ],
            [
              -120.728934,
              39.471197
            ],
            [
              -120.728743,
              39.471279
            ],
            [
              -120.728629,
              39.471313
            ],
            [
              -120.72814,
              39.471497
            ],
            [
              -120.727095,
              39.47204
            ],
            [
              -120.726698,
              39.47223
            ],
            [
              -120.726538,
              39.472326
            ],
            [
              -120.726378,
              39.472431
            ],
            [
              -120.726164,
              39.47258
            ],
            [
              -120.725974,
              39.472676
            ],
            [
              -120.725808,
              39.472727
            ],
            [
              -120.725714,
              39.472756
            ],
            [
              -120.72557,
              39.472848
            ],
            [
              -120.725508,
              39.472905
            ],
            [
              -120.725363,
              39.473087
            ],
            [
              -120.725302,
              39.473199
            ],
            [
              -120.725088,
              39.47346
            ],
            [
              -120.724898,
              39.473727
            ],
            [
              -120.724799,
              39.473855
            ],
            [
              -120.724768,
              39.473918
            ],
            [
              -120.724608,
              39.474158
            ],
            [
              -120.724295,
              39.474584
            ],
            [
              -120.724158,
              39.474762
            ],
            [
              -120.723929,
              39.475028
            ],
            [
              -120.723868,
              39.475067
            ],
            [
              -120.723784,
              39.475133
            ],
            [
              -120.723341,
              39.475386
            ],
            [
              -120.723273,
              39.475438
            ],
            [
              -120.723204,
              39.475514
            ],
            [
              -120.722914,
              39.47572
            ],
            [
              -120.722792,
              39.475798
            ],
            [
              -120.722677,
              39.475895
            ],
            [
              -120.722472,
              39.476089
            ],
            [
              -120.722113,
              39.47638
            ],
            [
              -120.721968,
              39.476471
            ],
            [
              -120.721709,
              39.476682
            ],
            [
              -120.721549,
              39.476837
            ],
            [
              -120.72135,
              39.477135
            ],
            [
              -120.72122,
              39.477281
            ],
            [
              -120.720954,
              39.477596
            ],
            [
              -120.720823,
              39.47771
            ],
            [
              -120.720641,
              39.477882
            ],
            [
              -120.720404,
              39.478134
            ],
            [
              -120.720229,
              39.47828
            ],
            [
              -120.720091,
              39.478389
            ],
            [
              -120.719939,
              39.478499
            ],
            [
              -120.719511,
              39.478729
            ],
            [
              -120.719405,
              39.478772
            ],
            [
              -120.719245,
              39.478864
            ],
            [
              -120.719031,
              39.479004
            ],
            [
              -120.718718,
              39.479264
            ],
            [
              -120.718634,
              39.479316
            ],
            [
              -120.718535,
              39.479364
            ],
            [
              -120.718229,
              39.479452
            ],
            [
              -120.717833,
              39.479607
            ],
            [
              -120.717688,
              39.479644
            ],
            [
              -120.717611,
              39.479683
            ],
            [
              -120.717459,
              39.479748
            ],
            [
              -120.717284,
              39.479835
            ],
            [
              -120.716948,
              39.480017
            ],
            [
              -120.716646,
              39.48021
            ],
            [
              -120.716498,
              39.480306
            ],
            [
              -120.716429,
              39.480372
            ],
            [
              -120.716353,
              39.480424
            ],
            [
              -120.716292,
              39.480473
            ],
            [
              -120.716208,
              39.480575
            ],
            [
              -120.716131,
              39.480726
            ],
            [
              -120.716048,
              39.480824
            ],
            [
              -120.715994,
              39.480877
            ],
            [
              -120.715872,
              39.480942
            ],
            [
              -120.715544,
              39.481093
            ],
            [
              -120.715155,
              39.48118
            ],
            [
              -120.714743,
              39.481469
            ],
            [
              -120.714568,
              39.48161
            ],
            [
              -120.714423,
              39.481774
            ],
            [
              -120.714255,
              39.482023
            ],
            [
              -120.714224,
              39.482103
            ],
            [
              -120.714095,
              39.482344
            ],
            [
              -120.713987,
              39.482513
            ],
            [
              -120.713804,
              39.48269
            ],
            [
              -120.713744,
              39.482788
            ],
            [
              -120.713697,
              39.482872
            ],
            [
              -120.713675,
              39.482921
            ],
            [
              -120.713682,
              39.483061
            ],
            [
              -120.713782,
              39.483216
            ],
            [
              -120.714338,
              39.483624
            ],
            [
              -120.714453,
              39.483693
            ],
            [
              -120.714514,
              39.483744
            ],
            [
              -120.714568,
              39.483835
            ],
            [
              -120.714588,
              39.483876
            ],
            [
              -120.714644,
              39.48399
            ],
            [
              -120.714964,
              39.484366
            ],
            [
              -120.715002,
              39.48443
            ],
            [
              -120.715033,
              39.484493
            ],
            [
              -120.715048,
              39.484566
            ],
            [
              -120.715048,
              39.484611
            ],
            [
              -120.715155,
              39.484824
            ],
            [
              -120.715171,
              39.485036
            ],
            [
              -120.715155,
              39.485176
            ],
            [
              -120.715124,
              39.485229
            ],
            [
              -120.715071,
              39.485363
            ],
            [
              -120.715018,
              39.485475
            ],
            [
              -120.714964,
              39.48569
            ],
            [
              -120.714965,
              39.48574
            ],
            [
              -120.714949,
              39.485798
            ],
            [
              -120.714972,
              39.485879
            ],
            [
              -120.715048,
              39.486021
            ],
            [
              -120.715124,
              39.486072
            ],
            [
              -120.715483,
              39.486232
            ],
            [
              -120.715789,
              39.486382
            ],
            [
              -120.715934,
              39.486439
            ],
            [
              -120.716185,
              39.486624
            ],
            [
              -120.716254,
              39.486756
            ],
            [
              -120.716269,
              39.486855
            ],
            [
              -120.716261,
              39.487098
            ],
            [
              -120.716315,
              39.487316
            ],
            [
              -120.716338,
              39.487384
            ],
            [
              -120.716383,
              39.487457
            ],
            [
              -120.716407,
              39.487485
            ],
            [
              -120.716475,
              39.487567
            ],
            [
              -120.716513,
              39.487626
            ],
            [
              -120.716635,
              39.48775
            ],
            [
              -120.716742,
              39.487878
            ],
            [
              -120.716773,
              39.487946
            ],
            [
              -120.716818,
              39.488087
            ],
            [
              -120.716864,
              39.488322
            ],
            [
              -120.716902,
              39.488417
            ],
            [
              -120.717009,
              39.488609
            ],
            [
              -120.717055,
              39.488664
            ],
            [
              -120.717123,
              39.488805
            ],
            [
              -120.717139,
              39.488918
            ],
            [
              -120.717139,
              39.488963
            ],
            [
              -120.717093,
              39.489079
            ],
            [
              -120.717024,
              39.489186
            ],
            [
              -120.716963,
              39.489216
            ],
            [
              -120.716849,
              39.489259
            ],
            [
              -120.716658,
              39.489318
            ],
            [
              -120.716551,
              39.48932
            ],
            [
              -120.716368,
              39.489312
            ],
            [
              -120.716193,
              39.489322
            ],
            [
              -120.716032,
              39.489351
            ],
            [
              -120.715918,
              39.48938
            ],
            [
              -120.715849,
              39.489383
            ],
            [
              -120.715743,
              39.489381
            ],
            [
              -120.715399,
              39.489329
            ],
            [
              -120.715209,
              39.48929
            ],
            [
              -120.715048,
              39.489273
            ],
            [
              -120.714972,
              39.489271
            ],
            [
              -120.714728,
              39.489285
            ],
            [
              -120.714652,
              39.489297
            ],
            [
              -120.714415,
              39.489319
            ],
            [
              -120.714308,
              39.489335
            ],
            [
              -120.714225,
              39.489342
            ],
            [
              -120.713858,
              39.489331
            ],
            [
              -120.713438,
              39.48925
            ],
            [
              -120.713149,
              39.489154
            ],
            [
              -120.71308,
              39.48914
            ],
            [
              -120.712851,
              39.489126
            ],
            [
              -120.712759,
              39.489124
            ],
            [
              -120.712683,
              39.489132
            ],
            [
              -120.712615,
              39.489148
            ],
            [
              -120.712561,
              39.489188
            ],
            [
              -120.712523,
              39.489237
            ],
            [
              -120.712488,
              39.489371
            ],
            [
              -120.712485,
              39.489385
            ],
            [
              -120.712424,
              39.489807
            ],
            [
              -120.712401,
              39.489896
            ],
            [
              -120.712325,
              39.490098
            ],
            [
              -120.712271,
              39.490173
            ],
            [
              -120.712164,
              39.490266
            ],
            [
              -120.71208,
              39.490305
            ],
            [
              -120.711928,
              39.490365
            ],
            [
              -120.711531,
              39.490497
            ],
            [
              -120.711371,
              39.490565
            ],
            [
              -120.711111,
              39.49065
            ],
            [
              -120.710844,
              39.490681
            ],
            [
              -120.71073,
              39.490688
            ],
            [
              -120.710501,
              39.490675
            ],
            [
              -120.710395,
              39.490654
            ],
            [
              -120.71028,
              39.490639
            ],
            [
              -120.709845,
              39.490644
            ],
            [
              -120.709738,
              39.490659
            ],
            [
              -120.709571,
              39.490697
            ],
            [
              -120.709418,
              39.490761
            ],
            [
              -120.70922,
              39.490915
            ],
            [
              -120.709189,
              39.490955
            ],
            [
              -120.709151,
              39.491067
            ],
            [
              -120.709051,
              39.491214
            ],
            [
              -120.708998,
              39.49128
            ],
            [
              -120.708869,
              39.491516
            ],
            [
              -120.708823,
              39.491628
            ],
            [
              -120.708693,
              39.492071
            ],
            [
              -120.708655,
              39.492138
            ],
            [
              -120.708578,
              39.492249
            ],
            [
              -120.708472,
              39.492333
            ],
            [
              -120.708258,
              39.492491
            ],
            [
              -120.708128,
              39.492578
            ],
            [
              -120.707998,
              39.492657
            ],
            [
              -120.707678,
              39.492808
            ],
            [
              -120.707495,
              39.492859
            ],
            [
              -120.70738,
              39.492879
            ],
            [
              -120.707029,
              39.492921
            ],
            [
              -120.706808,
              39.492962
            ],
            [
              -120.706732,
              39.492988
            ],
            [
              -120.706648,
              39.493022
            ],
            [
              -120.706595,
              39.493061
            ],
            [
              -120.70645,
              39.493221
            ],
            [
              -120.70635,
              39.49344
            ],
            [
              -120.706328,
              39.493529
            ],
            [
              -120.70632,
              39.493745
            ],
            [
              -120.706312,
              39.494137
            ],
            [
              -120.706327,
              39.494205
            ],
            [
              -120.706358,
              39.49462
            ],
            [
              -120.706343,
              39.49484
            ],
            [
              -120.706358,
              39.495066
            ],
            [
              -120.706404,
              39.495364
            ],
            [
              -120.706473,
              39.495591
            ],
            [
              -120.706534,
              39.495813
            ],
            [
              -120.706542,
              39.495916
            ],
            [
              -120.706541,
              39.496029
            ],
            [
              -120.706511,
              39.496064
            ],
            [
              -120.706404,
              39.496157
            ],
            [
              -120.706091,
              39.496304
            ],
            [
              -120.705961,
              39.496342
            ],
            [
              -120.705824,
              39.496398
            ],
            [
              -120.705725,
              39.496463
            ],
            [
              -120.705244,
              39.496841
            ],
            [
              -120.704985,
              39.496971
            ],
            [
              -120.704894,
              39.497006
            ],
            [
              -120.704794,
              39.497071
            ],
            [
              -120.704695,
              39.49715
            ],
            [
              -120.704535,
              39.4973
            ],
            [
              -120.70426,
              39.497583
            ],
            [
              -120.704227,
              39.497623
            ],
            [
              -120.70413,
              39.497747
            ],
            [
              -120.703863,
              39.497994
            ],
            [
              -120.703764,
              39.498109
            ],
            [
              -120.703657,
              39.498197
            ],
            [
              -120.703551,
              39.498276
            ],
            [
              -120.703482,
              39.498347
            ],
            [
              -120.70339,
              39.498422
            ],
            [
              -120.70323,
              39.498581
            ],
            [
              -120.703108,
              39.498741
            ],
            [
              -120.70294,
              39.498931
            ],
            [
              -120.702864,
              39.499042
            ],
            [
              -120.702772,
              39.499207
            ],
            [
              -120.702658,
              39.49943
            ],
            [
              -120.702574,
              39.49969
            ],
            [
              -120.702551,
              39.499806
            ],
            [
              -120.702544,
              39.499901
            ],
            [
              -120.702521,
              39.500076
            ],
            [
              -120.702513,
              39.500274
            ],
            [
              -120.70246,
              39.500539
            ],
            [
              -120.702261,
              39.501102
            ],
            [
              -120.702078,
              39.501473
            ],
            [
              -120.701903,
              39.50169
            ],
            [
              -120.701746,
              39.501823
            ],
            [
              -120.701384,
              39.502135
            ],
            [
              -120.701208,
              39.502266
            ],
            [
              -120.700949,
              39.502468
            ],
            [
              -120.700881,
              39.502535
            ],
            [
              -120.700804,
              39.502583
            ],
            [
              -120.700574,
              39.502656
            ],
            [
              -120.700423,
              39.502688
            ],
            [
              -120.700308,
              39.502699
            ],
            [
              -120.700232,
              39.502702
            ],
            [
              -120.700094,
              39.502704
            ],
            [
              -120.699698,
              39.502615
            ],
            [
              -120.699202,
              39.502497
            ],
            [
              -120.698919,
              39.502478
            ],
            [
              -120.698759,
              39.502475
            ],
            [
              -120.698263,
              39.502559
            ],
            [
              -120.69808,
              39.502628
            ],
            [
              -120.697882,
              39.502727
            ],
            [
              -120.697714,
              39.502841
            ],
            [
              -120.697592,
              39.502902
            ],
            [
              -120.697454,
              39.502949
            ],
            [
              -120.697363,
              39.502996
            ],
            [
              -120.697295,
              39.503094
            ],
            [
              -120.697125,
              39.503253
            ],
            [
              -120.697088,
              39.503288
            ],
            [
              -120.696974,
              39.503358
            ],
            [
              -120.696814,
              39.503395
            ],
            [
              -120.696653,
              39.503415
            ],
            [
              -120.696448,
              39.503433
            ],
            [
              -120.696104,
              39.503494
            ],
            [
              -120.695929,
              39.50354
            ],
            [
              -120.695784,
              39.503659
            ],
            [
              -120.695684,
              39.503751
            ],
            [
              -120.695608,
              39.50384
            ],
            [
              -120.695555,
              39.50388
            ],
            [
              -120.695478,
              39.503887
            ],
            [
              -120.695257,
              39.503869
            ],
            [
              -120.695151,
              39.503817
            ],
            [
              -120.695029,
              39.50368
            ],
            [
              -120.694998,
              39.503657
            ],
            [
              -120.694944,
              39.503642
            ],
            [
              -120.694868,
              39.503645
            ],
            [
              -120.6948,
              39.503684
            ],
            [
              -120.694624,
              39.503942
            ],
            [
              -120.694387,
              39.5041
            ],
            [
              -120.694304,
              39.504175
            ],
            [
              -120.694227,
              39.504308
            ],
            [
              -120.693922,
              39.50487
            ],
            [
              -120.693662,
              39.505121
            ],
            [
              -120.69351,
              39.505249
            ],
            [
              -120.693411,
              39.505315
            ],
            [
              -120.693174,
              39.505386
            ],
            [
              -120.693067,
              39.505398
            ],
            [
              -120.692991,
              39.505396
            ],
            [
              -120.692778,
              39.505352
            ],
            [
              -120.692663,
              39.505304
            ],
            [
              -120.692533,
              39.505261
            ],
            [
              -120.692167,
              39.505168
            ],
            [
              -120.692038,
              39.50517
            ],
            [
              -120.691877,
              39.50519
            ],
            [
              -120.691717,
              39.505249
            ],
            [
              -120.691618,
              39.50532
            ],
            [
              -120.691534,
              39.505399
            ],
            [
              -120.691374,
              39.505531
            ],
            [
              -120.691275,
              39.505578
            ],
            [
              -120.69113,
              39.505612
            ],
            [
              -120.691023,
              39.505623
            ],
            [
              -120.690878,
              39.505625
            ],
            [
              -120.690702,
              39.505594
            ],
            [
              -120.690542,
              39.505573
            ],
            [
              -120.690397,
              39.50557
            ],
            [
              -120.690107,
              39.505591
            ],
            [
              -120.689955,
              39.50562
            ],
            [
              -120.689848,
              39.505654
            ],
            [
              -120.689443,
              39.505817
            ],
            [
              -120.689313,
              39.505873
            ],
            [
              -120.689215,
              39.505893
            ],
            [
              -120.689031,
              39.505903
            ],
            [
              -120.68881,
              39.505899
            ],
            [
              -120.688769,
              39.505909
            ],
            [
              -120.688627,
              39.505949
            ],
            [
              -120.68855,
              39.50602
            ],
            [
              -120.68849,
              39.506068
            ],
            [
              -120.688398,
              39.506111
            ],
            [
              -120.688314,
              39.506137
            ],
            [
              -120.688009,
              39.506189
            ],
            [
              -120.687871,
              39.506241
            ],
            [
              -120.687704,
              39.506323
            ],
            [
              -120.687459,
              39.506458
            ],
            [
              -120.687361,
              39.506501
            ],
            [
              -120.687239,
              39.506539
            ],
            [
              -120.687139,
              39.506564
            ],
            [
              -120.686743,
              39.506696
            ],
            [
              -120.686567,
              39.506809
            ],
            [
              -120.686437,
              39.506901
            ],
            [
              -120.686277,
              39.507078
            ],
            [
              -120.686148,
              39.50726
            ],
            [
              -120.68614,
              39.507305
            ],
            [
              -120.686071,
              39.507434
            ],
            [
              -120.686029,
              39.507613
            ],
            [
              -120.686049,
              39.507779
            ],
            [
              -120.686055,
              39.507828
            ],
            [
              -120.685993,
              39.50865
            ],
            [
              -120.685974,
              39.508831
            ],
            [
              -120.685944,
              39.509125
            ],
            [
              -120.685947,
              39.509182
            ],
            [
              -120.685954,
              39.509327
            ],
            [
              -120.685953,
              39.509375
            ],
            [
              -120.685953,
              39.509585
            ],
            [
              -120.68588,
              39.509804
            ],
            [
              -120.685787,
              39.509909
            ],
            [
              -120.685704,
              39.510005
            ],
            [
              -120.685649,
              39.510044
            ],
            [
              -120.685412,
              39.510207
            ],
            [
              -120.684624,
              39.510514
            ],
            [
              -120.684609,
              39.510526
            ],
            [
              -120.684505,
              39.510614
            ],
            [
              -120.684507,
              39.510633
            ],
            [
              -120.684477,
              39.510644
            ],
            [
              -120.684408,
              39.510717
            ],
            [
              -120.684247,
              39.51079
            ],
            [
              -120.683851,
              39.510868
            ],
            [
              -120.683714,
              39.510892
            ],
            [
              -120.68353,
              39.510902
            ],
            [
              -120.683454,
              39.510891
            ],
            [
              -120.68337,
              39.510849
            ],
            [
              -120.683294,
              39.510821
            ],
            [
              -120.683217,
              39.51081
            ],
            [
              -120.683164,
              39.510787
            ],
            [
              -120.68308,
              39.510794
            ],
            [
              -120.683012,
              39.510874
            ],
            [
              -120.683004,
              39.51091
            ],
            [
              -120.682981,
              39.510936
            ],
            [
              -120.682974,
              39.511035
            ],
            [
              -120.683027,
              39.511239
            ],
            [
              -120.683073,
              39.511596
            ],
            [
              -120.683072,
              39.51187
            ],
            [
              -120.68308,
              39.512064
            ],
            [
              -120.683088,
              39.512154
            ],
            [
              -120.683088,
              39.512245
            ],
            [
              -120.683057,
              39.51233
            ],
            [
              -120.683004,
              39.512419
            ],
            [
              -120.68292,
              39.512507
            ],
            [
              -120.682783,
              39.512576
            ],
            [
              -120.682554,
              39.512657
            ],
            [
              -120.682318,
              39.512725
            ],
            [
              -120.682103,
              39.512761
            ],
            [
              -120.681859,
              39.512774
            ],
            [
              -120.681577,
              39.512773
            ],
            [
              -120.681279,
              39.512765
            ],
            [
              -120.68089,
              39.512755
            ],
            [
              -120.680662,
              39.512759
            ],
            [
              -120.680387,
              39.51279
            ],
            [
              -120.679837,
              39.512919
            ],
            [
              -120.679464,
              39.513037
            ],
            [
              -120.679303,
              39.513111
            ],
            [
              -120.679243,
              39.513199
            ],
            [
              -120.67906,
              39.51357
            ],
            [
              -120.678991,
              39.513676
            ],
            [
              -120.678892,
              39.513792
            ],
            [
              -120.67883,
              39.513952
            ],
            [
              -120.678792,
              39.514245
            ],
            [
              -120.678762,
              39.514694
            ],
            [
              -120.678709,
              39.514896
            ],
            [
              -120.67864,
              39.51507
            ],
            [
              -120.678548,
              39.515199
            ],
            [
              -120.678403,
              39.515363
            ],
            [
              -120.678228,
              39.515603
            ],
            [
              -120.678114,
              39.515785
            ],
            [
              -120.678022,
              39.515986
            ],
            [
              -120.677953,
              39.516201
            ],
            [
              -120.677808,
              39.51654
            ],
            [
              -120.677801,
              39.516666
            ],
            [
              -120.677839,
              39.516883
            ],
            [
              -120.677953,
              39.517034
            ],
            [
              -120.67809,
              39.517158
            ],
            [
              -120.678129,
              39.517177
            ],
            [
              -120.678152,
              39.517209
            ],
            [
              -120.678152,
              39.517254
            ],
            [
              -120.678159,
              39.517376
            ],
            [
              -120.678083,
              39.517591
            ],
            [
              -120.677694,
              39.517876
            ],
            [
              -120.677503,
              39.518057
            ],
            [
              -120.677373,
              39.518194
            ],
            [
              -120.67722,
              39.518303
            ],
            [
              -120.676992,
              39.518443
            ],
            [
              -120.676908,
              39.518486
            ],
            [
              -120.676557,
              39.518479
            ],
            [
              -120.676397,
              39.518485
            ],
            [
              -120.676213,
              39.518549
            ],
            [
              -120.676031,
              39.51864
            ],
            [
              -120.675894,
              39.518723
            ],
            [
              -120.67568,
              39.518827
            ],
            [
              -120.675489,
              39.518895
            ],
            [
              -120.675252,
              39.51894
            ],
            [
              -120.675077,
              39.518986
            ],
            [
              -120.674948,
              39.51901
            ],
            [
              -120.674626,
              39.519139
            ],
            [
              -120.67452,
              39.519222
            ],
            [
              -120.674474,
              39.519284
            ],
            [
              -120.67439,
              39.519427
            ],
            [
              -120.674314,
              39.519506
            ],
            [
              -120.674176,
              39.519594
            ],
            [
              -120.673902,
              39.519791
            ],
            [
              -120.673833,
              39.519848
            ],
            [
              -120.673803,
              39.519879
            ],
            [
              -120.673688,
              39.520089
            ],
            [
              -120.67362,
              39.52015
            ],
            [
              -120.673459,
              39.520282
            ],
            [
              -120.673284,
              39.520382
            ],
            [
              -120.672659,
              39.520654
            ],
            [
              -120.672529,
              39.520673
            ],
            [
              -120.672361,
              39.520666
            ],
            [
              -120.672178,
              39.520635
            ],
            [
              -120.672018,
              39.5206
            ],
            [
              -120.671842,
              39.52061
            ],
            [
              -120.671674,
              39.520674
            ],
            [
              -120.671569,
              39.520746
            ],
            [
              -120.671529,
              39.520775
            ],
            [
              -120.67143,
              39.520832
            ],
            [
              -120.671361,
              39.520844
            ],
            [
              -120.67127,
              39.520819
            ],
            [
              -120.671002,
              39.520679
            ],
            [
              -120.670888,
              39.520659
            ],
            [
              -120.670644,
              39.520627
            ],
            [
              -120.670568,
              39.520639
            ],
            [
              -120.670522,
              39.520701
            ],
            [
              -120.670461,
              39.520826
            ],
            [
              -120.670407,
              39.520906
            ],
            [
              -120.670324,
              39.520972
            ],
            [
              -120.670194,
              39.521001
            ],
            [
              -120.669461,
              39.521067
            ],
            [
              -120.669171,
              39.521102
            ],
            [
              -120.66879,
              39.521157
            ],
            [
              -120.668561,
              39.521139
            ],
            [
              -120.668477,
              39.521155
            ],
            [
              -120.668348,
              39.521274
            ],
            [
              -120.668233,
              39.521394
            ],
            [
              -120.668172,
              39.521451
            ],
            [
              -120.668042,
              39.521552
            ],
            [
              -120.667737,
              39.521722
            ],
            [
              -120.66747,
              39.521851
            ],
            [
              -120.667203,
              39.521954
            ],
            [
              -120.666952,
              39.522039
            ],
            [
              -120.666677,
              39.522106
            ],
            [
              -120.666433,
              39.522209
            ],
            [
              -120.666249,
              39.5223
            ],
            [
              -120.666127,
              39.522351
            ],
            [
              -120.665967,
              39.52238
            ],
            [
              -120.665791,
              39.522399
            ],
            [
              -120.665357,
              39.522422
            ],
            [
              -120.665132,
              39.522422
            ],
            [
              -120.66499,
              39.522423
            ],
            [
              -120.664693,
              39.522453
            ],
            [
              -120.664548,
              39.522482
            ],
            [
              -120.664327,
              39.522572
            ],
            [
              -120.664037,
              39.522782
            ],
            [
              -120.663953,
              39.522848
            ],
            [
              -120.6638,
              39.522935
            ],
            [
              -120.66367,
              39.522996
            ],
            [
              -120.663572,
              39.52303
            ],
            [
              -120.663457,
              39.523109
            ],
            [
              -120.66335,
              39.52321
            ],
            [
              -120.663289,
              39.52329
            ],
            [
              -120.663213,
              39.523374
            ],
            [
              -120.663091,
              39.523408
            ],
            [
              -120.662373,
              39.523384
            ],
            [
              -120.662137,
              39.523433
            ],
            [
              -120.661931,
              39.523461
            ],
            [
              -120.661679,
              39.523483
            ],
            [
              -120.661397,
              39.523513
            ],
            [
              -120.66116,
              39.523526
            ],
            [
              -120.66071,
              39.523522
            ],
            [
              -120.660466,
              39.52353
            ],
            [
              -120.659543,
              39.523593
            ],
            [
              -120.65933,
              39.523652
            ],
            [
              -120.659207,
              39.523676
            ],
            [
              -120.659131,
              39.523711
            ],
            [
              -120.659039,
              39.523777
            ],
            [
              -120.659016,
              39.523794
            ],
            [
              -120.658857,
              39.524052
            ],
            [
              -120.658757,
              39.524284
            ],
            [
              -120.658681,
              39.52444
            ],
            [
              -120.658597,
              39.524578
            ],
            [
              -120.658566,
              39.524704
            ],
            [
              -120.658589,
              39.524776
            ],
            [
              -120.658589,
              39.524813
            ],
            [
              -120.658551,
              39.524843
            ],
            [
              -120.658452,
              39.524859
            ],
            [
              -120.658368,
              39.524885
            ],
            [
              -120.65833,
              39.524911
            ],
            [
              -120.658231,
              39.524999
            ],
            [
              -120.658093,
              39.525262
            ],
            [
              -120.657964,
              39.525399
            ],
            [
              -120.657964,
              39.525417
            ],
            [
              -120.657911,
              39.525461
            ],
            [
              -120.657903,
              39.525564
            ],
            [
              -120.657857,
              39.525654
            ],
            [
              -120.657613,
              39.525892
            ],
            [
              -120.657536,
              39.525958
            ],
            [
              -120.65743,
              39.526014
            ],
            [
              -120.657398,
              39.526031
            ],
            [
              -120.6573,
              39.526084
            ],
            [
              -120.657147,
              39.526139
            ],
            [
              -120.656987,
              39.52615
            ],
            [
              -120.656827,
              39.526142
            ],
            [
              -120.656682,
              39.526098
            ],
            [
              -120.656529,
              39.526073
            ],
            [
              -120.656293,
              39.526086
            ],
            [
              -120.656041,
              39.526113
            ],
            [
              -120.655942,
              39.526156
            ],
            [
              -120.655842,
              39.526275
            ],
            [
              -120.655721,
              39.52643
            ],
            [
              -120.655507,
              39.526534
            ],
            [
              -120.655362,
              39.526585
            ],
            [
              -120.655293,
              39.52662
            ],
            [
              -120.655232,
              39.526682
            ],
            [
              -120.655217,
              39.526699
            ],
            [
              -120.655148,
              39.526788
            ],
            [
              -120.655026,
              39.526844
            ],
            [
              -120.654812,
              39.526894
            ],
            [
              -120.65466,
              39.526913
            ],
            [
              -120.654561,
              39.52692
            ],
            [
              -120.6545,
              39.526919
            ],
            [
              -120.654332,
              39.526889
            ],
            [
              -120.654179,
              39.526841
            ],
            [
              -120.654042,
              39.52677
            ],
            [
              -120.653867,
              39.526623
            ],
            [
              -120.653813,
              39.526554
            ],
            [
              -120.65376,
              39.52644
            ],
            [
              -120.653706,
              39.526295
            ],
            [
              -120.653684,
              39.526146
            ],
            [
              -120.653661,
              39.526073
            ],
            [
              -120.653683,
              39.526006
            ],
            [
              -120.653683,
              39.525898
            ],
            [
              -120.653653,
              39.525767
            ],
            [
              -120.65363,
              39.525631
            ],
            [
              -120.653622,
              39.52551
            ],
            [
              -120.653591,
              39.525405
            ],
            [
              -120.653561,
              39.525198
            ],
            [
              -120.653432,
              39.524983
            ],
            [
              -120.653363,
              39.524896
            ],
            [
              -120.653227,
              39.524769
            ],
            [
              -120.653187,
              39.524731
            ],
            [
              -120.653042,
              39.524588
            ],
            [
              -120.652928,
              39.524491
            ],
            [
              -120.652768,
              39.524447
            ],
            [
              -120.652516,
              39.524406
            ],
            [
              -120.652386,
              39.52435
            ],
            [
              -120.652318,
              39.524299
            ],
            [
              -120.652226,
              39.524211
            ],
            [
              -120.652219,
              39.524197
            ],
            [
              -120.652173,
              39.524102
            ],
            [
              -120.652089,
              39.524055
            ],
            [
              -120.65176,
              39.523949
            ],
            [
              -120.651646,
              39.523902
            ],
            [
              -120.651479,
              39.523809
            ],
            [
              -120.651333,
              39.523698
            ],
            [
              -120.65125,
              39.523592
            ],
            [
              -120.651059,
              39.523408
            ],
            [
              -120.651013,
              39.523385
            ],
            [
              -120.650937,
              39.52337
            ],
            [
              -120.650807,
              39.523372
            ],
            [
              -120.650433,
              39.523418
            ],
            [
              -120.650212,
              39.523436
            ],
            [
              -120.649838,
              39.52346
            ],
            [
              -120.649472,
              39.523484
            ],
            [
              -120.649052,
              39.523579
            ],
            [
              -120.6488,
              39.52361
            ],
            [
              -120.648526,
              39.523681
            ],
            [
              -120.648396,
              39.523706
            ],
            [
              -120.648259,
              39.523712
            ],
            [
              -120.648068,
              39.523677
            ],
            [
              -120.647923,
              39.523669
            ],
            [
              -120.647793,
              39.523676
            ],
            [
              -120.64729,
              39.523778
            ],
            [
              -120.647076,
              39.523783
            ],
            [
              -120.646847,
              39.52376
            ],
            [
              -120.646527,
              39.523758
            ],
            [
              -120.646389,
              39.523746
            ],
            [
              -120.64613,
              39.523741
            ],
            [
              -120.645672,
              39.523763
            ],
            [
              -120.645516,
              39.523775
            ],
            [
              -120.64536,
              39.523788
            ],
            [
              -120.645062,
              39.52385
            ],
            [
              -120.644803,
              39.523899
            ],
            [
              -120.644581,
              39.523935
            ],
            [
              -120.644429,
              39.52395
            ],
            [
              -120.644253,
              39.523933
            ],
            [
              -120.644062,
              39.523942
            ],
            [
              -120.643841,
              39.523929
            ],
            [
              -120.643757,
              39.523914
            ],
            [
              -120.643658,
              39.523867
            ],
            [
              -120.643628,
              39.523839
            ],
            [
              -120.643566,
              39.52382
            ],
            [
              -120.643406,
              39.52369
            ],
            [
              -120.643353,
              39.523604
            ],
            [
              -120.643261,
              39.523521
            ],
            [
              -120.643177,
              39.523483
            ],
            [
              -120.642956,
              39.523415
            ],
            [
              -120.642697,
              39.523284
            ],
            [
              -120.64246,
              39.523189
            ],
            [
              -120.642437,
              39.523186
            ],
            [
              -120.642277,
              39.523167
            ],
            [
              -120.642079,
              39.523136
            ],
            [
              -120.641873,
              39.523119
            ],
            [
              -120.64172,
              39.523143
            ],
            [
              -120.641606,
              39.523127
            ],
            [
              -120.641491,
              39.523061
            ],
            [
              -120.641331,
              39.523027
            ],
            [
              -120.641133,
              39.523009
            ],
            [
              -120.640941,
              39.523032
            ],
            [
              -120.640771,
              39.523078
            ],
            [
              -120.640728,
              39.523091
            ],
            [
              -120.640446,
              39.523207
            ],
            [
              -120.640239,
              39.523275
            ],
            [
              -120.639653,
              39.523794
            ],
            [
              -120.6395,
              39.523904
            ],
            [
              -120.639332,
              39.524081
            ],
            [
              -120.639171,
              39.524221
            ],
            [
              -120.638958,
              39.524339
            ],
            [
              -120.638759,
              39.524434
            ],
            [
              -120.638635,
              39.524478
            ],
            [
              -120.638546,
              39.524511
            ],
            [
              -120.638225,
              39.524572
            ],
            [
              -120.637958,
              39.524575
            ],
            [
              -120.637791,
              39.524567
            ],
            [
              -120.637356,
              39.524608
            ],
            [
              -120.637188,
              39.524618
            ],
            [
              -120.636905,
              39.524603
            ],
            [
              -120.636638,
              39.524476
            ],
            [
              -120.636532,
              39.524389
            ],
            [
              -120.636356,
              39.524268
            ],
            [
              -120.636112,
              39.524056
            ],
            [
              -120.636006,
              39.52399
            ],
            [
              -120.635807,
              39.523896
            ],
            [
              -120.635555,
              39.523873
            ],
            [
              -120.635128,
              39.523765
            ],
            [
              -120.635052,
              39.523737
            ],
            [
              -120.634602,
              39.523583
            ],
            [
              -120.634342,
              39.52352
            ],
            [
              -120.634213,
              39.523503
            ],
            [
              -120.633747,
              39.523526
            ],
            [
              -120.633419,
              39.523555
            ],
            [
              -120.63293,
              39.52364
            ],
            [
              -120.632859,
              39.523655
            ],
            [
              -120.632412,
              39.523751
            ],
            [
              -120.632366,
              39.523759
            ],
            [
              -120.632259,
              39.523811
            ],
            [
              -120.632121,
              39.523911
            ],
            [
              -120.632015,
              39.523999
            ],
            [
              -120.631863,
              39.524208
            ],
            [
              -120.63171,
              39.524308
            ],
            [
              -120.63155,
              39.524368
            ],
            [
              -120.631336,
              39.524418
            ],
            [
              -120.631206,
              39.524487
            ],
            [
              -120.631191,
              39.524514
            ],
            [
              -120.631145,
              39.524563
            ],
            [
              -120.631138,
              39.524576
            ],
            [
              -120.631092,
              39.524616
            ],
            [
              -120.630878,
              39.524661
            ],
            [
              -120.630726,
              39.524721
            ],
            [
              -120.630481,
              39.524869
            ],
            [
              -120.63036,
              39.524898
            ],
            [
              -120.630222,
              39.5249
            ],
            [
              -120.630131,
              39.52488
            ],
            [
              -120.630016,
              39.524828
            ],
            [
              -120.629932,
              39.524759
            ],
            [
              -120.62981,
              39.524648
            ],
            [
              -120.629658,
              39.524541
            ],
            [
              -120.629639,
              39.524523
            ],
            [
              -120.629406,
              39.524298
            ],
            [
              -120.6292,
              39.524055
            ],
            [
              -120.629169,
              39.524013
            ],
            [
              -120.629039,
              39.523858
            ],
            [
              -120.628925,
              39.523734
            ],
            [
              -120.628772,
              39.523618
            ],
            [
              -120.628536,
              39.523546
            ],
            [
              -120.62817,
              39.52338
            ],
            [
              -120.627842,
              39.523126
            ],
            [
              -120.627605,
              39.522824
            ],
            [
              -120.627498,
              39.522565
            ],
            [
              -120.627422,
              39.522167
            ],
            [
              -120.627346,
              39.521936
            ],
            [
              -120.627346,
              39.521918
            ],
            [
              -120.627315,
              39.521858
            ],
            [
              -120.627315,
              39.52184
            ],
            [
              -120.627247,
              39.521735
            ],
            [
              -120.627216,
              39.521604
            ],
            [
              -120.627247,
              39.521388
            ],
            [
              -120.627239,
              39.521253
            ],
            [
              -120.627201,
              39.521054
            ],
            [
              -120.627139,
              39.520891
            ],
            [
              -120.627101,
              39.520741
            ],
            [
              -120.627071,
              39.52057
            ],
            [
              -120.627067,
              39.520537
            ],
            [
              -120.627056,
              39.520443
            ],
            [
              -120.62701,
              39.520348
            ],
            [
              -120.626911,
              39.520273
            ],
            [
              -120.626735,
              39.520216
            ],
            [
              -120.626522,
              39.520193
            ],
            [
              -120.626239,
              39.520093
            ],
            [
              -120.626072,
              39.519941
            ],
            [
              -120.626049,
              39.519932
            ],
            [
              -120.625835,
              39.51977
            ],
            [
              -120.62569,
              39.519722
            ],
            [
              -120.625522,
              39.519678
            ],
            [
              -120.625309,
              39.519628
            ],
            [
              -120.624645,
              39.519547
            ],
            [
              -120.624416,
              39.519551
            ],
            [
              -120.624279,
              39.519625
            ],
            [
              -120.624058,
              39.519823
            ],
            [
              -120.623958,
              39.519965
            ],
            [
              -120.623881,
              39.520167
            ],
            [
              -120.623721,
              39.520452
            ],
            [
              -120.623607,
              39.520634
            ],
            [
              -120.623477,
              39.520821
            ],
            [
              -120.623302,
              39.521051
            ],
            [
              -120.623111,
              39.521191
            ],
            [
              -120.622982,
              39.52127
            ],
            [
              -120.622925,
              39.5213
            ],
            [
              -120.622852,
              39.521339
            ],
            [
              -120.622821,
              39.521348
            ],
            [
              -120.622455,
              39.521457
            ],
            [
              -120.622272,
              39.52149
            ],
            [
              -120.622036,
              39.521489
            ],
            [
              -120.62157,
              39.521471
            ],
            [
              -120.62115,
              39.521417
            ],
            [
              -120.620647,
              39.521326
            ],
            [
              -120.620311,
              39.521274
            ],
            [
              -120.620051,
              39.521277
            ],
            [
              -120.619807,
              39.521308
            ],
            [
              -120.619556,
              39.521353
            ],
            [
              -120.619182,
              39.521426
            ],
            [
              -120.618625,
              39.521541
            ],
            [
              -120.618045,
              39.521637
            ],
            [
              -120.617755,
              39.521694
            ],
            [
              -120.617541,
              39.521708
            ],
            [
              -120.617275,
              39.521707
            ],
            [
              -120.617015,
              39.521688
            ],
            [
              -120.616778,
              39.521656
            ],
            [
              -120.616389,
              39.521531
            ],
            [
              -120.615786,
              39.521307
            ],
            [
              -120.615367,
              39.521127
            ],
            [
              -120.614612,
              39.520846
            ],
            [
              -120.614344,
              39.520764
            ],
            [
              -120.61407,
              39.520673
            ],
            [
              -120.613796,
              39.520631
            ],
            [
              -120.61362,
              39.520654
            ],
            [
              -120.61349,
              39.520701
            ],
            [
              -120.613314,
              39.520779
            ],
            [
              -120.612987,
              39.520939
            ],
            [
              -120.612842,
              39.521039
            ],
            [
              -120.612398,
              39.521242
            ],
            [
              -120.612315,
              39.521281
            ],
            [
              -120.612155,
              39.521341
            ],
            [
              -120.612026,
              39.52141
            ],
            [
              -120.611789,
              39.5215
            ],
            [
              -120.611445,
              39.521565
            ],
            [
              -120.611109,
              39.521603
            ],
            [
              -120.610377,
              39.521656
            ],
            [
              -120.60995,
              39.521665
            ],
            [
              -120.609545,
              39.521692
            ],
            [
              -120.609156,
              39.521698
            ],
            [
              -120.60882,
              39.521673
            ],
            [
              -120.608638,
              39.52166
            ],
            [
              -120.607758,
              39.521451
            ],
            [
              -120.607745,
              39.521448
            ],
            [
              -120.607035,
              39.521271
            ],
            [
              -120.606684,
              39.521192
            ],
            [
              -120.60625,
              39.521102
            ],
            [
              -120.606127,
              39.521109
            ],
            [
              -120.606021,
              39.521133
            ],
            [
              -120.605769,
              39.521245
            ],
            [
              -120.605441,
              39.521347
            ],
            [
              -120.605151,
              39.521417
            ],
            [
              -120.604945,
              39.521454
            ],
            [
              -120.604625,
              39.521501
            ],
            [
              -120.604594,
              39.521504
            ],
            [
              -120.604358,
              39.521532
            ],
            [
              -120.603869,
              39.521567
            ],
            [
              -120.603511,
              39.521577
            ],
            [
              -120.602915,
              39.521596
            ],
            [
              -120.602511,
              39.521584
            ],
            [
              -120.601839,
              39.521507
            ],
            [
              -120.601451,
              39.521517
            ],
            [
              -120.601214,
              39.521552
            ],
            [
              -120.601062,
              39.521558
            ],
            [
              -120.600711,
              39.52156
            ],
            [
              -120.60036,
              39.521571
            ],
            [
              -120.600268,
              39.5216
            ],
            [
              -120.600215,
              39.521626
            ],
            [
              -120.600199,
              39.521657
            ],
            [
              -120.600146,
              39.521877
            ],
            [
              -120.600116,
              39.521949
            ],
            [
              -120.600039,
              39.522019
            ],
            [
              -120.599894,
              39.522052
            ],
            [
              -120.599605,
              39.522073
            ],
            [
              -120.599391,
              39.5221
            ],
            [
              -120.599154,
              39.522086
            ],
            [
              -120.598887,
              39.522058
            ],
            [
              -120.598605,
              39.521922
            ],
            [
              -120.598416,
              39.521841
            ],
            [
              -120.598218,
              39.521694
            ],
            [
              -120.598044,
              39.521448
            ],
            [
              -120.597953,
              39.521258
            ],
            [
              -120.597915,
              39.521146
            ],
            [
              -120.597817,
              39.520995
            ],
            [
              -120.597658,
              39.520826
            ],
            [
              -120.597529,
              39.520712
            ],
            [
              -120.597317,
              39.520626
            ],
            [
              -120.597135,
              39.520604
            ],
            [
              -120.597005,
              39.520611
            ],
            [
              -120.596899,
              39.520663
            ],
            [
              -120.596602,
              39.520773
            ],
            [
              -120.596345,
              39.520897
            ],
            [
              -120.596184,
              39.520992
            ],
            [
              -120.596026,
              39.521154
            ],
            [
              -120.59595,
              39.521279
            ],
            [
              -120.595882,
              39.521434
            ],
            [
              -120.595707,
              39.521627
            ],
            [
              -120.595585,
              39.521791
            ],
            [
              -120.595517,
              39.521843
            ],
            [
              -120.595419,
              39.521872
            ],
            [
              -120.59532,
              39.521888
            ],
            [
              -120.595085,
              39.521869
            ],
            [
              -120.594667,
              39.521726
            ],
            [
              -120.594508,
              39.521696
            ],
            [
              -120.594349,
              39.521714
            ],
            [
              -120.594189,
              39.521774
            ],
            [
              -120.594022,
              39.521869
            ],
            [
              -120.593772,
              39.522025
            ],
            [
              -120.593673,
              39.522099
            ],
            [
              -120.593604,
              39.522134
            ],
            [
              -120.593528,
              39.522132
            ],
            [
              -120.593452,
              39.522094
            ],
            [
              -120.5934,
              39.522048
            ],
            [
              -120.593286,
              39.522014
            ],
            [
              -120.593247,
              39.522014
            ],
            [
              -120.593028,
              39.522059
            ],
            [
              -120.592807,
              39.522134
            ],
            [
              -120.592633,
              39.522216
            ],
            [
              -120.592447,
              39.522242
            ],
            [
              -120.592351,
              39.522255
            ],
            [
              -120.59222,
              39.522289
            ],
            [
              -120.59212,
              39.522359
            ],
            [
              -120.591959,
              39.522446
            ],
            [
              -120.591813,
              39.522506
            ],
            [
              -120.591682,
              39.522544
            ],
            [
              -120.591506,
              39.52255
            ],
            [
              -120.591375,
              39.522524
            ],
            [
              -120.59126,
              39.522517
            ],
            [
              -120.591159,
              39.522543
            ],
            [
              -120.590859,
              39.522672
            ],
            [
              -120.590645,
              39.522749
            ],
            [
              -120.590475,
              39.522777
            ],
            [
              -120.590284,
              39.522868
            ],
            [
              -120.590191,
              39.522902
            ],
            [
              -120.590145,
              39.522961
            ],
            [
              -120.590107,
              39.523054
            ],
            [
              -120.590029,
              39.523189
            ],
            [
              -120.589976,
              39.523342
            ],
            [
              -120.589899,
              39.5234
            ],
            [
              -120.589791,
              39.523438
            ],
            [
              -120.589715,
              39.523459
            ],
            [
              -120.58963,
              39.523476
            ],
            [
              -120.589338,
              39.523437
            ],
            [
              -120.588678,
              39.523468
            ],
            [
              -120.588432,
              39.523472
            ],
            [
              -120.588239,
              39.523491
            ],
            [
              -120.588093,
              39.523556
            ],
            [
              -120.588002,
              39.523563
            ],
            [
              -120.587886,
              39.523547
            ],
            [
              -120.587664,
              39.523497
            ],
            [
              -120.587526,
              39.523436
            ],
            [
              -120.587435,
              39.523384
            ],
            [
              -120.587374,
              39.523333
            ],
            [
              -120.58732,
              39.523233
            ],
            [
              -120.58726,
              39.523097
            ],
            [
              -120.587175,
              39.523014
            ],
            [
              -120.587084,
              39.522954
            ],
            [
              -120.586916,
              39.52291
            ],
            [
              -120.586718,
              39.52291
            ],
            [
              -120.586504,
              39.522919
            ],
            [
              -120.586176,
              39.522966
            ],
            [
              -120.586,
              39.522972
            ],
            [
              -120.585764,
              39.522917
            ],
            [
              -120.585596,
              39.522882
            ],
            [
              -120.585474,
              39.522789
            ],
            [
              -120.585329,
              39.522629
            ],
            [
              -120.585016,
              39.522312
            ],
            [
              -120.584826,
              39.522195
            ],
            [
              -120.584604,
              39.5221
            ],
            [
              -120.584467,
              39.522003
            ],
            [
              -120.58436,
              39.521879
            ],
            [
              -120.584185,
              39.521722
            ],
            [
              -120.584024,
              39.52157
            ],
            [
              -120.583948,
              39.521506
            ],
            [
              -120.583864,
              39.521481
            ],
            [
              -120.583758,
              39.521479
            ],
            [
              -120.583651,
              39.521499
            ],
            [
              -120.583574,
              39.521561
            ],
            [
              -120.583506,
              39.521681
            ],
            [
              -120.583437,
              39.521878
            ],
            [
              -120.5833,
              39.522069
            ],
            [
              -120.583147,
              39.522223
            ],
            [
              -120.582979,
              39.522355
            ],
            [
              -120.582781,
              39.522463
            ],
            [
              -120.582605,
              39.522577
            ],
            [
              -120.582282,
              39.522687
            ],
            [
              -120.582216,
              39.522798
            ],
            [
              -120.582018,
              39.522893
            ],
            [
              -120.581888,
              39.522949
            ],
            [
              -120.581804,
              39.522965
            ],
            [
              -120.581705,
              39.522954
            ],
            [
              -120.581608,
              39.522934
            ],
            [
              -120.581483,
              39.522909
            ],
            [
              -120.5813,
              39.52286
            ],
            [
              -120.58108,
              39.522856
            ],
            [
              -120.580927,
              39.522898
            ],
            [
              -120.580789,
              39.522989
            ],
            [
              -120.580667,
              39.523104
            ],
            [
              -120.580584,
              39.52317
            ],
            [
              -120.580507,
              39.5232
            ],
            [
              -120.580408,
              39.523198
            ],
            [
              -120.580293,
              39.523168
            ],
            [
              -120.58011,
              39.52311
            ],
            [
              -120.579874,
              39.523056
            ],
            [
              -120.579714,
              39.523012
            ],
            [
              -120.579538,
              39.522981
            ],
            [
              -120.57937,
              39.522964
            ],
            [
              -120.579164,
              39.522978
            ],
            [
              -120.578951,
              39.523019
            ],
            [
              -120.578676,
              39.523103
            ],
            [
              -120.57847,
              39.523171
            ],
            [
              -120.578157,
              39.523227
            ],
            [
              -120.577974,
              39.523264
            ],
            [
              -120.577859,
              39.523271
            ],
            [
              -120.577817,
              39.523266
            ],
            [
              -120.577677,
              39.523253
            ],
            [
              -120.577348,
              39.523192
            ],
            [
              -120.577188,
              39.523144
            ],
            [
              -120.577058,
              39.52306
            ],
            [
              -120.576639,
              39.522741
            ],
            [
              -120.576525,
              39.522599
            ],
            [
              -120.576334,
              39.522446
            ],
            [
              -120.576196,
              39.522362
            ],
            [
              -120.576029,
              39.522314
            ],
            [
              -120.575754,
              39.522285
            ],
            [
              -120.575594,
              39.522291
            ],
            [
              -120.575454,
              39.522308
            ],
            [
              -120.575349,
              39.522322
            ],
            [
              -120.575159,
              39.522304
            ],
            [
              -120.575059,
              39.52228
            ],
            [
              -120.574961,
              39.52217
            ],
            [
              -120.574853,
              39.522104
            ],
            [
              -120.574769,
              39.522021
            ],
            [
              -120.574617,
              39.521919
            ],
            [
              -120.57451,
              39.521867
            ],
            [
              -120.574464,
              39.52183
            ],
            [
              -120.574465,
              39.521812
            ],
            [
              -120.57451,
              39.521768
            ],
            [
              -120.574556,
              39.52176
            ],
            [
              -120.57467,
              39.521772
            ],
            [
              -120.574846,
              39.521825
            ],
            [
              -120.575166,
              39.521899
            ],
            [
              -120.575304,
              39.521961
            ],
            [
              -120.57551,
              39.522028
            ],
            [
              -120.57567,
              39.522063
            ],
            [
              -120.575754,
              39.522074
            ],
            [
              -120.575853,
              39.522058
            ],
            [
              -120.576044,
              39.521981
            ],
            [
              -120.576105,
              39.521923
            ],
            [
              -120.576127,
              39.521874
            ],
            [
              -120.57612,
              39.521815
            ],
            [
              -120.576089,
              39.521779
            ],
            [
              -120.576014,
              39.521746
            ],
            [
              -120.57596,
              39.521704
            ],
            [
              -120.575853,
              39.521661
            ],
            [
              -120.575777,
              39.521574
            ],
            [
              -120.575777,
              39.521524
            ],
            [
              -120.5758,
              39.521511
            ],
            [
              -120.575853,
              39.521495
            ],
            [
              -120.576013,
              39.52148
            ],
            [
              -120.576067,
              39.521467
            ],
            [
              -120.57609,
              39.521454
            ],
            [
              -120.576089,
              39.521423
            ],
            [
              -120.576044,
              39.521404
            ],
            [
              -120.57599,
              39.521389
            ],
            [
              -120.575938,
              39.521392
            ],
            [
              -120.575838,
              39.5214
            ],
            [
              -120.575724,
              39.521388
            ],
            [
              -120.575517,
              39.521348
            ],
            [
              -120.575349,
              39.521326
            ],
            [
              -120.575235,
              39.521252
            ],
            [
              -120.574838,
              39.521086
            ],
            [
              -120.574723,
              39.521021
            ],
            [
              -120.574724,
              39.520975
            ],
            [
              -120.574617,
              39.520933
            ],
            [
              -120.574404,
              39.520811
            ],
            [
              -120.574258,
              39.520668
            ],
            [
              -120.574167,
              39.520572
            ],
            [
              -120.57393,
              39.520477
            ],
            [
              -120.573686,
              39.520404
            ],
            [
              -120.573274,
              39.520346
            ],
            [
              -120.572816,
              39.520323
            ],
            [
              -120.572465,
              39.520289
            ],
            [
              -120.57229,
              39.520244
            ],
            [
              -120.572183,
              39.520197
            ],
            [
              -120.572054,
              39.520109
            ],
            [
              -120.571924,
              39.519985
            ],
            [
              -120.57187,
              39.519889
            ],
            [
              -120.571733,
              39.519769
            ],
            [
              -120.571588,
              39.519649
            ],
            [
              -120.571389,
              39.519582
            ],
            [
              -120.571176,
              39.519555
            ],
            [
              -120.571046,
              39.519502
            ],
            [
              -120.570894,
              39.519413
            ],
            [
              -120.570779,
              39.519289
            ],
            [
              -120.570619,
              39.51902
            ],
            [
              -120.570535,
              39.518798
            ],
            [
              -120.570398,
              39.518394
            ],
            [
              -120.570314,
              39.518271
            ],
            [
              -120.570169,
              39.518137
            ],
            [
              -120.569673,
              39.517771
            ],
            [
              -120.569474,
              39.517605
            ],
            [
              -120.569253,
              39.517294
            ],
            [
              -120.569208,
              39.517103
            ],
            [
              -120.569146,
              39.516963
            ],
            [
              -120.56904,
              39.516767
            ],
            [
              -120.568887,
              39.516574
            ],
            [
              -120.568735,
              39.516409
            ],
            [
              -120.568513,
              39.516211
            ],
            [
              -120.568338,
              39.516036
            ],
            [
              -120.568063,
              39.515877
            ],
            [
              -120.56775,
              39.515749
            ],
            [
              -120.567399,
              39.515647
            ],
            [
              -120.567163,
              39.515601
            ],
            [
              -120.56682,
              39.515553
            ],
            [
              -120.566453,
              39.515532
            ],
            [
              -120.566033,
              39.515528
            ],
            [
              -120.5655,
              39.51553
            ],
            [
              -120.565103,
              39.515563
            ],
            [
              -120.564843,
              39.515611
            ],
            [
              -120.564553,
              39.515673
            ],
            [
              -120.563913,
              39.515839
            ],
            [
              -120.563623,
              39.515919
            ],
            [
              -120.563035,
              39.516051
            ],
            [
              -120.562715,
              39.516112
            ],
            [
              -120.562493,
              39.516138
            ],
            [
              -120.562234,
              39.51612
            ],
            [
              -120.562012,
              39.516092
            ],
            [
              -120.561654,
              39.516022
            ],
            [
              -120.561455,
              39.516009
            ],
            [
              -120.561349,
              39.516024
            ],
            [
              -120.561235,
              39.516063
            ],
            [
              -120.560998,
              39.51617
            ],
            [
              -120.560823,
              39.516207
            ],
            [
              -120.56067,
              39.516195
            ],
            [
              -120.560593,
              39.516157
            ],
            [
              -120.560434,
              39.51596
            ],
            [
              -120.560304,
              39.515845
            ],
            [
              -120.560128,
              39.515769
            ],
            [
              -120.559823,
              39.515655
            ],
            [
              -120.559639,
              39.515574
            ],
            [
              -120.559449,
              39.515426
            ],
            [
              -120.559327,
              39.515212
            ],
            [
              -120.559289,
              39.514989
            ],
            [
              -120.559243,
              39.51479
            ],
            [
              -120.559189,
              39.514645
            ],
            [
              -120.559067,
              39.514547
            ],
            [
              -120.558937,
              39.514499
            ],
            [
              -120.558677,
              39.514417
            ],
            [
              -120.558487,
              39.514377
            ],
            [
              -120.558264,
              39.514245
            ],
            [
              -120.558097,
              39.514232
            ],
            [
              -120.557806,
              39.514258
            ],
            [
              -120.557584,
              39.514262
            ],
            [
              -120.557416,
              39.514245
            ],
            [
              -120.557226,
              39.514205
            ],
            [
              -120.557066,
              39.514151
            ],
            [
              -120.556882,
              39.514143
            ],
            [
              -120.556675,
              39.514143
            ],
            [
              -120.556569,
              39.514105
            ],
            [
              -120.556493,
              39.51404
            ],
            [
              -120.556325,
              39.51387
            ],
            [
              -120.55614,
              39.513658
            ],
            [
              -120.55608,
              39.513517
            ],
            [
              -120.556049,
              39.513368
            ],
            [
              -120.55605,
              39.513278
            ],
            [
              -120.55605,
              39.51316
            ],
            [
              -120.556095,
              39.512869
            ],
            [
              -120.556119,
              39.512537
            ],
            [
              -120.556066,
              39.51231
            ],
            [
              -120.556005,
              39.512084
            ],
            [
              -120.55602,
              39.511926
            ],
            [
              -120.556119,
              39.511722
            ],
            [
              -120.55615,
              39.511525
            ],
            [
              -120.556151,
              39.511295
            ],
            [
              -120.556098,
              39.510993
            ],
            [
              -120.556068,
              39.51065
            ],
            [
              -120.556068,
              39.510201
            ],
            [
              -120.556114,
              39.509967
            ],
            [
              -120.556138,
              39.509744
            ],
            [
              -120.555867,
              39.508736
            ],
            [
              -120.555795,
              39.508448
            ],
            [
              -120.555779,
              39.50825
            ],
            [
              -120.555797,
              39.508027
            ],
            [
              -120.555902,
              39.507616
            ],
            [
              -120.55637,
              39.507407
            ],
            [
              -120.556614,
              39.507203
            ],
            [
              -120.556651,
              39.507173
            ],
            [
              -120.556642,
              39.50681
            ],
            [
              -120.556373,
              39.506447
            ],
            [
              -120.556185,
              39.506265
            ],
            [
              -120.555596,
              39.505695
            ],
            [
              -120.554952,
              39.505662
            ],
            [
              -120.554724,
              39.505419
            ],
            [
              -120.55404,
              39.504829
            ],
            [
              -120.553406,
              39.504623
            ],
            [
              -120.553366,
              39.50461
            ],
            [
              -120.552857,
              39.504577
            ],
            [
              -120.552295,
              39.504675
            ],
            [
              -120.552223,
              39.504689
            ],
            [
              -120.551919,
              39.504569
            ],
            [
              -120.551228,
              39.504042
            ],
            [
              -120.550966,
              39.503845
            ],
            [
              -120.550679,
              39.503629
            ],
            [
              -120.550659,
              39.503595
            ],
            [
              -120.550554,
              39.503421
            ],
            [
              -120.550451,
              39.50325
            ],
            [
              -120.550365,
              39.502851
            ],
            [
              -120.550323,
              39.502653
            ],
            [
              -120.550103,
              39.501628
            ],
            [
              -120.550133,
              39.501564
            ],
            [
              -120.550176,
              39.501474
            ],
            [
              -120.550729,
              39.500733
            ],
            [
              -120.550834,
              39.500403
            ],
            [
              -120.550855,
              39.500209
            ],
            [
              -120.550574,
              39.499902
            ],
            [
              -120.55096,
              39.499675
            ],
            [
              -120.551179,
              39.499506
            ],
            [
              -120.551222,
              39.499378
            ],
            [
              -120.551202,
              39.4992
            ],
            [
              -120.55097,
              39.498955
            ],
            [
              -120.55085,
              39.498829
            ],
            [
              -120.550415,
              39.498433
            ],
            [
              -120.550245,
              39.49812
            ],
            [
              -120.550177,
              39.497997
            ],
            [
              -120.550189,
              39.497666
            ],
            [
              -120.550108,
              39.497118
            ],
            [
              -120.549882,
              39.496569
            ],
            [
              -120.549721,
              39.496326
            ],
            [
              -120.549572,
              39.496101
            ],
            [
              -120.549542,
              39.495896
            ],
            [
              -120.549491,
              39.495553
            ],
            [
              -120.549424,
              39.495333
            ],
            [
              -120.549378,
              39.49518
            ],
            [
              -120.54908,
              39.49447
            ],
            [
              -120.548572,
              39.493985
            ],
            [
              -120.548482,
              39.493952
            ],
            [
              -120.547942,
              39.493753
            ],
            [
              -120.547825,
              39.49371
            ],
            [
              -120.547265,
              39.49341
            ],
            [
              -120.546913,
              39.493071
            ],
            [
              -120.546748,
              39.49282
            ],
            [
              -120.546311,
              39.492795
            ],
            [
              -120.545963,
              39.492809
            ],
            [
              -120.545396,
              39.492833
            ],
            [
              -120.544898,
              39.492695
            ],
            [
              -120.544535,
              39.492525
            ],
            [
              -120.544453,
              39.491912
            ],
            [
              -120.54434,
              39.491589
            ],
            [
              -120.543843,
              39.491225
            ],
            [
              -120.543106,
              39.491038
            ],
            [
              -120.542451,
              39.491037
            ],
            [
              -120.541828,
              39.491019
            ],
            [
              -120.541256,
              39.490889
            ],
            [
              -120.54105,
              39.49059
            ],
            [
              -120.540999,
              39.490219
            ],
            [
              -120.540752,
              39.489799
            ],
            [
              -120.540676,
              39.489749
            ],
            [
              -120.540358,
              39.48954
            ],
            [
              -120.54009,
              39.48908
            ],
            [
              -120.539841,
              39.488773
            ],
            [
              -120.539885,
              39.488257
            ],
            [
              -120.539639,
              39.487813
            ],
            [
              -120.539586,
              39.487717
            ],
            [
              -120.539557,
              39.487201
            ],
            [
              -120.539672,
              39.487007
            ],
            [
              -120.539661,
              39.486978
            ],
            [
              -120.53958,
              39.486749
            ],
            [
              -120.539331,
              39.486579
            ],
            [
              -120.538398,
              39.486029
            ],
            [
              -120.537766,
              39.485568
            ],
            [
              -120.537595,
              39.485405
            ],
            [
              -120.537393,
              39.485212
            ],
            [
              -120.536943,
              39.484813
            ],
            [
              -120.536845,
              39.484727
            ],
            [
              -120.53671,
              39.484677
            ],
            [
              -120.536378,
              39.484557
            ],
            [
              -120.535952,
              39.484362
            ],
            [
              -120.535703,
              39.484249
            ],
            [
              -120.535187,
              39.483711
            ],
            [
              -120.535118,
              39.483673
            ],
            [
              -120.535011,
              39.483613
            ],
            [
              -120.534721,
              39.48371
            ],
            [
              -120.534429,
              39.483765
            ],
            [
              -120.534233,
              39.483686
            ],
            [
              -120.534203,
              39.48346
            ],
            [
              -120.534285,
              39.483162
            ],
            [
              -120.534474,
              39.482776
            ],
            [
              -120.534574,
              39.482219
            ],
            [
              -120.53459,
              39.482132
            ],
            [
              -120.534591,
              39.481713
            ],
            [
              -120.534565,
              39.481399
            ],
            [
              -120.534551,
              39.481231
            ],
            [
              -120.534428,
              39.480879
            ],
            [
              -120.534335,
              39.480611
            ],
            [
              -120.534304,
              39.480257
            ],
            [
              -120.534306,
              39.479936
            ],
            [
              -120.534442,
              39.479677
            ],
            [
              -120.53446,
              39.47931
            ],
            [
              -120.534463,
              39.479259
            ],
            [
              -120.534495,
              39.478986
            ],
            [
              -120.534588,
              39.478807
            ],
            [
              -120.534594,
              39.478796
            ],
            [
              -120.534621,
              39.478744
            ],
            [
              -120.534768,
              39.478462
            ],
            [
              -120.534777,
              39.478446
            ],
            [
              -120.534737,
              39.477851
            ],
            [
              -120.534583,
              39.477392
            ],
            [
              -120.534571,
              39.477366
            ],
            [
              -120.534423,
              39.477021
            ],
            [
              -120.534417,
              39.477008
            ],
            [
              -120.534411,
              39.476992
            ],
            [
              -120.534402,
              39.476971
            ],
            [
              -120.534397,
              39.476959
            ],
            [
              -120.534386,
              39.476934
            ],
            [
              -120.534355,
              39.476886
            ],
            [
              -120.534254,
              39.47612
            ],
            [
              -120.53428,
              39.476039
            ],
            [
              -120.53431,
              39.47595
            ],
            [
              -120.534318,
              39.475925
            ],
            [
              -120.534349,
              39.475831
            ],
            [
              -120.534421,
              39.475582
            ],
            [
              -120.534278,
              39.475186
            ],
            [
              -120.534052,
              39.474535
            ],
            [
              -120.533976,
              39.474343
            ],
            [
              -120.533949,
              39.474274
            ],
            [
              -120.533784,
              39.47385
            ],
            [
              -120.533731,
              39.473351
            ],
            [
              -120.533722,
              39.473262
            ],
            [
              -120.533703,
              39.472901
            ],
            [
              -120.53388,
              39.472587
            ],
            [
              -120.533934,
              39.472499
            ],
            [
              -120.533948,
              39.472476
            ],
            [
              -120.534043,
              39.472113
            ],
            [
              -120.534077,
              39.471986
            ],
            [
              -120.53479,
              39.471293
            ],
            [
              -120.534923,
              39.471164
            ],
            [
              -120.534994,
              39.470988
            ],
            [
              -120.535113,
              39.470691
            ],
            [
              -120.535194,
              39.470492
            ],
            [
              -120.535161,
              39.46975
            ],
            [
              -120.535147,
              39.469431
            ],
            [
              -120.535112,
              39.469251
            ],
            [
              -120.535071,
              39.469033
            ],
            [
              -120.534995,
              39.468711
            ],
            [
              -120.534957,
              39.468589
            ],
            [
              -120.53495,
              39.468538
            ],
            [
              -120.534942,
              39.468485
            ],
            [
              -120.534987,
              39.468234
            ],
            [
              -120.535018,
              39.468108
            ],
            [
              -120.535018,
              39.467959
            ],
            [
              -120.535033,
              39.467834
            ],
            [
              -120.535017,
              39.467658
            ],
            [
              -120.534957,
              39.467467
            ],
            [
              -120.534889,
              39.46731
            ],
            [
              -120.534881,
              39.46729
            ],
            [
              -120.534835,
              39.467118
            ],
            [
              -120.534751,
              39.466895
            ],
            [
              -120.534705,
              39.466556
            ],
            [
              -120.534728,
              39.466395
            ],
            [
              -120.534728,
              39.466246
            ],
            [
              -120.534697,
              39.466106
            ],
            [
              -120.534621,
              39.465933
            ],
            [
              -120.534506,
              39.465737
            ],
            [
              -120.53443,
              39.465569
            ],
            [
              -120.534285,
              39.465358
            ],
            [
              -120.534201,
              39.465113
            ],
            [
              -120.534193,
              39.464991
            ],
            [
              -120.534201,
              39.464888
            ],
            [
              -120.534293,
              39.464732
            ],
            [
              -120.534377,
              39.464653
            ],
            [
              -120.534461,
              39.464587
            ],
            [
              -120.534507,
              39.46453
            ],
            [
              -120.534537,
              39.46444
            ],
            [
              -120.534522,
              39.464377
            ],
            [
              -120.534453,
              39.464294
            ],
            [
              -120.534362,
              39.464229
            ],
            [
              -120.534285,
              39.46421
            ],
            [
              -120.534186,
              39.464208
            ],
            [
              -120.534087,
              39.464183
            ],
            [
              -120.534033,
              39.464137
            ],
            [
              -120.533591,
              39.463767
            ],
            [
              -120.533377,
              39.463596
            ],
            [
              -120.533163,
              39.463465
            ],
            [
              -120.533034,
              39.463372
            ],
            [
              -120.532851,
              39.463233
            ],
            [
              -120.532744,
              39.463195
            ],
            [
              -120.532561,
              39.463123
            ],
            [
              -120.532542,
              39.463114
            ],
            [
              -120.532447,
              39.463071
            ],
            [
              -120.532332,
              39.463006
            ],
            [
              -120.532241,
              39.462914
            ],
            [
              -120.532157,
              39.462727
            ],
            [
              -120.53208,
              39.462649
            ],
            [
              -120.531973,
              39.46257
            ],
            [
              -120.531783,
              39.46253
            ],
            [
              -120.531401,
              39.462423
            ],
            [
              -120.531264,
              39.46233
            ],
            [
              -120.531177,
              39.462263
            ],
            [
              -120.531142,
              39.462237
            ],
            [
              -120.53105,
              39.462123
            ],
            [
              -120.531027,
              39.462028
            ],
            [
              -120.530997,
              39.461937
            ],
            [
              -120.530943,
              39.461886
            ],
            [
              -120.530867,
              39.461871
            ],
            [
              -120.530843,
              39.461871
            ],
            [
              -120.530791,
              39.46187
            ],
            [
              -120.530737,
              39.461887
            ],
            [
              -120.5306,
              39.461956
            ],
            [
              -120.530532,
              39.461959
            ],
            [
              -120.530387,
              39.461915
            ],
            [
              -120.530352,
              39.461883
            ],
            [
              -120.530295,
              39.461832
            ],
            [
              -120.530203,
              39.461704
            ],
            [
              -120.530051,
              39.461611
            ],
            [
              -120.529875,
              39.461539
            ],
            [
              -120.529563,
              39.46151
            ],
            [
              -120.529425,
              39.461467
            ],
            [
              -120.529295,
              39.461387
            ],
            [
              -120.529173,
              39.46129
            ],
            [
              -120.529105,
              39.461185
            ],
            [
              -120.52908,
              39.461099
            ],
            [
              -120.529021,
              39.460891
            ],
            [
              -120.528982,
              39.460827
            ],
            [
              -120.528845,
              39.460743
            ],
            [
              -120.528776,
              39.460713
            ],
            [
              -120.528647,
              39.460657
            ],
            [
              -120.528403,
              39.460576
            ],
            [
              -120.528213,
              39.460547
            ],
            [
              -120.527953,
              39.460508
            ],
            [
              -120.52767,
              39.460452
            ],
            [
              -120.527411,
              39.460451
            ],
            [
              -120.527235,
              39.460429
            ],
            [
              -120.527075,
              39.460448
            ],
            [
              -120.526892,
              39.460426
            ],
            [
              -120.52677,
              39.460361
            ],
            [
              -120.526533,
              39.460203
            ],
            [
              -120.526527,
              39.460195
            ],
            [
              -120.52648,
              39.460125
            ],
            [
              -120.526465,
              39.460066
            ],
            [
              -120.526381,
              39.45997
            ],
            [
              -120.526106,
              39.459815
            ],
            [
              -120.526007,
              39.459696
            ],
            [
              -120.52595,
              39.45967
            ],
            [
              -120.525686,
              39.459549
            ],
            [
              -120.525404,
              39.459377
            ],
            [
              -120.525383,
              39.459357
            ],
            [
              -120.525236,
              39.459215
            ],
            [
              -120.525227,
              39.459208
            ],
            [
              -120.525158,
              39.459155
            ],
            [
              -120.524953,
              39.458999
            ],
            [
              -120.524885,
              39.458947
            ],
            [
              -120.524626,
              39.458793
            ],
            [
              -120.524558,
              39.458746
            ],
            [
              -120.524451,
              39.458726
            ],
            [
              -120.524431,
              39.458724
            ],
            [
              -120.52429,
              39.458713
            ],
            [
              -120.52416,
              39.458729
            ],
            [
              -120.524015,
              39.458735
            ],
            [
              -120.523901,
              39.458755
            ],
            [
              -120.523817,
              39.458789
            ],
            [
              -120.523756,
              39.458842
            ],
            [
              -120.523695,
              39.458912
            ],
            [
              -120.523642,
              39.458983
            ],
            [
              -120.52355,
              39.459049
            ],
            [
              -120.523367,
              39.459104
            ],
            [
              -120.523145,
              39.459139
            ],
            [
              -120.523024,
              39.459145
            ],
            [
              -120.522886,
              39.459152
            ],
            [
              -120.522696,
              39.459166
            ],
            [
              -120.522513,
              39.459166
            ],
            [
              -120.522291,
              39.459126
            ],
            [
              -120.522147,
              39.459082
            ],
            [
              -120.522001,
              39.459016
            ],
            [
              -120.521902,
              39.458937
            ],
            [
              -120.521834,
              39.45885
            ],
            [
              -120.52178,
              39.458759
            ],
            [
              -120.521757,
              39.458668
            ],
            [
              -120.521734,
              39.458483
            ],
            [
              -120.521796,
              39.458349
            ],
            [
              -120.521887,
              39.458158
            ],
            [
              -120.521933,
              39.458019
            ],
            [
              -120.522017,
              39.457705
            ],
            [
              -120.522047,
              39.457566
            ],
            [
              -120.522017,
              39.457296
            ],
            [
              -120.521986,
              39.457182
            ],
            [
              -120.52191,
              39.457059
            ],
            [
              -120.521864,
              39.456999
            ],
            [
              -120.521811,
              39.456967
            ],
            [
              -120.521734,
              39.456929
            ],
            [
              -120.521605,
              39.45689
            ],
            [
              -120.521437,
              39.456873
            ],
            [
              -120.521254,
              39.456878
            ],
            [
              -120.520773,
              39.457008
            ],
            [
              -120.520491,
              39.457065
            ],
            [
              -120.520056,
              39.457191
            ],
            [
              -120.519926,
              39.457219
            ],
            [
              -120.519796,
              39.457239
            ],
            [
              -120.519666,
              39.45725
            ],
            [
              -120.51945,
              39.457217
            ],
            [
              -120.519285,
              39.45721
            ],
            [
              -120.51914,
              39.457221
            ],
            [
              -120.51895,
              39.457248
            ],
            [
              -120.518766,
              39.457298
            ],
            [
              -120.518645,
              39.457309
            ],
            [
              -120.518514,
              39.457297
            ],
            [
              -120.518362,
              39.457263
            ],
            [
              -120.51827,
              39.457229
            ],
            [
              -120.518195,
              39.457178
            ],
            [
              -120.518187,
              39.457164
            ],
            [
              -120.51808,
              39.457081
            ],
            [
              -120.518034,
              39.456864
            ],
            [
              -120.518042,
              39.456733
            ],
            [
              -120.518102,
              39.456419
            ],
            [
              -120.51811,
              39.45632
            ],
            [
              -120.518162,
              39.456089
            ],
            [
              -120.518172,
              39.456047
            ],
            [
              -120.518194,
              39.455917
            ],
            [
              -120.518141,
              39.455722
            ],
            [
              -120.518041,
              39.455562
            ],
            [
              -120.517965,
              39.45543
            ],
            [
              -120.517844,
              39.455116
            ],
            [
              -120.517744,
              39.455033
            ],
            [
              -120.51766,
              39.454995
            ],
            [
              -120.517515,
              39.454952
            ],
            [
              -120.517401,
              39.454927
            ],
            [
              -120.517172,
              39.454899
            ],
            [
              -120.51676,
              39.454895
            ],
            [
              -120.516577,
              39.454918
            ],
            [
              -120.51589,
              39.455048
            ],
            [
              -120.515691,
              39.455075
            ],
            [
              -120.515532,
              39.455088
            ],
            [
              -120.515401,
              39.4551
            ],
            [
              -120.51518,
              39.455105
            ],
            [
              -120.515043,
              39.455097
            ],
            [
              -120.514875,
              39.45513
            ],
            [
              -120.514776,
              39.455177
            ],
            [
              -120.514677,
              39.455238
            ],
            [
              -120.514585,
              39.455276
            ],
            [
              -120.514433,
              39.455314
            ],
            [
              -120.51428,
              39.455306
            ],
            [
              -120.514043,
              39.455256
            ],
            [
              -120.513624,
              39.455103
            ],
            [
              -120.513494,
              39.455019
            ],
            [
              -120.513425,
              39.454954
            ],
            [
              -120.513394,
              39.45493
            ],
            [
              -120.513364,
              39.454908
            ],
            [
              -120.513266,
              39.454865
            ],
            [
              -120.513174,
              39.454854
            ],
            [
              -120.51296,
              39.454845
            ],
            [
              -120.512716,
              39.45489
            ],
            [
              -120.512144,
              39.454913
            ],
            [
              -120.5119,
              39.454944
            ],
            [
              -120.511579,
              39.454946
            ],
            [
              -120.511373,
              39.454942
            ],
            [
              -120.511251,
              39.454944
            ],
            [
              -120.511106,
              39.454972
            ],
            [
              -120.510984,
              39.455019
            ],
            [
              -120.5109,
              39.455067
            ],
            [
              -120.51071,
              39.455212
            ],
            [
              -120.510664,
              39.455238
            ],
            [
              -120.510564,
              39.455276
            ],
            [
              -120.510412,
              39.455282
            ],
            [
              -120.510289,
              39.455248
            ],
            [
              -120.510145,
              39.455163
            ],
            [
              -120.510023,
              39.455021
            ],
            [
              -120.509893,
              39.454897
            ],
            [
              -120.509641,
              39.454729
            ],
            [
              -120.509382,
              39.454643
            ],
            [
              -120.509214,
              39.454562
            ],
            [
              -120.509076,
              39.454474
            ],
            [
              -120.509001,
              39.454364
            ],
            [
              -120.508916,
              39.454092
            ],
            [
              -120.508832,
              39.453883
            ],
            [
              -120.508771,
              39.453769
            ],
            [
              -120.508695,
              39.453659
            ],
            [
              -120.508626,
              39.453613
            ],
            [
              -120.508519,
              39.453552
            ],
            [
              -120.50839,
              39.453527
            ],
            [
              -120.508093,
              39.453525
            ],
            [
              -120.507932,
              39.453508
            ],
            [
              -120.507825,
              39.453483
            ],
            [
              -120.507764,
              39.453452
            ],
            [
              -120.507665,
              39.453403
            ],
            [
              -120.507604,
              39.453213
            ],
            [
              -120.507604,
              39.453023
            ],
            [
              -120.507619,
              39.452812
            ],
            [
              -120.507665,
              39.452642
            ],
            [
              -120.507772,
              39.452374
            ],
            [
              -120.507772,
              39.45227
            ],
            [
              -120.507711,
              39.452138
            ],
            [
              -120.507619,
              39.451988
            ],
            [
              -120.507566,
              39.451856
            ],
            [
              -120.50752,
              39.451697
            ],
            [
              -120.507513,
              39.451499
            ],
            [
              -120.50752,
              39.451377
            ],
            [
              -120.507604,
              39.450879
            ],
            [
              -120.507619,
              39.45074
            ],
            [
              -120.507619,
              39.450596
            ],
            [
              -120.50755,
              39.450401
            ],
            [
              -120.507391,
              39.450298
            ],
            [
              -120.507246,
              39.450214
            ],
            [
              -120.507101,
              39.450143
            ],
            [
              -120.506925,
              39.450013
            ],
            [
              -120.50681,
              39.449939
            ],
            [
              -120.506711,
              39.449779
            ],
            [
              -120.506483,
              39.449166
            ],
            [
              -120.506345,
              39.448848
            ],
            [
              -120.506284,
              39.44868
            ],
            [
              -120.506185,
              39.448484
            ],
            [
              -120.506101,
              39.448279
            ],
            [
              -120.506072,
              39.448059
            ],
            [
              -120.506071,
              39.448049
            ],
            [
              -120.505933,
              39.447542
            ],
            [
              -120.505689,
              39.446874
            ],
            [
              -120.505605,
              39.446616
            ],
            [
              -120.505506,
              39.446348
            ],
            [
              -120.505445,
              39.446117
            ],
            [
              -120.505341,
              39.44612
            ],
            [
              -120.505185,
              39.446125
            ],
            [
              -120.505029,
              39.446126
            ],
            [
              -120.504926,
              39.446128
            ],
            [
              -120.504884,
              39.446123
            ],
            [
              -120.504761,
              39.44611
            ],
            [
              -120.50472,
              39.446106
            ],
            [
              -120.504707,
              39.446101
            ],
            [
              -120.504671,
              39.446086
            ],
            [
              -120.504659,
              39.446081
            ],
            [
              -120.504632,
              39.44607
            ],
            [
              -120.50107,
              39.446056
            ],
            [
              -120.500359,
              39.446067
            ],
            [
              -120.497917,
              39.446109
            ],
            [
              -120.49551,
              39.446143
            ],
            [
              -120.492174,
              39.446198
            ],
            [
              -120.487541,
              39.446192
            ],
            [
              -120.484919,
              39.446189
            ],
            [
              -120.483269,
              39.446193
            ],
            [
              -120.480197,
              39.44619
            ],
            [
              -120.472932,
              39.446186
            ],
            [
              -120.470982,
              39.446182
            ],
            [
              -120.467911,
              39.446176
            ],
            [
              -120.465319,
              39.446163
            ],
            [
              -120.457544,
              39.446125
            ],
            [
              -120.455064,
              39.446114
            ],
            [
              -120.454953,
              39.446114
            ],
            [
              -120.451331,
              39.446112
            ],
            [
              -120.450629,
              39.446111
            ],
            [
              -120.44858,
              39.446193
            ],
            [
              -120.4483,
              39.446204
            ],
            [
              -120.447795,
              39.446231
            ],
            [
              -120.447748,
              39.446233
            ],
            [
              -120.447437,
              39.446249
            ],
            [
              -120.441198,
              39.445997
            ],
            [
              -120.44093,
              39.446005
            ],
            [
              -120.44087,
              39.446006
            ],
            [
              -120.439461,
              39.446035
            ],
            [
              -120.438574,
              39.446068
            ],
            [
              -120.436631,
              39.446109
            ],
            [
              -120.436252,
              39.446103
            ],
            [
              -120.435943,
              39.44611
            ],
            [
              -120.424003,
              39.446125
            ],
            [
              -120.422423,
              39.446127
            ],
            [
              -120.418844,
              39.446133
            ],
            [
              -120.417683,
              39.44612
            ],
            [
              -120.416678,
              39.446109
            ],
            [
              -120.416104,
              39.446113
            ],
            [
              -120.413916,
              39.446117
            ],
            [
              -120.407355,
              39.44613
            ],
            [
              -120.405168,
              39.446135
            ],
            [
              -120.405088,
              39.446135
            ],
            [
              -120.40497,
              39.446136
            ],
            [
              -120.404851,
              39.446137
            ],
            [
              -120.404772,
              39.446138
            ],
            [
              -120.401911,
              39.446145
            ],
            [
              -120.400407,
              39.446149
            ],
            [
              -120.39608,
              39.446166
            ],
            [
              -120.393331,
              39.446177
            ],
            [
              -120.393123,
              39.446178
            ],
            [
              -120.390472,
              39.44619
            ],
            [
              -120.388544,
              39.446179
            ],
            [
              -120.382763,
              39.446146
            ],
            [
              -120.382248,
              39.446144
            ],
            [
              -120.381579,
              39.446138
            ],
            [
              -120.380837,
              39.446154
            ],
            [
              -120.380069,
              39.446164
            ],
            [
              -120.376739,
              39.44613
            ],
            [
              -120.37454,
              39.446133
            ],
            [
              -120.355649,
              39.446159
            ],
            [
              -120.354969,
              39.44616
            ],
            [
              -120.349612,
              39.446173
            ],
            [
              -120.349352,
              39.446175
            ],
            [
              -120.342085,
              39.446172
            ],
            [
              -120.320286,
              39.446166
            ],
            [
              -120.31302,
              39.446164
            ],
            [
              -120.312872,
              39.446163
            ],
            [
              -120.312431,
              39.446162
            ],
            [
              -120.312284,
              39.446162
            ],
            [
              -120.310025,
              39.446163
            ],
            [
              -120.306584,
              39.446165
            ],
            [
              -120.303251,
              39.446162
            ],
            [
              -120.300993,
              39.446161
            ],
            [
              -120.299345,
              39.446161
            ],
            [
              -120.296864,
              39.446162
            ],
            [
              -120.294403,
              39.446158
            ],
            [
              -120.292756,
              39.446156
            ],
            [
              -120.289713,
              39.446156
            ],
            [
              -120.280586,
              39.446157
            ],
            [
              -120.277544,
              39.446158
            ],
            [
              -120.269287,
              39.446154
            ],
            [
              -120.269061,
              39.446149
            ],
            [
              -120.252629,
              39.446151
            ],
            [
              -120.251033,
              39.446153
            ],
            [
              -120.235727,
              39.445672
            ],
            [
              -120.235691,
              39.445672
            ],
            [
              -120.235242,
              39.44567
            ],
            [
              -120.229228,
              39.445663
            ],
            [
              -120.218601,
              39.445651
            ],
            [
              -120.2175,
              39.445663
            ],
            [
              -120.216872,
              39.445668
            ],
            [
              -120.215009,
              39.445676
            ],
            [
              -120.21406,
              39.44567
            ],
            [
              -120.209281,
              39.445616
            ],
            [
              -120.204424,
              39.445573
            ],
            [
              -120.20271,
              39.445561
            ],
            [
              -120.201946,
              39.445558
            ],
            [
              -120.200023,
              39.445547
            ],
            [
              -120.197034,
              39.445513
            ],
            [
              -120.19696,
              39.445517
            ],
            [
              -120.196738,
              39.445533
            ],
            [
              -120.196665,
              39.445539
            ],
            [
              -120.194711,
              39.445533
            ],
            [
              -120.188849,
              39.445519
            ],
            [
              -120.186895,
              39.445514
            ],
            [
              -120.18609,
              39.445511
            ],
            [
              -120.183677,
              39.445504
            ],
            [
              -120.182873,
              39.445502
            ],
            [
              -120.1784,
              39.445499
            ],
            [
              -120.174821,
              39.445462
            ],
            [
              -120.172235,
              39.445436
            ],
            [
              -120.161052,
              39.445338
            ],
            [
              -120.157239,
              39.445303
            ],
            [
              -120.153208,
              39.445273
            ],
            [
              -120.15043,
              39.445246
            ],
            [
              -120.149638,
              39.445237
            ],
            [
              -120.149566,
              39.445236
            ],
            [
              -120.145956,
              39.445162
            ],
            [
              -120.145695,
              39.445169
            ],
            [
              -120.145342,
              39.445179
            ],
            [
              -120.140554,
              39.445311
            ],
            [
              -120.137518,
              39.445395
            ],
            [
              -120.137489,
              39.445396
            ],
            [
              -120.126009,
              39.445695
            ],
            [
              -120.125757,
              39.44567
            ],
            [
              -120.124639,
              39.445561
            ],
            [
              -120.121285,
              39.445235
            ],
            [
              -120.121257,
              39.445233
            ],
            [
              -120.120325,
              39.445144
            ],
            [
              -120.120216,
              39.445132
            ],
            [
              -120.120168,
              39.445131
            ],
            [
              -120.119637,
              39.44513
            ],
            [
              -120.118045,
              39.445127
            ],
            [
              -120.117515,
              39.445127
            ],
            [
              -120.104315,
              39.445108
            ],
            [
              -120.104231,
              39.445108
            ],
            [
              -120.10415,
              39.445108
            ],
            [
              -120.104017,
              39.445108
            ],
            [
              -120.103885,
              39.445108
            ],
            [
              -120.100265,
              39.445103
            ],
            [
              -120.100241,
              39.445103
            ],
            [
              -120.100171,
              39.445103
            ],
            [
              -120.100148,
              39.445103
            ],
            [
              -120.100093,
              39.445103
            ],
            [
              -120.098716,
              39.445101
            ],
            [
              -120.096007,
              39.445098
            ],
            [
              -120.091252,
              39.445092
            ],
            [
              -120.085401,
              39.445084
            ],
            [
              -120.078185,
              39.445107
            ],
            [
              -120.078137,
              39.445107
            ],
            [
              -120.075859,
              39.445217
            ],
            [
              -120.075806,
              39.445205
            ],
            [
              -120.075705,
              39.445195
            ],
            [
              -120.075669,
              39.445196
            ],
            [
              -120.075636,
              39.445204
            ],
            [
              -120.075594,
              39.445228
            ],
            [
              -120.074816,
              39.445123
            ],
            [
              -120.074157,
              39.445119
            ],
            [
              -120.070813,
              39.445125
            ],
            [
              -120.070641,
              39.445122
            ],
            [
              -120.068781,
              39.445123
            ],
            [
              -120.065403,
              39.445124
            ],
            [
              -120.065283,
              39.445124
            ],
            [
              -120.065157,
              39.445124
            ],
            [
              -120.056489,
              39.445122
            ],
            [
              -120.051767,
              39.44512
            ],
            [
              -120.045713,
              39.445119
            ],
            [
              -120.040877,
              39.445119
            ],
            [
              -120.040821,
              39.445119
            ],
            [
              -120.040655,
              39.445121
            ],
            [
              -120.0406,
              39.445122
            ],
            [
              -120.039875,
              39.445121
            ],
            [
              -120.037701,
              39.445119
            ],
            [
              -120.036977,
              39.445119
            ],
            [
              -120.036533,
              39.445119
            ],
            [
              -120.035202,
              39.445119
            ],
            [
              -120.034759,
              39.44512
            ],
            [
              -120.032449,
              39.445119
            ],
            [
              -120.020267,
              39.445116
            ],
            [
              -120.010477,
              39.445117
            ],
            [
              -120.010359,
              39.445117
            ],
            [
              -120.010323,
              39.445117
            ],
            [
              -120.010186,
              39.445117
            ],
            [
              -120.010073,
              39.445116
            ],
            [
              -120.009582,
              39.445114
            ],
            [
              -120.009504,
              39.445116
            ],
            [
              -120.009466,
              39.445115
            ],
            [
              -120.009353,
              39.445113
            ],
            [
              -120.009316,
              39.445113
            ],
            [
              -120.009276,
              39.445112
            ],
            [
              -120.009217,
              39.445112
            ],
            [
              -120.009157,
              39.445112
            ],
            [
              -120.009118,
              39.445112
            ],
            [
              -120.009093,
              39.445112
            ],
            [
              -120.009021,
              39.445112
            ],
            [
              -120.008997,
              39.445112
            ],
            [
              -120.007952,
              39.4451
            ],
            [
              -120.004817,
              39.445067
            ],
            [
              -120.003773,
              39.445056
            ],
            [
              -120.003778,
              39.44489
            ],
            [
              -120.003794,
              39.444395
            ],
            [
              -120.0038,
              39.44423
            ],
            [
              -120.00394,
              39.440057
            ],
            [
              -120.004081,
              39.435856
            ],
            [
              -120.004247,
              39.430769
            ],
            [
              -120.004354,
              39.427539
            ],
            [
              -120.004468,
              39.424104
            ],
            [
              -120.004492,
              39.423367
            ],
            [
              -120.004562,
              39.421239
            ],
            [
              -120.004692,
              39.417353
            ],
            [
              -120.004774,
              39.414855
            ],
            [
              -120.004845,
              39.412728
            ],
            [
              -120.004928,
              39.410197
            ],
            [
              -120.005181,
              39.402606
            ],
            [
              -120.005265,
              39.400076
            ],
            [
              -120.00534,
              39.397792
            ],
            [
              -120.005358,
              39.39727
            ],
            [
              -120.005472,
              39.393844
            ],
            [
              -120.005567,
              39.390943
            ],
            [
              -120.005626,
              39.389184
            ],
            [
              -120.005643,
              39.38866
            ],
            [
              -120.005694,
              39.387108
            ],
            [
              -120.005848,
              39.382454
            ],
            [
              -120.005864,
              39.381993
            ],
            [
              -120.005901,
              39.380903
            ],
            [
              -120.005901,
              39.38089
            ],
            [
              -120.005902,
              39.380851
            ],
            [
              -120.005903,
              39.380839
            ],
            [
              -120.00591,
              39.380603
            ],
            [
              -120.005934,
              39.379896
            ],
            [
              -120.005942,
              39.379661
            ],
            [
              -120.005968,
              39.37886
            ],
            [
              -120.006048,
              39.376458
            ],
            [
              -120.006075,
              39.375658
            ],
            [
              -120.006077,
              39.375572
            ],
            [
              -120.006085,
              39.375315
            ],
            [
              -120.006089,
              39.37523
            ],
            [
              -120.006127,
              39.374106
            ],
            [
              -120.00614,
              39.370179
            ],
            [
              -120.006192,
              39.355024
            ],
            [
              -120.00621,
              39.349973
            ],
            [
              -120.006212,
              39.349106
            ],
            [
              -120.00622,
              39.346369
            ],
            [
              -120.006237,
              39.341498
            ],
            [
              -120.006258,
              39.335557
            ],
            [
              -120.006271,
              39.331954
            ],
            [
              -120.006274,
              39.330953
            ],
            [
              -120.006276,
              39.330683
            ],
            [
              -120.006284,
              39.32795
            ],
            [
              -120.006288,
              39.326949
            ],
            [
              -120.006294,
              39.324858
            ],
            [
              -120.006316,
              39.318586
            ],
            [
              -120.006323,
              39.316496
            ],
            [
              -120.006323,
              39.31636
            ]
          ]
        ]
      },
      "properties": {
        "aoi_id": "acquisition-placer-nevada",
        "role": "acquisition envelope for fetch-topo and rasters; not a digitizing bound",
        "counties": [
          "Nevada",
          "Placer"
        ],
        "geoids": [
          "06057",
          "06061"
        ],
        "source": "US Census Bureau TIGERweb",
        "source_url": "https://tigerweb.geo.census.gov/arcgis/rest/services/TIGERweb/State_County/MapServer/55",
        "vintage": "Census 2020",
        "rights": "public_domain",
        "retrieved": "2026-08-29"
      }
    }
  ]
}
