topo_id,map_name,scale,extent,date_on_map,content_year,imprint_year,aerial_photo_year,photo_revision_year,field_check_year,edit_year,photo_inspection_year,survey_year,woodland_tint,scanner_resolution,datum,projection,west,south,east,north,in_tier1,size_bytes,rights,geotiff_url,metadata_url,sciencebase_url,source_id
CA_Alleghany_287897_1949_24000,Alleghany,24000,7.5 x 7.5 minute,1949,1949,1961,1946,,1949,,,,Y,600 PPI,NAD27,Polyconic,-120.875,39.375,-120.75,39.5,false,14136180,public_domain,https://prd-tnm.s3.amazonaws.com/StagedProducts/Maps/HistoricalTopo/GeoTIFF/CA/CA_Alleghany_287897_1949_24000_geo.tif,https://thor-f5.er.usgs.gov/ngtoc/metadata/waf/maps/historicaltopo/pdf/CA/24000/CA_Alleghany_287897_1949_24000_geo.xml,https://www.sciencebase.gov/catalog/item/5a8a2893e4b00f54eb3c5711,5a8a2893e4b00f54eb3c5711
CA_Alleghany_287898_1949_24000,Alleghany,24000,7.5 x 7.5 minute,1949,1949,1965,1946,,1949,,,,Y,600 PPI,NAD27,Polyconic,-120.875,39.375,-120.75,39.5,false,13312458,public_domain,https://prd-tnm.s3.amazonaws.com/StagedProducts/Maps/HistoricalTopo/GeoTIFF/CA/CA_Alleghany_287898_1949_24000_geo.tif,https://thor-f5.er.usgs.gov/ngtoc/metadata/waf/maps/historicaltopo/pdf/CA/24000/CA_Alleghany_287898_1949_24000_geo.xml,https://www.sciencebase.gov/catalog/item/5a8a2893e4b00f54eb3c5713,5a8a2893e4b00f54eb3c5713
CA_Alleghany_287901_1949_24000,Alleghany,24000,7.5 x 7.5 minute,1949,1949,1981,1946,,1949,,1973,,Y,600 PPI,NAD27,Polyconic,-120.875,39.375,-120.75,39.5,false,12664970,public_domain,https://prd-tnm.s3.amazonaws.com/StagedProducts/Maps/HistoricalTopo/GeoTIFF/CA/CA_Alleghany_287901_1949_24000_geo.tif,https://thor-f5.er.usgs.gov/ngtoc/metadata/waf/maps/historicaltopo/pdf/CA/24000/CA_Alleghany_287901_1949_24000_geo.xml,https://www.sciencebase.gov/catalog/item/5a8a28a1e4b00f54eb3c582c,5a8a28a1e4b00f54eb3c582c
CA_Alleghany_302231_1949_24000,Alleghany,24000,7.5 x 7.5 minute,1949,1949,1965,1946,,1949,,,,N,600 PPI,NAD27,Polyconic,-120.875,39.375,-120.75,39.5,false,4890397,public_domain,https://prd-tnm.s3.amazonaws.com/StagedProducts/Maps/HistoricalTopo/GeoTIFF/CA/CA_Alleghany_302231_1949_24000_geo.tif,https://thor-f5.er.usgs.gov/ngtoc/metadata/waf/maps/historicaltopo/pdf/CA/24000/CA_Alleghany_302231_1949_24000_geo.xml,https://www.sciencebase.gov/catalog/item/5a8a28a1e4b00f54eb3c5831,5a8a28a1e4b00f54eb3c5831
CA_Alleghany_465287_1949_24000,Alleghany,24000,7.5 x 7.5 minute,1949,1949,1981,1946,,1949,,1973,,Y,600 PPI,NAD27,Polyconic,-120.875,39.375,-120.75,39.5,false,12053688,public_domain,https://prd-tnm.s3.amazonaws.com/StagedProducts/Maps/HistoricalTopo/GeoTIFF/CA/CA_Alleghany_465287_1949_24000_geo.tif,https://thor-f5.er.usgs.gov/ngtoc/metadata/waf/maps/historicaltopo/pdf/CA/24000/CA_Alleghany_465287_1949_24000_geo.xml,https://www.sciencebase.gov/catalog/item/5cb745e2e4b0c3b0065d7af1,5cb745e2e4b0c3b0065d7af1
CA_Alleghany_465288_1951_24000,Alleghany,24000,7.5 x 7.5 minute,1951,1951,,1946,,1949,,,,Y,600 PPI,NAD27,Polyconic,-120.875,39.375,-120.75,39.5,false,10078152,public_domain,https://prd-tnm.s3.amazonaws.com/StagedProducts/Maps/HistoricalTopo/GeoTIFF/CA/CA_Alleghany_465288_1951_24000_geo.tif,https://thor-f5.er.usgs.gov/ngtoc/metadata/waf/maps/historicaltopo/pdf/CA/24000/CA_Alleghany_465288_1951_24000_geo.xml,https://www.sciencebase.gov/catalog/item/5cb745e2e4b0c3b0065d7af3,5cb745e2e4b0c3b0065d7af3
CA_Alleghany_287896_2000_24000,Alleghany,24000,7.5 x 7.5 minute,2000,2000,2003,1998,,,2000,,,Y,600 PPI,NAD27,Lambert Conformal Conic,-120.875,39.375,-120.75,39.5,false,14521258,public_domain,https://prd-tnm.s3.amazonaws.com/StagedProducts/Maps/HistoricalTopo/GeoTIFF/CA/CA_Alleghany_287896_2000_24000_geo.tif,https://thor-f5.er.usgs.gov/ngtoc/metadata/waf/maps/historicaltopo/pdf/CA/24000/CA_Alleghany_287896_2000_24000_geo.xml,https://www.sciencebase.gov/catalog/item/5a8a2892e4b00f54eb3c570f,5a8a2892e4b00f54eb3c570f
CA_Auburn_100355_1953_24000,Auburn,24000,7.5 x 7.5 minute,1953,1981,1981,1978,1981,1953,1981,,,Y,600 PPI,NAD27,Polyconic,-121.125,38.875,-121.0,39.0,true,14530445,public_domain,https://prd-tnm.s3.amazonaws.com/StagedProducts/Maps/HistoricalTopo/GeoTIFF/CA/CA_Auburn_100355_1953_24000_geo.tif,https://thor-f5.er.usgs.gov/ngtoc/metadata/waf/maps/historicaltopo/pdf/CA/24000/CA_Auburn_100355_1953_24000_geo.xml,https://www.sciencebase.gov/catalog/item/5a8a28fae4b00f54eb3c60fc,5a8a28fae4b00f54eb3c60fc
CA_Auburn_288100_1953_24000,Auburn,24000,7.5 x 7.5 minute,1953,1953,1961,1952,,1953,,,,Y,600 PPI,NAD27,Polyconic,-121.125,38.875,-121.0,39.0,true,12968136,public_domain,https://prd-tnm.s3.amazonaws.com/StagedProducts/Maps/HistoricalTopo/GeoTIFF/CA/CA_Auburn_288100_1953_24000_geo.tif,https://thor-f5.er.usgs.gov/ngtoc/metadata/waf/maps/historicaltopo/pdf/CA/24000/CA_Auburn_288100_1953_24000_geo.xml,https://www.sciencebase.gov/catalog/item/5a8a28fae4b00f54eb3c6102,5a8a28fae4b00f54eb3c6102
CA_Auburn_288101_1953_24000,Auburn,24000,7.5 x 7.5 minute,1953,1953,1955,1952,,1953,,,,Y,600 PPI,NAD27,Polyconic,-121.125,38.875,-121.0,39.0,true,12532400,public_domain,https://prd-tnm.s3.amazonaws.com/StagedProducts/Maps/HistoricalTopo/GeoTIFF/CA/CA_Auburn_288101_1953_24000_geo.tif,https://thor-f5.er.usgs.gov/ngtoc/metadata/waf/maps/historicaltopo/pdf/CA/24000/CA_Auburn_288101_1953_24000_geo.xml,https://www.sciencebase.gov/catalog/item/5a8a2904e4b00f54eb3c61ca,5a8a2904e4b00f54eb3c61ca
CA_Auburn_288102_1953_24000,Auburn,24000,7.5 x 7.5 minute,1953,1953,1972,1952,,1953,,,,Y,600 PPI,NAD27,Polyconic,-121.125,38.875,-121.0,39.0,true,12977927,public_domain,https://prd-tnm.s3.amazonaws.com/StagedProducts/Maps/HistoricalTopo/GeoTIFF/CA/CA_Auburn_288102_1953_24000_geo.tif,https://thor-f5.er.usgs.gov/ngtoc/metadata/waf/maps/historicaltopo/pdf/CA/24000/CA_Auburn_288102_1953_24000_geo.xml,https://www.sciencebase.gov/catalog/item/5a8a2904e4b00f54eb3c61cd,5a8a2904e4b00f54eb3c61cd
CA_Auburn_288103_1953_24000,Auburn,24000,7.5 x 7.5 minute,1953,1973,1977,1973,1973,1953,,,,Y,600 PPI,NAD27,Polyconic,-121.125,38.875,-121.0,39.0,true,11709311,public_domain,https://prd-tnm.s3.amazonaws.com/StagedProducts/Maps/HistoricalTopo/GeoTIFF/CA/CA_Auburn_288103_1953_24000_geo.tif,https://thor-f5.er.usgs.gov/ngtoc/metadata/waf/maps/historicaltopo/pdf/CA/24000/CA_Auburn_288103_1953_24000_geo.xml,https://www.sciencebase.gov/catalog/item/5a8a2905e4b00f54eb3c61d1,5a8a2905e4b00f54eb3c61d1
CA_Auburn_288105_1953_24000,Auburn,24000,7.5 x 7.5 minute,1953,1981,1981,1978,1981,1953,1981,,,Y,600 PPI,NAD27,Polyconic,-121.125,38.875,-121.0,39.0,true,12427061,public_domain,https://prd-tnm.s3.amazonaws.com/StagedProducts/Maps/HistoricalTopo/GeoTIFF/CA/CA_Auburn_288105_1953_24000_geo.tif,https://thor-f5.er.usgs.gov/ngtoc/metadata/waf/maps/historicaltopo/pdf/CA/24000/CA_Auburn_288105_1953_24000_geo.xml,https://www.sciencebase.gov/catalog/item/5a8a2905e4b00f54eb3c61d9,5a8a2905e4b00f54eb3c61d9
CA_Auburn_302314_1953_24000,Auburn,24000,7.5 x 7.5 minute,1953,1953,1972,1952,,1953,,,,N,600 PPI,NAD27,Polyconic,-121.125,38.875,-121.0,39.0,true,10515827,public_domain,https://prd-tnm.s3.amazonaws.com/StagedProducts/Maps/HistoricalTopo/GeoTIFF/CA/CA_Auburn_302314_1953_24000_geo.tif,https://thor-f5.er.usgs.gov/ngtoc/metadata/waf/maps/historicaltopo/pdf/CA/24000/CA_Auburn_302314_1953_24000_geo.xml,https://www.sciencebase.gov/catalog/item/5a8a2906e4b00f54eb3c61de,5a8a2906e4b00f54eb3c61de
CA_Auburn_302316_1953_24000,Auburn,24000,7.5 x 7.5 minute,1953,1973,1977,1973,1973,1952,,,,N,600 PPI,NAD27,Polyconic,-121.125,38.875,-121.0,39.0,true,5975431,public_domain,https://prd-tnm.s3.amazonaws.com/StagedProducts/Maps/HistoricalTopo/GeoTIFF/CA/CA_Auburn_302316_1953_24000_geo.tif,https://thor-f5.er.usgs.gov/ngtoc/metadata/waf/maps/historicaltopo/pdf/CA/24000/CA_Auburn_302316_1953_24000_geo.xml,https://www.sciencebase.gov/catalog/item/5a8a2906e4b00f54eb3c61e2,5a8a2906e4b00f54eb3c61e2
CA_Auburn_302317_1953_24000,Auburn,24000,7.5 x 7.5 minute,1953,1981,1981,1978,1981,1953,1981,,,N,600 PPI,NAD27,Polyconic,-121.125,38.875,-121.0,39.0,true,6855269,public_domain,https://prd-tnm.s3.amazonaws.com/StagedProducts/Maps/HistoricalTopo/GeoTIFF/CA/CA_Auburn_302317_1953_24000_geo.tif,https://thor-f5.er.usgs.gov/ngtoc/metadata/waf/maps/historicaltopo/pdf/CA/24000/CA_Auburn_302317_1953_24000_geo.xml,https://www.sciencebase.gov/catalog/item/5a8a2906e4b00f54eb3c61e5,5a8a2906e4b00f54eb3c61e5
CA_Auburn_288104_1975_24000,Auburn,24000,7.5 x 7.5 minute,1975,1975,1981,1975,,,,,,N,600 PPI,NAD27,Lambert Conformal Conic,-121.125,38.875,-121.0,39.0,true,14103396,public_domain,https://prd-tnm.s3.amazonaws.com/StagedProducts/Maps/HistoricalTopo/GeoTIFF/CA/CA_Auburn_288104_1975_24000_geo.tif,https://thor-f5.er.usgs.gov/ngtoc/metadata/waf/maps/historicaltopo/pdf/CA/24000/CA_Auburn_288104_1975_24000_geo.xml,https://www.sciencebase.gov/catalog/item/5a8a2905e4b00f54eb3c61d4,5a8a2905e4b00f54eb3c61d4
CA_Blue_Canyon_288499_1955_24000,Blue Canyon,24000,7.5 x 7.5 minute,1955,1955,1957,1953,,1955,,,,Y,600 PPI,NAD27,Polyconic,-120.75,39.25,-120.625,39.375,false,10243253,public_domain,https://prd-tnm.s3.amazonaws.com/StagedProducts/Maps/HistoricalTopo/GeoTIFF/CA/CA_Blue%20Canyon_288499_1955_24000_geo.tif,https://thor-f5.er.usgs.gov/ngtoc/metadata/waf/maps/historicaltopo/pdf/CA/24000/CA_Blue_Canyon_288499_1955_24000_geo.xml,https://www.sciencebase.gov/catalog/item/5a8a29cce4b00f54eb3c76ef,5a8a29cce4b00f54eb3c76ef
CA_Blue_Canyon_288500_1955_24000,Blue Canyon,24000,7.5 x 7.5 minute,1955,1955,1962,1953,,1955,,,,Y,600 PPI,NAD27,Polyconic,-120.75,39.25,-120.625,39.375,false,12163584,public_domain,https://prd-tnm.s3.amazonaws.com/StagedProducts/Maps/HistoricalTopo/GeoTIFF/CA/CA_Blue%20Canyon_288500_1955_24000_geo.tif,https://thor-f5.er.usgs.gov/ngtoc/metadata/waf/maps/historicaltopo/pdf/CA/24000/CA_Blue_Canyon_288500_1955_24000_geo.xml,https://www.sciencebase.gov/catalog/item/5a8a29cce4b00f54eb3c76f5,5a8a29cce4b00f54eb3c76f5
CA_Blue_Canyon_288501_1955_24000,Blue Canyon,24000,7.5 x 7.5 minute,1955,1973,1976,1973,1973,1955,,,,Y,600 PPI,NAD27,Polyconic,-120.75,39.25,-120.625,39.375,false,11708562,public_domain,https://prd-tnm.s3.amazonaws.com/StagedProducts/Maps/HistoricalTopo/GeoTIFF/CA/CA_Blue%20Canyon_288501_1955_24000_geo.tif,https://thor-f5.er.usgs.gov/ngtoc/metadata/waf/maps/historicaltopo/pdf/CA/24000/CA_Blue_Canyon_288501_1955_24000_geo.xml,https://www.sciencebase.gov/catalog/item/5a8a29cce4b00f54eb3c76fc,5a8a29cce4b00f54eb3c76fc
CA_Blue_Canyon_288502_1955_24000,Blue Canyon,24000,7.5 x 7.5 minute,1955,1979,1980,1976,1979,1955,1979,,,Y,600 PPI,NAD27,Polyconic,-120.75,39.25,-120.625,39.375,false,10477981,public_domain,https://prd-tnm.s3.amazonaws.com/StagedProducts/Maps/HistoricalTopo/GeoTIFF/CA/CA_Blue%20Canyon_288502_1955_24000_geo.tif,https://thor-f5.er.usgs.gov/ngtoc/metadata/waf/maps/historicaltopo/pdf/CA/24000/CA_Blue_Canyon_288502_1955_24000_geo.xml,https://www.sciencebase.gov/catalog/item/5a8a29cce4b00f54eb3c7701,5a8a29cce4b00f54eb3c7701
CA_Blue_Canyon_288503_1955_24000,Blue Canyon,24000,7.5 x 7.5 minute,1955,1979,1980,1976,1979,1955,1979,,,Y,600 PPI,NAD27,Polyconic,-120.75,39.25,-120.625,39.375,false,12334358,public_domain,https://prd-tnm.s3.amazonaws.com/StagedProducts/Maps/HistoricalTopo/GeoTIFF/CA/CA_Blue%20Canyon_288503_1955_24000_geo.tif,https://thor-f5.er.usgs.gov/ngtoc/metadata/waf/maps/historicaltopo/pdf/CA/24000/CA_Blue_Canyon_288503_1955_24000_geo.xml,https://www.sciencebase.gov/catalog/item/5a8a29cce4b00f54eb3c7707,5a8a29cce4b00f54eb3c7707
CA_Blue_Canyon_302440_1955_24000,Blue Canyon,24000,7.5 x 7.5 minute,1955,1973,1976,1973,1973,1955,,,,N,600 PPI,NAD27,Polyconic,-120.75,39.25,-120.625,39.375,false,4603287,public_domain,https://prd-tnm.s3.amazonaws.com/StagedProducts/Maps/HistoricalTopo/GeoTIFF/CA/CA_Blue%20Canyon_302440_1955_24000_geo.tif,https://thor-f5.er.usgs.gov/ngtoc/metadata/waf/maps/historicaltopo/pdf/CA/24000/CA_Blue_Canyon_302440_1955_24000_geo.xml,https://www.sciencebase.gov/catalog/item/5a8a29cce4b00f54eb3c770e,5a8a29cce4b00f54eb3c770e
CA_Blue_Canyon_302441_1955_24000,Blue Canyon,24000,7.5 x 7.5 minute,1955,1979,1980,1976,1979,1955,1979,,,N,600 PPI,NAD27,Polyconic,-120.75,39.25,-120.625,39.375,false,5180104,public_domain,https://prd-tnm.s3.amazonaws.com/StagedProducts/Maps/HistoricalTopo/GeoTIFF/CA/CA_Blue%20Canyon_302441_1955_24000_geo.tif,https://thor-f5.er.usgs.gov/ngtoc/metadata/waf/maps/historicaltopo/pdf/CA/24000/CA_Blue_Canyon_302441_1955_24000_geo.xml,https://www.sciencebase.gov/catalog/item/5a8a29cde4b00f54eb3c7714,5a8a29cde4b00f54eb3c7714
CA_Blue_Canyon_100305_2000_24000,Blue Canyon,24000,7.5 x 7.5 minute,2000,2000,2003,1998,,,,,,Y,600 PPI,NAD27,Lambert Conformal Conic,-120.75,39.25,-120.625,39.375,false,13562778,public_domain,https://prd-tnm.s3.amazonaws.com/StagedProducts/Maps/HistoricalTopo/GeoTIFF/CA/CA_Blue%20Canyon_100305_2000_24000_geo.tif,https://thor-f5.er.usgs.gov/ngtoc/metadata/waf/maps/historicaltopo/pdf/CA/24000/CA_Blue_Canyon_100305_2000_24000_geo.xml,https://www.sciencebase.gov/catalog/item/5a8a29cbe4b00f54eb3c76e9,5a8a29cbe4b00f54eb3c76e9
CA_Boca_288520_1955_24000,Boca,24000,7.5 x 7.5 minute,1955,1955,1957,1953,,1955,,,,Y,600 PPI,NAD27,Polyconic,-120.125,39.375,-120.0,39.5,false,10843169,public_domain,https://prd-tnm.s3.amazonaws.com/StagedProducts/Maps/HistoricalTopo/GeoTIFF/CA/CA_Boca_288520_1955_24000_geo.tif,https://thor-f5.er.usgs.gov/ngtoc/metadata/waf/maps/historicaltopo/pdf/CA/24000/CA_Boca_288520_1955_24000_geo.xml,https://www.sciencebase.gov/catalog/item/5a8a29dfe4b00f54eb3c78cc,5a8a29dfe4b00f54eb3c78cc
CA_Boca_288521_1955_24000,Boca,24000,7.5 x 7.5 minute,1955,1955,1963,1953,,1955,,,,Y,600 PPI,NAD27,Polyconic,-120.125,39.375,-120.0,39.5,false,10501514,public_domain,https://prd-tnm.s3.amazonaws.com/StagedProducts/Maps/HistoricalTopo/GeoTIFF/CA/CA_Boca_288521_1955_24000_geo.tif,https://thor-f5.er.usgs.gov/ngtoc/metadata/waf/maps/historicaltopo/pdf/CA/24000/CA_Boca_288521_1955_24000_geo.xml,https://www.sciencebase.gov/catalog/item/5a8a29dfe4b00f54eb3c78d3,5a8a29dfe4b00f54eb3c78d3
CA_Boca_288522_1955_24000,Boca,24000,7.5 x 7.5 minute,1955,1969,1971,1969,1969,1955,,,,Y,600 PPI,NAD27,Polyconic,-120.125,39.375,-120.0,39.5,false,11013895,public_domain,https://prd-tnm.s3.amazonaws.com/StagedProducts/Maps/HistoricalTopo/GeoTIFF/CA/CA_Boca_288522_1955_24000_geo.tif,https://thor-f5.er.usgs.gov/ngtoc/metadata/waf/maps/historicaltopo/pdf/CA/24000/CA_Boca_288522_1955_24000_geo.xml,https://www.sciencebase.gov/catalog/item/5a8a29e0e4b00f54eb3c78db,5a8a29e0e4b00f54eb3c78db
CA_Boca_299964_1955_24000,Boca,24000,7.5 x 7.5 minute,1955,1969,1991,1969,1969,1955,,1973,,Y,600 PPI,NAD27,Polyconic,-120.125,39.375,-120.0,39.5,false,11761054,public_domain,https://prd-tnm.s3.amazonaws.com/StagedProducts/Maps/HistoricalTopo/GeoTIFF/CA/CA_Boca_299964_1955_24000_geo.tif,https://thor-f5.er.usgs.gov/ngtoc/metadata/waf/maps/historicaltopo/pdf/CA/24000/CA_Boca_299964_1955_24000_geo.xml,https://www.sciencebase.gov/catalog/item/5a8a29e0e4b00f54eb3c78e2,5a8a29e0e4b00f54eb3c78e2
CA_Boca_299965_1955_24000,Boca,24000,7.5 x 7.5 minute,1955,1969,1991,1969,1969,1955,,1973,,Y,600 PPI,NAD27,Polyconic,-120.125,39.375,-120.0,39.5,false,12325661,public_domain,https://prd-tnm.s3.amazonaws.com/StagedProducts/Maps/HistoricalTopo/GeoTIFF/CA/CA_Boca_299965_1955_24000_geo.tif,https://thor-f5.er.usgs.gov/ngtoc/metadata/waf/maps/historicaltopo/pdf/CA/24000/CA_Boca_299965_1955_24000_geo.xml,https://www.sciencebase.gov/catalog/item/5a8a29e0e4b00f54eb3c78ea,5a8a29e0e4b00f54eb3c78ea
CA_Boca_302454_1955_24000,Boca,24000,7.5 x 7.5 minute,1955,1955,1957,1953,,1955,,,,N,600 PPI,NAD27,Polyconic,-120.125,39.375,-120.0,39.5,false,9399774,public_domain,https://prd-tnm.s3.amazonaws.com/StagedProducts/Maps/HistoricalTopo/GeoTIFF/CA/CA_Boca_302454_1955_24000_geo.tif,https://thor-f5.er.usgs.gov/ngtoc/metadata/waf/maps/historicaltopo/pdf/CA/24000/CA_Boca_302454_1955_24000_geo.xml,https://www.sciencebase.gov/catalog/item/5a8a29e0e4b00f54eb3c78f0,5a8a29e0e4b00f54eb3c78f0
CA_Boca_302455_1955_24000,Boca,24000,7.5 x 7.5 minute,1955,1969,1971,1953,1969,1955,,,,N,600 PPI,NAD27,Polyconic,-120.125,39.375,-120.0,39.5,false,5577409,public_domain,https://prd-tnm.s3.amazonaws.com/StagedProducts/Maps/HistoricalTopo/GeoTIFF/CA/CA_Boca_302455_1955_24000_geo.tif,https://thor-f5.er.usgs.gov/ngtoc/metadata/waf/maps/historicaltopo/pdf/CA/24000/CA_Boca_302455_1955_24000_geo.xml,https://www.sciencebase.gov/catalog/item/5a8a29e1e4b00f54eb3c78f5,5a8a29e1e4b00f54eb3c78f5
CA_Boca_100569_2000_24000,Boca,24000,7.5 x 7.5 minute,2000,2000,2003,1998,,,,,,Y,600 PPI,NAD27,Lambert Conformal Conic,-120.125,39.375,-120.0,39.5,false,12881917,public_domain,https://prd-tnm.s3.amazonaws.com/StagedProducts/Maps/HistoricalTopo/GeoTIFF/CA/CA_Boca_100569_2000_24000_geo.tif,https://thor-f5.er.usgs.gov/ngtoc/metadata/waf/maps/historicaltopo/pdf/CA/24000/CA_Boca_100569_2000_24000_geo.xml,https://www.sciencebase.gov/catalog/item/5a8a29dee4b00f54eb3c78c5,5a8a29dee4b00f54eb3c78c5
CA_Bunker_Hill_100509_1953_24000,Bunker Hill,24000,7.5 x 7.5 minute,1953,1973,1984,1973,1973,1953,,,,Y,600 PPI,NAD27,Polyconic,-120.5,39.0,-120.375,39.125,false,13331767,public_domain,https://prd-tnm.s3.amazonaws.com/StagedProducts/Maps/HistoricalTopo/GeoTIFF/CA/CA_Bunker%20Hill_100509_1953_24000_geo.tif,https://thor-f5.er.usgs.gov/ngtoc/metadata/waf/maps/historicaltopo/pdf/CA/24000/CA_Bunker_Hill_100509_1953_24000_geo.xml,https://www.sciencebase.gov/catalog/item/5a8a2a44e4b00f54eb3c83b8,5a8a2a44e4b00f54eb3c83b8
CA_Bunker_Hill_288667_1953_24000,Bunker Hill,24000,7.5 x 7.5 minute,1953,1953,1955,1948,,1953,,,,Y,600 PPI,NAD27,Polyconic,-120.5,39.0,-120.375,39.125,false,11521115,public_domain,https://prd-tnm.s3.amazonaws.com/StagedProducts/Maps/HistoricalTopo/GeoTIFF/CA/CA_Bunker%20Hill_288667_1953_24000_geo.tif,https://thor-f5.er.usgs.gov/ngtoc/metadata/waf/maps/historicaltopo/pdf/CA/24000/CA_Bunker_Hill_288667_1953_24000_geo.xml,https://www.sciencebase.gov/catalog/item/5a8a2a45e4b00f54eb3c83bc,5a8a2a45e4b00f54eb3c83bc
CA_Bunker_Hill_288668_1953_24000,Bunker Hill,24000,7.5 x 7.5 minute,1953,1953,1962,1948,,1953,,,,Y,600 PPI,NAD27,Polyconic,-120.5,39.0,-120.375,39.125,false,12286030,public_domain,https://prd-tnm.s3.amazonaws.com/StagedProducts/Maps/HistoricalTopo/GeoTIFF/CA/CA_Bunker%20Hill_288668_1953_24000_geo.tif,https://thor-f5.er.usgs.gov/ngtoc/metadata/waf/maps/historicaltopo/pdf/CA/24000/CA_Bunker_Hill_288668_1953_24000_geo.xml,https://www.sciencebase.gov/catalog/item/5a8a2a45e4b00f54eb3c83bf,5a8a2a45e4b00f54eb3c83bf
CA_Bunker_Hill_288669_1953_24000,Bunker Hill,24000,7.5 x 7.5 minute,1953,1973,1975,1973,1973,1953,,,,Y,600 PPI,NAD27,Polyconic,-120.5,39.0,-120.375,39.125,false,9536176,public_domain,https://prd-tnm.s3.amazonaws.com/StagedProducts/Maps/HistoricalTopo/GeoTIFF/CA/CA_Bunker%20Hill_288669_1953_24000_geo.tif,https://thor-f5.er.usgs.gov/ngtoc/metadata/waf/maps/historicaltopo/pdf/CA/24000/CA_Bunker_Hill_288669_1953_24000_geo.xml,https://www.sciencebase.gov/catalog/item/5a8a2a45e4b00f54eb3c83c2,5a8a2a45e4b00f54eb3c83c2
CA_Bunker_Hill_302528_1953_24000,Bunker Hill,24000,7.5 x 7.5 minute,1953,1973,1975,1973,1973,1953,,,,N,600 PPI,NAD27,Polyconic,-120.5,39.0,-120.375,39.125,false,4709300,public_domain,https://prd-tnm.s3.amazonaws.com/StagedProducts/Maps/HistoricalTopo/GeoTIFF/CA/CA_Bunker%20Hill_302528_1953_24000_geo.tif,https://thor-f5.er.usgs.gov/ngtoc/metadata/waf/maps/historicaltopo/pdf/CA/24000/CA_Bunker_Hill_302528_1953_24000_geo.xml,https://www.sciencebase.gov/catalog/item/5a8a2a45e4b00f54eb3c83c6,5a8a2a45e4b00f54eb3c83c6
CA_Camp_Far_West_288854_1949_24000,Camp Far West,24000,7.5 x 7.5 minute,1949,1973,1986,1973,1973,1949,,,,Y,600 PPI,NAD27,Polyconic,-121.375,39.0,-121.25,39.125,false,8539818,public_domain,https://prd-tnm.s3.amazonaws.com/StagedProducts/Maps/HistoricalTopo/GeoTIFF/CA/CA_Camp%20Far%20West_288854_1949_24000_geo.tif,https://thor-f5.er.usgs.gov/ngtoc/metadata/waf/maps/historicaltopo/pdf/CA/24000/CA_Camp_Far_West_288854_1949_24000_geo.xml,https://www.sciencebase.gov/catalog/item/5a8a2a9fe4b00f54eb3c8d40,5a8a2a9fe4b00f54eb3c8d40
CA_Camp_Far_West_288856_1949_24000,Camp Far West,24000,7.5 x 7.5 minute,1949,1949,1959,1947,,1949,,,,Y,600 PPI,NAD27,Polyconic,-121.375,39.0,-121.25,39.125,false,10241672,public_domain,https://prd-tnm.s3.amazonaws.com/StagedProducts/Maps/HistoricalTopo/GeoTIFF/CA/CA_Camp%20Far%20West_288856_1949_24000_geo.tif,https://thor-f5.er.usgs.gov/ngtoc/metadata/waf/maps/historicaltopo/pdf/CA/24000/CA_Camp_Far_West_288856_1949_24000_geo.xml,https://www.sciencebase.gov/catalog/item/5a8a2a9fe4b00f54eb3c8d47,5a8a2a9fe4b00f54eb3c8d47
CA_Camp_Far_West_288857_1949_24000,Camp Far West,24000,7.5 x 7.5 minute,1949,1949,1963,1947,,1949,,,,Y,600 PPI,NAD27,Polyconic,-121.375,39.0,-121.25,39.125,false,10039030,public_domain,https://prd-tnm.s3.amazonaws.com/StagedProducts/Maps/HistoricalTopo/GeoTIFF/CA/CA_Camp%20Far%20West_288857_1949_24000_geo.tif,https://thor-f5.er.usgs.gov/ngtoc/metadata/waf/maps/historicaltopo/pdf/CA/24000/CA_Camp_Far_West_288857_1949_24000_geo.xml,https://www.sciencebase.gov/catalog/item/5a8a2a9fe4b00f54eb3c8d4d,5a8a2a9fe4b00f54eb3c8d4d
CA_Camp_Far_West_288859_1949_24000,Camp Far West,24000,7.5 x 7.5 minute,1949,1973,1976,1973,1973,1949,,,,Y,600 PPI,NAD27,Polyconic,-121.375,39.0,-121.25,39.125,false,10226515,public_domain,https://prd-tnm.s3.amazonaws.com/StagedProducts/Maps/HistoricalTopo/GeoTIFF/CA/CA_Camp%20Far%20West_288859_1949_24000_geo.tif,https://thor-f5.er.usgs.gov/ngtoc/metadata/waf/maps/historicaltopo/pdf/CA/24000/CA_Camp_Far_West_288859_1949_24000_geo.xml,https://www.sciencebase.gov/catalog/item/5a8a2a9fe4b00f54eb3c8d5b,5a8a2a9fe4b00f54eb3c8d5b
CA_Camp_Far_West_302585_1949_24000,Camp Far West,24000,7.5 x 7.5 minute,1949,1973,1976,1973,1973,1949,,,,N,600 PPI,NAD27,Polyconic,-121.375,39.0,-121.25,39.125,false,4787784,public_domain,https://prd-tnm.s3.amazonaws.com/StagedProducts/Maps/HistoricalTopo/GeoTIFF/CA/CA_Camp%20Far%20West_302585_1949_24000_geo.tif,https://thor-f5.er.usgs.gov/ngtoc/metadata/waf/maps/historicaltopo/pdf/CA/24000/CA_Camp_Far_West_302585_1949_24000_geo.xml,https://www.sciencebase.gov/catalog/item/5a8a2a9fe4b00f54eb3c8d63,5a8a2a9fe4b00f54eb3c8d63
CA_Camp_Far_West_288858_1951_24000,Camp Far West,24000,7.5 x 7.5 minute,1951,1951,,1947,,1949,,,,Y,600 PPI,NAD27,Polyconic,-121.375,39.0,-121.25,39.125,false,10117514,public_domain,https://prd-tnm.s3.amazonaws.com/StagedProducts/Maps/HistoricalTopo/GeoTIFF/CA/CA_Camp%20Far%20West_288858_1951_24000_geo.tif,https://thor-f5.er.usgs.gov/ngtoc/metadata/waf/maps/historicaltopo/pdf/CA/24000/CA_Camp_Far_West_288858_1951_24000_geo.xml,https://www.sciencebase.gov/catalog/item/5a8a2a9fe4b00f54eb3c8d53,5a8a2a9fe4b00f54eb3c8d53
CA_Camp_Far_West_100489_1995_24000,Camp Far West,24000,7.5 x 7.5 minute,1995,1995,1995,1987,,1989,1995,,,Y,600 PPI,NAD27,Lambert Conformal Conic,-121.375,39.0,-121.25,39.125,false,13002176,public_domain,https://prd-tnm.s3.amazonaws.com/StagedProducts/Maps/HistoricalTopo/GeoTIFF/CA/CA_Camp%20Far%20West_100489_1995_24000_geo.tif,https://thor-f5.er.usgs.gov/ngtoc/metadata/waf/maps/historicaltopo/pdf/CA/24000/CA_Camp_Far_West_100489_1995_24000_geo.xml,https://www.sciencebase.gov/catalog/item/5a8a2a9ee4b00f54eb3c8d38,5a8a2a9ee4b00f54eb3c8d38
CA_Camptonville_288885_1948_24000,Camptonville,24000,7.5 x 7.5 minute,1948,1948,1956,1947,,1948,,,,Y,600 PPI,NAD27,Polyconic,-121.125,39.375,-121.0,39.5,false,14414608,public_domain,https://prd-tnm.s3.amazonaws.com/StagedProducts/Maps/HistoricalTopo/GeoTIFF/CA/CA_Camptonville_288885_1948_24000_geo.tif,https://thor-f5.er.usgs.gov/ngtoc/metadata/waf/maps/historicaltopo/pdf/CA/24000/CA_Camptonville_288885_1948_24000_geo.xml,https://www.sciencebase.gov/catalog/item/5a8a2aaee4b00f54eb3c8eb1,5a8a2aaee4b00f54eb3c8eb1
CA_Camptonville_288887_1948_24000,Camptonville,24000,7.5 x 7.5 minute,1948,1969,1971,1969,1969,1948,,,,Y,600 PPI,NAD27,Polyconic,-121.125,39.375,-121.0,39.5,false,12102496,public_domain,https://prd-tnm.s3.amazonaws.com/StagedProducts/Maps/HistoricalTopo/GeoTIFF/CA/CA_Camptonville_288887_1948_24000_geo.tif,https://thor-f5.er.usgs.gov/ngtoc/metadata/waf/maps/historicaltopo/pdf/CA/24000/CA_Camptonville_288887_1948_24000_geo.xml,https://www.sciencebase.gov/catalog/item/5a8a2aafe4b00f54eb3c8ebf,5a8a2aafe4b00f54eb3c8ebf
CA_Camptonville_288888_1948_24000,Camptonville,24000,7.5 x 7.5 minute,1948,1969,1974,1969,1969,1948,,,,Y,600 PPI,NAD27,Polyconic,-121.125,39.375,-121.0,39.5,false,14413627,public_domain,https://prd-tnm.s3.amazonaws.com/StagedProducts/Maps/HistoricalTopo/GeoTIFF/CA/CA_Camptonville_288888_1948_24000_geo.tif,https://thor-f5.er.usgs.gov/ngtoc/metadata/waf/maps/historicaltopo/pdf/CA/24000/CA_Camptonville_288888_1948_24000_geo.xml,https://www.sciencebase.gov/catalog/item/5a8a2aafe4b00f54eb3c8ec7,5a8a2aafe4b00f54eb3c8ec7
CA_Camptonville_302589_1948_24000,Camptonville,24000,7.5 x 7.5 minute,1948,1969,1971,1969,1969,1948,,,,N,600 PPI,NAD27,Polyconic,-121.125,39.375,-121.0,39.5,false,5740921,public_domain,https://prd-tnm.s3.amazonaws.com/StagedProducts/Maps/HistoricalTopo/GeoTIFF/CA/CA_Camptonville_302589_1948_24000_geo.tif,https://thor-f5.er.usgs.gov/ngtoc/metadata/waf/maps/historicaltopo/pdf/CA/24000/CA_Camptonville_302589_1948_24000_geo.xml,https://www.sciencebase.gov/catalog/item/5a8a2aafe4b00f54eb3c8ecc,5a8a2aafe4b00f54eb3c8ecc
CA_Camptonville_288886_1950_24000,Camptonville,24000,7.5 x 7.5 minute,1950,1950,,1947,,1948,,,,Y,600 PPI,NAD27,Polyconic,-121.125,39.375,-121.0,39.5,false,12960846,public_domain,https://prd-tnm.s3.amazonaws.com/StagedProducts/Maps/HistoricalTopo/GeoTIFF/CA/CA_Camptonville_288886_1950_24000_geo.tif,https://thor-f5.er.usgs.gov/ngtoc/metadata/waf/maps/historicaltopo/pdf/CA/24000/CA_Camptonville_288886_1950_24000_geo.xml,https://www.sciencebase.gov/catalog/item/5a8a2aafe4b00f54eb3c8eba,5a8a2aafe4b00f54eb3c8eba
CA_Camptonville_465417_1995_24000,Camptonville,24000,7.5 x 7.5 minute,1995,1995,1995,1987,,1990,1995,,,Y,600 PPI,NAD27,Lambert Conformal Conic,-121.125,39.375,-121.0,39.5,false,10777465,public_domain,https://prd-tnm.s3.amazonaws.com/StagedProducts/Maps/HistoricalTopo/GeoTIFF/CA/CA_Camptonville_465417_1995_24000_geo.tif,https://thor-f5.er.usgs.gov/ngtoc/metadata/waf/maps/historicaltopo/pdf/CA/24000/CA_Camptonville_465417_1995_24000_geo.xml,https://www.sciencebase.gov/catalog/item/5cc43f29e4b09b8c0b77c033,5cc43f29e4b09b8c0b77c033
CA_Camptonville_100595_2000_24000,Camptonville,24000,7.5 x 7.5 minute,2000,2000,2003,1998,,,,,,Y,600 PPI,NAD27,Lambert Conformal Conic,-121.125,39.375,-121.0,39.5,false,17432834,public_domain,https://prd-tnm.s3.amazonaws.com/StagedProducts/Maps/HistoricalTopo/GeoTIFF/CA/CA_Camptonville_100595_2000_24000_geo.tif,https://thor-f5.er.usgs.gov/ngtoc/metadata/waf/maps/historicaltopo/pdf/CA/24000/CA_Camptonville_100595_2000_24000_geo.xml,https://www.sciencebase.gov/catalog/item/5a8a2aa5e4b00f54eb3c8e1d,5a8a2aa5e4b00f54eb3c8e1d
CA_Challenge_289114_1948_24000,Challenge,24000,7.5 x 7.5 minute,1948,1969,1971,1969,1969,1948,,,,Y,600 PPI,NAD27,Polyconic,-121.25,39.375,-121.125,39.5,false,14025183,public_domain,https://prd-tnm.s3.amazonaws.com/StagedProducts/Maps/HistoricalTopo/GeoTIFF/CA/CA_Challenge_289114_1948_24000_geo.tif,https://thor-f5.er.usgs.gov/ngtoc/metadata/waf/maps/historicaltopo/pdf/CA/24000/CA_Challenge_289114_1948_24000_geo.xml,https://www.sciencebase.gov/catalog/item/5a8a2b13e4b00f54eb3c98fe,5a8a2b13e4b00f54eb3c98fe
CA_Challenge_289115_1948_24000,Challenge,24000,7.5 x 7.5 minute,1948,1969,1984,1969,1969,1948,,,,Y,600 PPI,NAD27,Polyconic,-121.25,39.375,-121.125,39.5,false,16039987,public_domain,https://prd-tnm.s3.amazonaws.com/StagedProducts/Maps/HistoricalTopo/GeoTIFF/CA/CA_Challenge_289115_1948_24000_geo.tif,https://thor-f5.er.usgs.gov/ngtoc/metadata/waf/maps/historicaltopo/pdf/CA/24000/CA_Challenge_289115_1948_24000_geo.xml,https://www.sciencebase.gov/catalog/item/5a8a2b14e4b00f54eb3c9902,5a8a2b14e4b00f54eb3c9902
CA_Challenge_302670_1948_24000,Challenge,24000,7.5 x 7.5 minute,1948,1969,1971,1969,1969,1948,,,,N,600 PPI,NAD27,Polyconic,-121.25,39.375,-121.125,39.5,false,6030152,public_domain,https://prd-tnm.s3.amazonaws.com/StagedProducts/Maps/HistoricalTopo/GeoTIFF/CA/CA_Challenge_302670_1948_24000_geo.tif,https://thor-f5.er.usgs.gov/ngtoc/metadata/waf/maps/historicaltopo/pdf/CA/24000/CA_Challenge_302670_1948_24000_geo.xml,https://www.sciencebase.gov/catalog/item/5a8a2b14e4b00f54eb3c9907,5a8a2b14e4b00f54eb3c9907
CA_Challenge_465480_1948_24000,Challenge,24000,7.5 x 7.5 minute,1948,1969,1984,1969,1969,1948,,,,Y,600 PPI,NAD27,Polyconic,-121.25,39.375,-121.125,39.5,false,11065102,public_domain,https://prd-tnm.s3.amazonaws.com/StagedProducts/Maps/HistoricalTopo/GeoTIFF/CA/CA_Challenge_465480_1948_24000_geo.tif,https://thor-f5.er.usgs.gov/ngtoc/metadata/waf/maps/historicaltopo/pdf/CA/24000/CA_Challenge_465480_1948_24000_geo.xml,https://www.sciencebase.gov/catalog/item/5d1497ace4b0941bde5b71c5,5d1497ace4b0941bde5b71c5
CA_Challenge_289111_1950_24000,Challenge,24000,7.5 x 7.5 minute,1950,1950,,1947,,1948,,,,Y,600 PPI,NAD27,Polyconic,-121.25,39.375,-121.125,39.5,false,12387362,public_domain,https://prd-tnm.s3.amazonaws.com/StagedProducts/Maps/HistoricalTopo/GeoTIFF/CA/CA_Challenge_289111_1950_24000_geo.tif,https://thor-f5.er.usgs.gov/ngtoc/metadata/waf/maps/historicaltopo/pdf/CA/24000/CA_Challenge_289111_1950_24000_geo.xml,https://www.sciencebase.gov/catalog/item/5a8a2b13e4b00f54eb3c98f6,5a8a2b13e4b00f54eb3c98f6
CA_Challenge_289112_1950_24000,Challenge,24000,7.5 x 7.5 minute,1950,1950,1956,1947,,1948,,,,Y,600 PPI,NAD27,Polyconic,-121.25,39.375,-121.125,39.5,false,13701304,public_domain,https://prd-tnm.s3.amazonaws.com/StagedProducts/Maps/HistoricalTopo/GeoTIFF/CA/CA_Challenge_289112_1950_24000_geo.tif,https://thor-f5.er.usgs.gov/ngtoc/metadata/waf/maps/historicaltopo/pdf/CA/24000/CA_Challenge_289112_1950_24000_geo.xml,https://www.sciencebase.gov/catalog/item/5a8a2b13e4b00f54eb3c98fa,5a8a2b13e4b00f54eb3c98fa
CA_Challenge_465481_1950_24000,Challenge,24000,7.5 x 7.5 minute,1950,1950,,1947,,1948,,,,N,600 PPI,NAD27,Polyconic,-121.25,39.375,-121.125,39.5,false,9664278,public_domain,https://prd-tnm.s3.amazonaws.com/StagedProducts/Maps/HistoricalTopo/GeoTIFF/CA/CA_Challenge_465481_1950_24000_geo.tif,https://thor-f5.er.usgs.gov/ngtoc/metadata/waf/maps/historicaltopo/pdf/CA/24000/CA_Challenge_465481_1950_24000_geo.xml,https://www.sciencebase.gov/catalog/item/5d1497ace4b0941bde5b71c7,5d1497ace4b0941bde5b71c7
CA_Challenge_289110_1995_24000,Challenge,24000,7.5 x 7.5 minute,1995,1995,1995,1987,,1990,1995,,,Y,600 PPI,NAD27,Lambert Conformal Conic,-121.25,39.375,-121.125,39.5,false,14057952,public_domain,https://prd-tnm.s3.amazonaws.com/StagedProducts/Maps/HistoricalTopo/GeoTIFF/CA/CA_Challenge_289110_1995_24000_geo.tif,https://thor-f5.er.usgs.gov/ngtoc/metadata/waf/maps/historicaltopo/pdf/CA/24000/CA_Challenge_289110_1995_24000_geo.xml,https://www.sciencebase.gov/catalog/item/5a8a2b13e4b00f54eb3c98f3,5a8a2b13e4b00f54eb3c98f3
CA_Challenge_100026_2000_24000,Challenge,24000,7.5 x 7.5 minute,2000,2000,2003,1998,,,,,,Y,600 PPI,NAD27,Lambert Conformal Conic,-121.25,39.375,-121.125,39.5,false,14549798,public_domain,https://prd-tnm.s3.amazonaws.com/StagedProducts/Maps/HistoricalTopo/GeoTIFF/CA/CA_Challenge_100026_2000_24000_geo.tif,https://thor-f5.er.usgs.gov/ngtoc/metadata/waf/maps/historicaltopo/pdf/CA/24000/CA_Challenge_100026_2000_24000_geo.xml,https://www.sciencebase.gov/catalog/item/5a8a2b13e4b00f54eb3c98f0,5a8a2b13e4b00f54eb3c98f0
CA_Chicago_Park_289160_1949_24000,Chicago Park,24000,7.5 x 7.5 minute,1949,1949,1956,1946,,1949,,,,Y,600 PPI,NAD27,Polyconic,-121.0,39.125,-120.875,39.25,false,12042288,public_domain,https://prd-tnm.s3.amazonaws.com/StagedProducts/Maps/HistoricalTopo/GeoTIFF/CA/CA_Chicago%20Park_289160_1949_24000_geo.tif,https://thor-f5.er.usgs.gov/ngtoc/metadata/waf/maps/historicaltopo/pdf/CA/24000/CA_Chicago_Park_289160_1949_24000_geo.xml,https://www.sciencebase.gov/catalog/item/5a8a2b31e4b00f54eb3c9c38,5a8a2b31e4b00f54eb3c9c38
CA_Chicago_Park_289161_1949_24000,Chicago Park,24000,7.5 x 7.5 minute,1949,1949,1967,1946,,1949,,,,Y,600 PPI,NAD27,Polyconic,-121.0,39.125,-120.875,39.25,false,11496793,public_domain,https://prd-tnm.s3.amazonaws.com/StagedProducts/Maps/HistoricalTopo/GeoTIFF/CA/CA_Chicago%20Park_289161_1949_24000_geo.tif,https://thor-f5.er.usgs.gov/ngtoc/metadata/waf/maps/historicaltopo/pdf/CA/24000/CA_Chicago_Park_289161_1949_24000_geo.xml,https://www.sciencebase.gov/catalog/item/5a8a2b31e4b00f54eb3c9c3c,5a8a2b31e4b00f54eb3c9c3c
CA_Chicago_Park_289163_1949_24000,Chicago Park,24000,7.5 x 7.5 minute,1949,1973,1976,1973,1973,1949,,,,Y,600 PPI,NAD27,Polyconic,-121.0,39.125,-120.875,39.25,false,11206330,public_domain,https://prd-tnm.s3.amazonaws.com/StagedProducts/Maps/HistoricalTopo/GeoTIFF/CA/CA_Chicago%20Park_289163_1949_24000_geo.tif,https://thor-f5.er.usgs.gov/ngtoc/metadata/waf/maps/historicaltopo/pdf/CA/24000/CA_Chicago_Park_289163_1949_24000_geo.xml,https://www.sciencebase.gov/catalog/item/5a8a2b31e4b00f54eb3c9c45,5a8a2b31e4b00f54eb3c9c45
CA_Chicago_Park_289164_1949_24000,Chicago Park,24000,7.5 x 7.5 minute,1949,1979,1980,1976,1979,1949,1979,,,Y,600 PPI,NAD27,Polyconic,-121.0,39.125,-120.875,39.25,false,11921699,public_domain,https://prd-tnm.s3.amazonaws.com/StagedProducts/Maps/HistoricalTopo/GeoTIFF/CA/CA_Chicago%20Park_289164_1949_24000_geo.tif,https://thor-f5.er.usgs.gov/ngtoc/metadata/waf/maps/historicaltopo/pdf/CA/24000/CA_Chicago_Park_289164_1949_24000_geo.xml,https://www.sciencebase.gov/catalog/item/5a8a2b32e4b00f54eb3c9c4a,5a8a2b32e4b00f54eb3c9c4a
CA_Chicago_Park_302680_1949_24000,Chicago Park,24000,7.5 x 7.5 minute,1949,1949,1956,1946,,1949,,,,N,600 PPI,NAD27,Polyconic,-121.0,39.125,-120.875,39.25,false,9365569,public_domain,https://prd-tnm.s3.amazonaws.com/StagedProducts/Maps/HistoricalTopo/GeoTIFF/CA/CA_Chicago%20Park_302680_1949_24000_geo.tif,https://thor-f5.er.usgs.gov/ngtoc/metadata/waf/maps/historicaltopo/pdf/CA/24000/CA_Chicago_Park_302680_1949_24000_geo.xml,https://www.sciencebase.gov/catalog/item/5a8a2b32e4b00f54eb3c9c4e,5a8a2b32e4b00f54eb3c9c4e
CA_Chicago_Park_302681_1949_24000,Chicago Park,24000,7.5 x 7.5 minute,1949,1949,1967,1946,,1949,,,,N,600 PPI,NAD27,Polyconic,-121.0,39.125,-120.875,39.25,false,4803028,public_domain,https://prd-tnm.s3.amazonaws.com/StagedProducts/Maps/HistoricalTopo/GeoTIFF/CA/CA_Chicago%20Park_302681_1949_24000_geo.tif,https://thor-f5.er.usgs.gov/ngtoc/metadata/waf/maps/historicaltopo/pdf/CA/24000/CA_Chicago_Park_302681_1949_24000_geo.xml,https://www.sciencebase.gov/catalog/item/5a8a2b32e4b00f54eb3c9c52,5a8a2b32e4b00f54eb3c9c52
CA_Chicago_Park_302682_1949_24000,Chicago Park,24000,7.5 x 7.5 minute,1949,1979,1980,1976,1979,1949,1979,,,N,600 PPI,NAD27,Polyconic,-121.0,39.125,-120.875,39.25,false,6139492,public_domain,https://prd-tnm.s3.amazonaws.com/StagedProducts/Maps/HistoricalTopo/GeoTIFF/CA/CA_Chicago%20Park_302682_1949_24000_geo.tif,https://thor-f5.er.usgs.gov/ngtoc/metadata/waf/maps/historicaltopo/pdf/CA/24000/CA_Chicago_Park_302682_1949_24000_geo.xml,https://www.sciencebase.gov/catalog/item/5a8a2b32e4b00f54eb3c9c56,5a8a2b32e4b00f54eb3c9c56
CA_Chicago_Park_289162_1951_24000,Chicago Park,24000,7.5 x 7.5 minute,1951,1951,,1946,,1949,,,,Y,600 PPI,NAD27,Polyconic,-121.0,39.125,-120.875,39.25,false,11428376,public_domain,https://prd-tnm.s3.amazonaws.com/StagedProducts/Maps/HistoricalTopo/GeoTIFF/CA/CA_Chicago%20Park_289162_1951_24000_geo.tif,https://thor-f5.er.usgs.gov/ngtoc/metadata/waf/maps/historicaltopo/pdf/CA/24000/CA_Chicago_Park_289162_1951_24000_geo.xml,https://www.sciencebase.gov/catalog/item/5a8a2b31e4b00f54eb3c9c41,5a8a2b31e4b00f54eb3c9c41
CA_Chicago_Park_465486_1951_24000,Chicago Park,24000,7.5 x 7.5 minute,1951,1951,,1946,,1949,,,,N,600 PPI,NAD27,Polyconic,-121.0,39.125,-120.875,39.25,false,9340752,public_domain,https://prd-tnm.s3.amazonaws.com/StagedProducts/Maps/HistoricalTopo/GeoTIFF/CA/CA_Chicago%20Park_465486_1951_24000_geo.tif,https://thor-f5.er.usgs.gov/ngtoc/metadata/waf/maps/historicaltopo/pdf/CA/24000/CA_Chicago_Park_465486_1951_24000_geo.xml,https://www.sciencebase.gov/catalog/item/5d1497b1e4b0941bde5b71cd,5d1497b1e4b0941bde5b71cd
CA_Chicago_Park_100011_2000_24000,Chicago Park,24000,7.5 x 7.5 minute,2000,2000,2003,1998,,,2000,,1946,Y,600 PPI,NAD27,Lambert Conformal Conic,-121.0,39.125,-120.875,39.25,false,14410984,public_domain,https://prd-tnm.s3.amazonaws.com/StagedProducts/Maps/HistoricalTopo/GeoTIFF/CA/CA_Chicago%20Park_100011_2000_24000_geo.tif,https://thor-f5.er.usgs.gov/ngtoc/metadata/waf/maps/historicaltopo/pdf/CA/24000/CA_Chicago_Park_100011_2000_24000_geo.xml,https://www.sciencebase.gov/catalog/item/5a8a2b31e4b00f54eb3c9c34,5a8a2b31e4b00f54eb3c9c34
CA_Cisco_Grove_289280_1955_24000,Cisco Grove,24000,7.5 x 7.5 minute,1955,1955,1961,1953,,1955,,,,Y,600 PPI,NAD27,Polyconic,-120.625,39.25,-120.5,39.375,false,12141092,public_domain,https://prd-tnm.s3.amazonaws.com/StagedProducts/Maps/HistoricalTopo/GeoTIFF/CA/CA_Cisco%20Grove_289280_1955_24000_geo.tif,https://thor-f5.er.usgs.gov/ngtoc/metadata/waf/maps/historicaltopo/pdf/CA/24000/CA_Cisco_Grove_289280_1955_24000_geo.xml,https://www.sciencebase.gov/catalog/item/5a8a2b58e4b00f54eb3ca0b3,5a8a2b58e4b00f54eb3ca0b3
CA_Cisco_Grove_289281_1955_24000,Cisco Grove,24000,7.5 x 7.5 minute,1955,1955,1956,1953,,1955,,,,Y,600 PPI,NAD27,Polyconic,-120.625,39.25,-120.5,39.375,false,11098568,public_domain,https://prd-tnm.s3.amazonaws.com/StagedProducts/Maps/HistoricalTopo/GeoTIFF/CA/CA_Cisco%20Grove_289281_1955_24000_geo.tif,https://thor-f5.er.usgs.gov/ngtoc/metadata/waf/maps/historicaltopo/pdf/CA/24000/CA_Cisco_Grove_289281_1955_24000_geo.xml,https://www.sciencebase.gov/catalog/item/5a8a2b58e4b00f54eb3ca0b5,5a8a2b58e4b00f54eb3ca0b5
CA_Cisco_Grove_289282_1955_24000,Cisco Grove,24000,7.5 x 7.5 minute,1955,1955,1974,1953,,1955,,,,Y,600 PPI,NAD27,Polyconic,-120.625,39.25,-120.5,39.375,false,10231610,public_domain,https://prd-tnm.s3.amazonaws.com/StagedProducts/Maps/HistoricalTopo/GeoTIFF/CA/CA_Cisco%20Grove_289282_1955_24000_geo.tif,https://thor-f5.er.usgs.gov/ngtoc/metadata/waf/maps/historicaltopo/pdf/CA/24000/CA_Cisco_Grove_289282_1955_24000_geo.xml,https://www.sciencebase.gov/catalog/item/5a8a2b58e4b00f54eb3ca0b8,5a8a2b58e4b00f54eb3ca0b8
CA_Cisco_Grove_289283_1955_24000,Cisco Grove,24000,7.5 x 7.5 minute,1955,1973,1976,1973,1973,1955,,,,Y,600 PPI,NAD27,Polyconic,-120.625,39.25,-120.5,39.375,false,10866376,public_domain,https://prd-tnm.s3.amazonaws.com/StagedProducts/Maps/HistoricalTopo/GeoTIFF/CA/CA_Cisco%20Grove_289283_1955_24000_geo.tif,https://thor-f5.er.usgs.gov/ngtoc/metadata/waf/maps/historicaltopo/pdf/CA/24000/CA_Cisco_Grove_289283_1955_24000_geo.xml,https://www.sciencebase.gov/catalog/item/5a8a2b59e4b00f54eb3ca0bc,5a8a2b59e4b00f54eb3ca0bc
CA_Cisco_Grove_289284_1955_24000,Cisco Grove,24000,7.5 x 7.5 minute,1955,1979,1980,1976,1979,1955,1979,,,Y,600 PPI,NAD27,Polyconic,-120.625,39.25,-120.5,39.375,false,10360274,public_domain,https://prd-tnm.s3.amazonaws.com/StagedProducts/Maps/HistoricalTopo/GeoTIFF/CA/CA_Cisco%20Grove_289284_1955_24000_geo.tif,https://thor-f5.er.usgs.gov/ngtoc/metadata/waf/maps/historicaltopo/pdf/CA/24000/CA_Cisco_Grove_289284_1955_24000_geo.xml,https://www.sciencebase.gov/catalog/item/5a8a2b59e4b00f54eb3ca0c2,5a8a2b59e4b00f54eb3ca0c2
CA_Cisco_Grove_289285_1955_24000,Cisco Grove,24000,7.5 x 7.5 minute,1955,1979,1980,1976,1979,1955,1979,,,Y,600 PPI,NAD27,Polyconic,-120.625,39.25,-120.5,39.375,false,12222766,public_domain,https://prd-tnm.s3.amazonaws.com/StagedProducts/Maps/HistoricalTopo/GeoTIFF/CA/CA_Cisco%20Grove_289285_1955_24000_geo.tif,https://thor-f5.er.usgs.gov/ngtoc/metadata/waf/maps/historicaltopo/pdf/CA/24000/CA_Cisco_Grove_289285_1955_24000_geo.xml,https://www.sciencebase.gov/catalog/item/5a8a2b59e4b00f54eb3ca0c8,5a8a2b59e4b00f54eb3ca0c8
CA_Cisco_Grove_302714_1955_24000,Cisco Grove,24000,7.5 x 7.5 minute,1955,1955,1956,1953,,1955,,,,N,600 PPI,NAD27,Polyconic,-120.625,39.25,-120.5,39.375,false,9622786,public_domain,https://prd-tnm.s3.amazonaws.com/StagedProducts/Maps/HistoricalTopo/GeoTIFF/CA/CA_Cisco%20Grove_302714_1955_24000_geo.tif,https://thor-f5.er.usgs.gov/ngtoc/metadata/waf/maps/historicaltopo/pdf/CA/24000/CA_Cisco_Grove_302714_1955_24000_geo.xml,https://www.sciencebase.gov/catalog/item/5a8a2b63e4b00f54eb3ca1c2,5a8a2b63e4b00f54eb3ca1c2
CA_Cisco_Grove_302715_1955_24000,Cisco Grove,24000,7.5 x 7.5 minute,1955,1973,1976,1973,1973,1955,,,,N,600 PPI,NAD27,Polyconic,-120.625,39.25,-120.5,39.375,false,5121283,public_domain,https://prd-tnm.s3.amazonaws.com/StagedProducts/Maps/HistoricalTopo/GeoTIFF/CA/CA_Cisco%20Grove_302715_1955_24000_geo.tif,https://thor-f5.er.usgs.gov/ngtoc/metadata/waf/maps/historicaltopo/pdf/CA/24000/CA_Cisco_Grove_302715_1955_24000_geo.xml,https://www.sciencebase.gov/catalog/item/5a8a2b63e4b00f54eb3ca1c6,5a8a2b63e4b00f54eb3ca1c6
CA_Cisco_Grove_302716_1955_24000,Cisco Grove,24000,7.5 x 7.5 minute,1955,1979,1980,1976,1979,1955,1979,,,N,600 PPI,NAD27,Polyconic,-120.625,39.25,-120.5,39.375,false,4704373,public_domain,https://prd-tnm.s3.amazonaws.com/StagedProducts/Maps/HistoricalTopo/GeoTIFF/CA/CA_Cisco%20Grove_302716_1955_24000_geo.tif,https://thor-f5.er.usgs.gov/ngtoc/metadata/waf/maps/historicaltopo/pdf/CA/24000/CA_Cisco_Grove_302716_1955_24000_geo.xml,https://www.sciencebase.gov/catalog/item/5a8a2b63e4b00f54eb3ca1cb,5a8a2b63e4b00f54eb3ca1cb
CA_Cisco_Grove_100124_2000_24000,Cisco Grove,24000,7.5 x 7.5 minute,2000,2000,2006,1998,,,2000,,,Y,600 PPI,NAD27,Lambert Conformal Conic,-120.625,39.25,-120.5,39.375,false,13838318,public_domain,https://prd-tnm.s3.amazonaws.com/StagedProducts/Maps/HistoricalTopo/GeoTIFF/CA/CA_Cisco%20Grove_100124_2000_24000_geo.tif,https://thor-f5.er.usgs.gov/ngtoc/metadata/waf/maps/historicaltopo/pdf/CA/24000/CA_Cisco_Grove_100124_2000_24000_geo.xml,https://www.sciencebase.gov/catalog/item/5a8a2b58e4b00f54eb3ca0af,5a8a2b58e4b00f54eb3ca0af
CA_Cisco_Grove_289278_2000_24000,Cisco Grove,24000,7.5 x 7.5 minute,2000,2000,2003,1998,,,,,,Y,600 PPI,NAD27,Lambert Conformal Conic,-120.625,39.25,-120.5,39.375,false,14078955,public_domain,https://prd-tnm.s3.amazonaws.com/StagedProducts/Maps/HistoricalTopo/GeoTIFF/CA/CA_Cisco%20Grove_289278_2000_24000_geo.tif,https://thor-f5.er.usgs.gov/ngtoc/metadata/waf/maps/historicaltopo/pdf/CA/24000/CA_Cisco_Grove_289278_2000_24000_geo.xml,https://www.sciencebase.gov/catalog/item/5a8a2b58e4b00f54eb3ca0b1,5a8a2b58e4b00f54eb3ca0b1
CA_Citrus_Heights_289287_1951_24000,Citrus Heights,24000,7.5 x 7.5 minute,1951,1951,1952,1947,,,,,,Y,600 PPI,NAD27,Polyconic,-121.375,38.625,-121.25,38.75,false,14145009,public_domain,https://prd-tnm.s3.amazonaws.com/StagedProducts/Maps/HistoricalTopo/GeoTIFF/CA/CA_Citrus%20Heights_289287_1951_24000_geo.tif,https://thor-f5.er.usgs.gov/ngtoc/metadata/waf/maps/historicaltopo/pdf/CA/24000/CA_Citrus_Heights_289287_1951_24000_geo.xml,https://www.sciencebase.gov/catalog/item/5a8a2b64e4b00f54eb3ca1d6,5a8a2b64e4b00f54eb3ca1d6
CA_Citrus_Heights_289288_1951_24000,Citrus Heights,24000,7.5 x 7.5 minute,1951,1951,1956,1947,,,,,,Y,600 PPI,NAD27,Polyconic,-121.375,38.625,-121.25,38.75,false,13608623,public_domain,https://prd-tnm.s3.amazonaws.com/StagedProducts/Maps/HistoricalTopo/GeoTIFF/CA/CA_Citrus%20Heights_289288_1951_24000_geo.tif,https://thor-f5.er.usgs.gov/ngtoc/metadata/waf/maps/historicaltopo/pdf/CA/24000/CA_Citrus_Heights_289288_1951_24000_geo.xml,https://www.sciencebase.gov/catalog/item/5a8a2b64e4b00f54eb3ca1da,5a8a2b64e4b00f54eb3ca1da
CA_Citrus_Heights_302717_1951_24000,Citrus Heights,24000,7.5 x 7.5 minute,1951,1951,1956,1947,,,,,,N,600 PPI,NAD27,Polyconic,-121.375,38.625,-121.25,38.75,false,11641174,public_domain,https://prd-tnm.s3.amazonaws.com/StagedProducts/Maps/HistoricalTopo/GeoTIFF/CA/CA_Citrus%20Heights_302717_1951_24000_geo.tif,https://thor-f5.er.usgs.gov/ngtoc/metadata/waf/maps/historicaltopo/pdf/CA/24000/CA_Citrus_Heights_302717_1951_24000_geo.xml,https://www.sciencebase.gov/catalog/item/5a8a2b65e4b00f54eb3ca205,5a8a2b65e4b00f54eb3ca205
CA_Citrus_Heights_289289_1967_24000,Citrus Heights,24000,7.5 x 7.5 minute,1967,1967,1969,1966,,1967,,,1951,Y,600 PPI,NAD27,Polyconic,-121.375,38.625,-121.25,38.75,false,10582752,public_domain,https://prd-tnm.s3.amazonaws.com/StagedProducts/Maps/HistoricalTopo/GeoTIFF/CA/CA_Citrus%20Heights_289289_1967_24000_geo.tif,https://thor-f5.er.usgs.gov/ngtoc/metadata/waf/maps/historicaltopo/pdf/CA/24000/CA_Citrus_Heights_289289_1967_24000_geo.xml,https://www.sciencebase.gov/catalog/item/5a8a2b64e4b00f54eb3ca1e0,5a8a2b64e4b00f54eb3ca1e0
CA_Citrus_Heights_289291_1967_24000,Citrus Heights,24000,7.5 x 7.5 minute,1967,1975,1977,1975,1975,1967,,,1951,Y,600 PPI,NAD27,Polyconic,-121.375,38.625,-121.25,38.75,false,10255304,public_domain,https://prd-tnm.s3.amazonaws.com/StagedProducts/Maps/HistoricalTopo/GeoTIFF/CA/CA_Citrus%20Heights_289291_1967_24000_geo.tif,https://thor-f5.er.usgs.gov/ngtoc/metadata/waf/maps/historicaltopo/pdf/CA/24000/CA_Citrus_Heights_289291_1967_24000_geo.xml,https://www.sciencebase.gov/catalog/item/5a8a2b65e4b00f54eb3ca1ed,5a8a2b65e4b00f54eb3ca1ed
CA_Citrus_Heights_289293_1967_24000,Citrus Heights,24000,7.5 x 7.5 minute,1967,1980,1984,1978,1980,1967,1980,,,Y,600 PPI,NAD27,Polyconic,-121.375,38.625,-121.25,38.75,false,12409483,public_domain,https://prd-tnm.s3.amazonaws.com/StagedProducts/Maps/HistoricalTopo/GeoTIFF/CA/CA_Citrus%20Heights_289293_1967_24000_geo.tif,https://thor-f5.er.usgs.gov/ngtoc/metadata/waf/maps/historicaltopo/pdf/CA/24000/CA_Citrus_Heights_289293_1967_24000_geo.xml,https://www.sciencebase.gov/catalog/item/5a8a2b65e4b00f54eb3ca1fa,5a8a2b65e4b00f54eb3ca1fa
CA_Citrus_Heights_289294_1967_24000,Citrus Heights,24000,7.5 x 7.5 minute,1967,1980,1980,1978,1980,1967,1980,,1951,Y,600 PPI,NAD27,Polyconic,-121.375,38.625,-121.25,38.75,false,11895675,public_domain,https://prd-tnm.s3.amazonaws.com/StagedProducts/Maps/HistoricalTopo/GeoTIFF/CA/CA_Citrus%20Heights_289294_1967_24000_geo.tif,https://thor-f5.er.usgs.gov/ngtoc/metadata/waf/maps/historicaltopo/pdf/CA/24000/CA_Citrus_Heights_289294_1967_24000_geo.xml,https://www.sciencebase.gov/catalog/item/5a8a2b65e4b00f54eb3ca1ff,5a8a2b65e4b00f54eb3ca1ff
CA_Citrus_Heights_302718_1967_24000,Citrus Heights,24000,7.5 x 7.5 minute,1967,1967,1969,1966,,1967,,,1951,N,600 PPI,NAD27,Polyconic,-121.375,38.625,-121.25,38.75,false,7927525,public_domain,https://prd-tnm.s3.amazonaws.com/StagedProducts/Maps/HistoricalTopo/GeoTIFF/CA/CA_Citrus%20Heights_302718_1967_24000_geo.tif,https://thor-f5.er.usgs.gov/ngtoc/metadata/waf/maps/historicaltopo/pdf/CA/24000/CA_Citrus_Heights_302718_1967_24000_geo.xml,https://www.sciencebase.gov/catalog/item/5a8a2b66e4b00f54eb3ca20c,5a8a2b66e4b00f54eb3ca20c
CA_Citrus_Heights_302719_1967_24000,Citrus Heights,24000,7.5 x 7.5 minute,1967,1975,1977,1975,1975,1967,,,1951,N,600 PPI,NAD27,Polyconic,-121.375,38.625,-121.25,38.75,false,8387706,public_domain,https://prd-tnm.s3.amazonaws.com/StagedProducts/Maps/HistoricalTopo/GeoTIFF/CA/CA_Citrus%20Heights_302719_1967_24000_geo.tif,https://thor-f5.er.usgs.gov/ngtoc/metadata/waf/maps/historicaltopo/pdf/CA/24000/CA_Citrus_Heights_302719_1967_24000_geo.xml,https://www.sciencebase.gov/catalog/item/5a8a2b66e4b00f54eb3ca211,5a8a2b66e4b00f54eb3ca211
CA_Citrus_Heights_289290_1975_24000,Citrus Heights,24000,7.5 x 7.5 minute,1975,1975,1977,1975,,,,,,N,600 PPI,NAD27,Lambert Conformal Conic,-121.375,38.625,-121.25,38.75,false,14698616,public_domain,https://prd-tnm.s3.amazonaws.com/StagedProducts/Maps/HistoricalTopo/GeoTIFF/CA/CA_Citrus%20Heights_289290_1975_24000_geo.tif,https://thor-f5.er.usgs.gov/ngtoc/metadata/waf/maps/historicaltopo/pdf/CA/24000/CA_Citrus_Heights_289290_1975_24000_geo.xml,https://www.sciencebase.gov/catalog/item/5a8a2b64e4b00f54eb3ca1e7,5a8a2b64e4b00f54eb3ca1e7
CA_Citrus_Heights_289292_1975_24000,Citrus Heights,24000,7.5 x 7.5 minute,1975,1975,1978,1975,,,,,,N,600 PPI,NAD27,Lambert Conformal Conic,-121.375,38.625,-121.25,38.75,false,14852097,public_domain,https://prd-tnm.s3.amazonaws.com/StagedProducts/Maps/HistoricalTopo/GeoTIFF/CA/CA_Citrus%20Heights_289292_1975_24000_geo.tif,https://thor-f5.er.usgs.gov/ngtoc/metadata/waf/maps/historicaltopo/pdf/CA/24000/CA_Citrus_Heights_289292_1975_24000_geo.xml,https://www.sciencebase.gov/catalog/item/5a8a2b65e4b00f54eb3ca1f3,5a8a2b65e4b00f54eb3ca1f3
CA_Citrus_Heights_100123_1992_24000,Citrus Heights,24000,7.5 x 7.5 minute,1992,1992,1997,1992,,,,,,Y,600 PPI,NAD83,Universal Transverse Mercator,-121.375,38.625,-121.25,38.75,false,12097386,public_domain,https://prd-tnm.s3.amazonaws.com/StagedProducts/Maps/HistoricalTopo/GeoTIFF/CA/CA_Citrus%20Heights_100123_1992_24000_geo.tif,https://thor-f5.er.usgs.gov/ngtoc/metadata/waf/maps/historicaltopo/pdf/CA/24000/CA_Citrus_Heights_100123_1992_24000_geo.xml,https://www.sciencebase.gov/catalog/item/5a8a2b64e4b00f54eb3ca1cf,5a8a2b64e4b00f54eb3ca1cf
CA_Clarksville_100112_1953_24000,Clarksville,24000,7.5 x 7.5 minute,1953,1980,1980,1978,1980,1953,1980,,,Y,600 PPI,NAD27,Polyconic,-121.125,38.625,-121.0,38.75,false,13682937,public_domain,https://prd-tnm.s3.amazonaws.com/StagedProducts/Maps/HistoricalTopo/GeoTIFF/CA/CA_Clarksville_100112_1953_24000_geo.tif,https://thor-f5.er.usgs.gov/ngtoc/metadata/waf/maps/historicaltopo/pdf/CA/24000/CA_Clarksville_100112_1953_24000_geo.xml,https://www.sciencebase.gov/catalog/item/5a8a2b6be4b00f54eb3ca29a,5a8a2b6be4b00f54eb3ca29a
CA_Clarksville_289318_1953_24000,Clarksville,24000,7.5 x 7.5 minute,1953,1953,1960,1952,,1953,,,,Y,600 PPI,NAD27,Polyconic,-121.125,38.625,-121.0,38.75,false,11821318,public_domain,https://prd-tnm.s3.amazonaws.com/StagedProducts/Maps/HistoricalTopo/GeoTIFF/CA/CA_Clarksville_289318_1953_24000_geo.tif,https://thor-f5.er.usgs.gov/ngtoc/metadata/waf/maps/historicaltopo/pdf/CA/24000/CA_Clarksville_289318_1953_24000_geo.xml,https://www.sciencebase.gov/catalog/item/5a8a2b6ce4b00f54eb3ca2a2,5a8a2b6ce4b00f54eb3ca2a2
CA_Clarksville_289319_1953_24000,Clarksville,24000,7.5 x 7.5 minute,1953,1953,1955,1952,,1953,,,,Y,600 PPI,NAD27,Polyconic,-121.125,38.625,-121.0,38.75,false,11463635,public_domain,https://prd-tnm.s3.amazonaws.com/StagedProducts/Maps/HistoricalTopo/GeoTIFF/CA/CA_Clarksville_289319_1953_24000_geo.tif,https://thor-f5.er.usgs.gov/ngtoc/metadata/waf/maps/historicaltopo/pdf/CA/24000/CA_Clarksville_289319_1953_24000_geo.xml,https://www.sciencebase.gov/catalog/item/5a8a2b6ce4b00f54eb3ca2a9,5a8a2b6ce4b00f54eb3ca2a9
CA_Clarksville_289320_1953_24000,Clarksville,24000,7.5 x 7.5 minute,1953,1953,1972,1952,,1953,,,,Y,600 PPI,NAD27,Polyconic,-121.125,38.625,-121.0,38.75,false,11711456,public_domain,https://prd-tnm.s3.amazonaws.com/StagedProducts/Maps/HistoricalTopo/GeoTIFF/CA/CA_Clarksville_289320_1953_24000_geo.tif,https://thor-f5.er.usgs.gov/ngtoc/metadata/waf/maps/historicaltopo/pdf/CA/24000/CA_Clarksville_289320_1953_24000_geo.xml,https://www.sciencebase.gov/catalog/item/5a8a2b6ce4b00f54eb3ca2af,5a8a2b6ce4b00f54eb3ca2af
CA_Clarksville_289321_1953_24000,Clarksville,24000,7.5 x 7.5 minute,1953,1973,1976,1973,1973,1953,,,,Y,600 PPI,NAD27,Polyconic,-121.125,38.625,-121.0,38.75,false,10621145,public_domain,https://prd-tnm.s3.amazonaws.com/StagedProducts/Maps/HistoricalTopo/GeoTIFF/CA/CA_Clarksville_289321_1953_24000_geo.tif,https://thor-f5.er.usgs.gov/ngtoc/metadata/waf/maps/historicaltopo/pdf/CA/24000/CA_Clarksville_289321_1953_24000_geo.xml,https://www.sciencebase.gov/catalog/item/5a8a2b6ce4b00f54eb3ca2b7,5a8a2b6ce4b00f54eb3ca2b7
CA_Clarksville_302729_1953_24000,Clarksville,24000,7.5 x 7.5 minute,1953,1973,1976,1973,1973,1953,,,,N,600 PPI,NAD27,Polyconic,-121.125,38.625,-121.0,38.75,false,4946198,public_domain,https://prd-tnm.s3.amazonaws.com/StagedProducts/Maps/HistoricalTopo/GeoTIFF/CA/CA_Clarksville_302729_1953_24000_geo.tif,https://thor-f5.er.usgs.gov/ngtoc/metadata/waf/maps/historicaltopo/pdf/CA/24000/CA_Clarksville_302729_1953_24000_geo.xml,https://www.sciencebase.gov/catalog/item/5a8a2b6de4b00f54eb3ca2be,5a8a2b6de4b00f54eb3ca2be
CA_Clarksville_302730_1953_24000,Clarksville,24000,7.5 x 7.5 minute,1953,1980,1980,1978,1980,1953,1980,,,N,600 PPI,NAD27,Polyconic,-121.125,38.625,-121.0,38.75,false,6045604,public_domain,https://prd-tnm.s3.amazonaws.com/StagedProducts/Maps/HistoricalTopo/GeoTIFF/CA/CA_Clarksville_302730_1953_24000_geo.tif,https://thor-f5.er.usgs.gov/ngtoc/metadata/waf/maps/historicaltopo/pdf/CA/24000/CA_Clarksville_302730_1953_24000_geo.xml,https://www.sciencebase.gov/catalog/item/5a8a2b6de4b00f54eb3ca2c5,5a8a2b6de4b00f54eb3ca2c5
CA_Colfax_100283_1949_24000,Colfax,24000,7.5 x 7.5 minute,1949,1973,1988,1973,1973,1949,,,,Y,600 PPI,NAD27,Polyconic,-121.0,39.0,-120.875,39.125,true,14717381,public_domain,https://prd-tnm.s3.amazonaws.com/StagedProducts/Maps/HistoricalTopo/GeoTIFF/CA/CA_Colfax_100283_1949_24000_geo.tif,https://thor-f5.er.usgs.gov/ngtoc/metadata/waf/maps/historicaltopo/pdf/CA/24000/CA_Colfax_100283_1949_24000_geo.xml,https://www.sciencebase.gov/catalog/item/5a8a2b9ce4b00f54eb3ca7b8,5a8a2b9ce4b00f54eb3ca7b8
CA_Colfax_289413_1949_24000,Colfax,24000,7.5 x 7.5 minute,1949,1949,1956,1946,,1949,,,,Y,600 PPI,NAD27,Polyconic,-121.0,39.0,-120.875,39.125,true,13020934,public_domain,https://prd-tnm.s3.amazonaws.com/StagedProducts/Maps/HistoricalTopo/GeoTIFF/CA/CA_Colfax_289413_1949_24000_geo.tif,https://thor-f5.er.usgs.gov/ngtoc/metadata/waf/maps/historicaltopo/pdf/CA/24000/CA_Colfax_289413_1949_24000_geo.xml,https://www.sciencebase.gov/catalog/item/5a8a2b9ce4b00f54eb3ca7bc,5a8a2b9ce4b00f54eb3ca7bc
CA_Colfax_289414_1949_24000,Colfax,24000,7.5 x 7.5 minute,1949,1949,1956,1946,,1949,,,,Y,600 PPI,NAD27,Polyconic,-121.0,39.0,-120.875,39.125,true,12046524,public_domain,https://prd-tnm.s3.amazonaws.com/StagedProducts/Maps/HistoricalTopo/GeoTIFF/CA/CA_Colfax_289414_1949_24000_geo.tif,https://thor-f5.er.usgs.gov/ngtoc/metadata/waf/maps/historicaltopo/pdf/CA/24000/CA_Colfax_289414_1949_24000_geo.xml,https://www.sciencebase.gov/catalog/item/5a8a2b9ce4b00f54eb3ca7c0,5a8a2b9ce4b00f54eb3ca7c0
CA_Colfax_289416_1949_24000,Colfax,24000,7.5 x 7.5 minute,1949,1949,1975,1946,,1949,1973,,,Y,600 PPI,NAD27,Polyconic,-121.0,39.0,-120.875,39.125,true,10155314,public_domain,https://prd-tnm.s3.amazonaws.com/StagedProducts/Maps/HistoricalTopo/GeoTIFF/CA/CA_Colfax_289416_1949_24000_geo.tif,https://thor-f5.er.usgs.gov/ngtoc/metadata/waf/maps/historicaltopo/pdf/CA/24000/CA_Colfax_289416_1949_24000_geo.xml,https://www.sciencebase.gov/catalog/item/5a8a2b9ce4b00f54eb3ca7c6,5a8a2b9ce4b00f54eb3ca7c6
CA_Colfax_289417_1949_24000,Colfax,24000,7.5 x 7.5 minute,1949,1973,1977,1973,1973,1949,,,,Y,600 PPI,NAD27,Polyconic,-121.0,39.0,-120.875,39.125,true,12014654,public_domain,https://prd-tnm.s3.amazonaws.com/StagedProducts/Maps/HistoricalTopo/GeoTIFF/CA/CA_Colfax_289417_1949_24000_geo.tif,https://thor-f5.er.usgs.gov/ngtoc/metadata/waf/maps/historicaltopo/pdf/CA/24000/CA_Colfax_289417_1949_24000_geo.xml,https://www.sciencebase.gov/catalog/item/5a8a2b9ce4b00f54eb3ca7ca,5a8a2b9ce4b00f54eb3ca7ca
CA_Colfax_302766_1949_24000,Colfax,24000,7.5 x 7.5 minute,1949,1973,1977,1973,1973,1949,,,,N,600 PPI,NAD27,Polyconic,-121.0,39.0,-120.875,39.125,true,5509463,public_domain,https://prd-tnm.s3.amazonaws.com/StagedProducts/Maps/HistoricalTopo/GeoTIFF/CA/CA_Colfax_302766_1949_24000_geo.tif,https://thor-f5.er.usgs.gov/ngtoc/metadata/waf/maps/historicaltopo/pdf/CA/24000/CA_Colfax_302766_1949_24000_geo.xml,https://www.sciencebase.gov/catalog/item/5a8a2b9de4b00f54eb3ca7d2,5a8a2b9de4b00f54eb3ca7d2
CA_Colfax_289415_1951_24000,Colfax,24000,7.5 x 7.5 minute,1951,1951,,1946,,1949,,,,Y,600 PPI,NAD27,Polyconic,-121.0,39.0,-120.875,39.125,true,12565057,public_domain,https://prd-tnm.s3.amazonaws.com/StagedProducts/Maps/HistoricalTopo/GeoTIFF/CA/CA_Colfax_289415_1951_24000_geo.tif,https://thor-f5.er.usgs.gov/ngtoc/metadata/waf/maps/historicaltopo/pdf/CA/24000/CA_Colfax_289415_1951_24000_geo.xml,https://www.sciencebase.gov/catalog/item/5a8a2b9ce4b00f54eb3ca7c2,5a8a2b9ce4b00f54eb3ca7c2
CA_Colfax_302765_1951_24000,Colfax,24000,7.5 x 7.5 minute,1951,1951,,1946,,1949,,,,N,600 PPI,NAD27,Polyconic,-121.0,39.0,-120.875,39.125,true,10241137,public_domain,https://prd-tnm.s3.amazonaws.com/StagedProducts/Maps/HistoricalTopo/GeoTIFF/CA/CA_Colfax_302765_1951_24000_geo.tif,https://thor-f5.er.usgs.gov/ngtoc/metadata/waf/maps/historicaltopo/pdf/CA/24000/CA_Colfax_302765_1951_24000_geo.xml,https://www.sciencebase.gov/catalog/item/5a8a2b9de4b00f54eb3ca7ce,5a8a2b9de4b00f54eb3ca7ce
CA_Devil_Peak_100428_1950_24000,Devil Peak,24000,7.5 x 7.5 minute,1950,1973,1992,1973,1973,1950,,,,Y,600 PPI,NAD27,Polyconic,-120.625,38.875,-120.5,39.0,false,12579359,public_domain,https://prd-tnm.s3.amazonaws.com/StagedProducts/Maps/HistoricalTopo/GeoTIFF/CA/CA_Devil%20Peak_100428_1950_24000_geo.tif,https://thor-f5.er.usgs.gov/ngtoc/metadata/waf/maps/historicaltopo/pdf/CA/24000/CA_Devil_Peak_100428_1950_24000_geo.xml,https://www.sciencebase.gov/catalog/item/5a8a2c70e4b00f54eb3cbf57,5a8a2c70e4b00f54eb3cbf57
CA_Devil_Peak_289894_1950_24000,Devil Peak,24000,7.5 x 7.5 minute,1950,1973,1986,1973,1973,1950,1973,,,Y,600 PPI,NAD27,Polyconic,-120.625,38.875,-120.5,39.0,false,12020673,public_domain,https://prd-tnm.s3.amazonaws.com/StagedProducts/Maps/HistoricalTopo/GeoTIFF/CA/CA_Devil%20Peak_289894_1950_24000_geo.tif,https://thor-f5.er.usgs.gov/ngtoc/metadata/waf/maps/historicaltopo/pdf/CA/24000/CA_Devil_Peak_289894_1950_24000_geo.xml,https://www.sciencebase.gov/catalog/item/5a8a2c70e4b00f54eb3cbf5a,5a8a2c70e4b00f54eb3cbf5a
CA_Devil_Peak_289896_1950_24000,Devil Peak,24000,7.5 x 7.5 minute,1950,1950,1952,1948,,1950,,,,Y,600 PPI,NAD27,Polyconic,-120.625,38.875,-120.5,39.0,false,10921866,public_domain,https://prd-tnm.s3.amazonaws.com/StagedProducts/Maps/HistoricalTopo/GeoTIFF/CA/CA_Devil%20Peak_289896_1950_24000_geo.tif,https://thor-f5.er.usgs.gov/ngtoc/metadata/waf/maps/historicaltopo/pdf/CA/24000/CA_Devil_Peak_289896_1950_24000_geo.xml,https://www.sciencebase.gov/catalog/item/5a8a2c70e4b00f54eb3cbf5e,5a8a2c70e4b00f54eb3cbf5e
CA_Devil_Peak_289897_1950_24000,Devil Peak,24000,7.5 x 7.5 minute,1950,1950,1956,1948,,1950,,,,Y,600 PPI,NAD27,Polyconic,-120.625,38.875,-120.5,39.0,false,11060136,public_domain,https://prd-tnm.s3.amazonaws.com/StagedProducts/Maps/HistoricalTopo/GeoTIFF/CA/CA_Devil%20Peak_289897_1950_24000_geo.tif,https://thor-f5.er.usgs.gov/ngtoc/metadata/waf/maps/historicaltopo/pdf/CA/24000/CA_Devil_Peak_289897_1950_24000_geo.xml,https://www.sciencebase.gov/catalog/item/5a8a2c71e4b00f54eb3cbf63,5a8a2c71e4b00f54eb3cbf63
CA_Devil_Peak_289898_1950_24000,Devil Peak,24000,7.5 x 7.5 minute,1950,1973,1975,1973,1973,1950,,,,Y,600 PPI,NAD27,Polyconic,-120.625,38.875,-120.5,39.0,false,9989595,public_domain,https://prd-tnm.s3.amazonaws.com/StagedProducts/Maps/HistoricalTopo/GeoTIFF/CA/CA_Devil%20Peak_289898_1950_24000_geo.tif,https://thor-f5.er.usgs.gov/ngtoc/metadata/waf/maps/historicaltopo/pdf/CA/24000/CA_Devil_Peak_289898_1950_24000_geo.xml,https://www.sciencebase.gov/catalog/item/5a8a2c71e4b00f54eb3cbf68,5a8a2c71e4b00f54eb3cbf68
CA_Devil_Peak_302896_1950_24000,Devil Peak,24000,7.5 x 7.5 minute,1950,1973,1975,1973,1973,1950,,,,N,600 PPI,NAD27,Polyconic,-120.625,38.875,-120.5,39.0,false,5176435,public_domain,https://prd-tnm.s3.amazonaws.com/StagedProducts/Maps/HistoricalTopo/GeoTIFF/CA/CA_Devil%20Peak_302896_1950_24000_geo.tif,https://thor-f5.er.usgs.gov/ngtoc/metadata/waf/maps/historicaltopo/pdf/CA/24000/CA_Devil_Peak_302896_1950_24000_geo.xml,https://www.sciencebase.gov/catalog/item/5a8a2c71e4b00f54eb3cbf6c,5a8a2c71e4b00f54eb3cbf6c
CA_Devil_Peak_465562_1950_24000,Devil Peak,24000,7.5 x 7.5 minute,1950,1950,1952,1948,,1950,,,,N,600 PPI,NAD27,Polyconic,-120.625,38.875,-120.5,39.0,false,9273825,public_domain,https://prd-tnm.s3.amazonaws.com/StagedProducts/Maps/HistoricalTopo/GeoTIFF/CA/CA_Devil%20Peak_465562_1950_24000_geo.tif,https://thor-f5.er.usgs.gov/ngtoc/metadata/waf/maps/historicaltopo/pdf/CA/24000/CA_Devil_Peak_465562_1950_24000_geo.xml,https://www.sciencebase.gov/catalog/item/5d1497ece4b0941bde5b71f9,5d1497ece4b0941bde5b71f9
CA_Duncan_Peak_290084_1952_24000,Duncan Peak,24000,7.5 x 7.5 minute,1952,1952,1954,1948,,1952,,,,Y,600 PPI,NAD27,Polyconic,-120.625,39.125,-120.5,39.25,false,12411496,public_domain,https://prd-tnm.s3.amazonaws.com/StagedProducts/Maps/HistoricalTopo/GeoTIFF/CA/CA_Duncan%20Peak_290084_1952_24000_geo.tif,https://thor-f5.er.usgs.gov/ngtoc/metadata/waf/maps/historicaltopo/pdf/CA/24000/CA_Duncan_Peak_290084_1952_24000_geo.xml,https://www.sciencebase.gov/catalog/item/5a8a2ccfe4b00f54eb3cc9c1,5a8a2ccfe4b00f54eb3cc9c1
CA_Duncan_Peak_290085_1952_24000,Duncan Peak,24000,7.5 x 7.5 minute,1952,1952,1963,1948,,1952,,,,Y,600 PPI,NAD27,Polyconic,-120.625,39.125,-120.5,39.25,false,11993251,public_domain,https://prd-tnm.s3.amazonaws.com/StagedProducts/Maps/HistoricalTopo/GeoTIFF/CA/CA_Duncan%20Peak_290085_1952_24000_geo.tif,https://thor-f5.er.usgs.gov/ngtoc/metadata/waf/maps/historicaltopo/pdf/CA/24000/CA_Duncan_Peak_290085_1952_24000_geo.xml,https://www.sciencebase.gov/catalog/item/5a8a2ccfe4b00f54eb3cc9c7,5a8a2ccfe4b00f54eb3cc9c7
CA_Duncan_Peak_290086_1952_24000,Duncan Peak,24000,7.5 x 7.5 minute,1952,1973,1976,1973,1973,1952,1973,,,Y,600 PPI,NAD27,Polyconic,-120.625,39.125,-120.5,39.25,false,12538993,public_domain,https://prd-tnm.s3.amazonaws.com/StagedProducts/Maps/HistoricalTopo/GeoTIFF/CA/CA_Duncan%20Peak_290086_1952_24000_geo.tif,https://thor-f5.er.usgs.gov/ngtoc/metadata/waf/maps/historicaltopo/pdf/CA/24000/CA_Duncan_Peak_290086_1952_24000_geo.xml,https://www.sciencebase.gov/catalog/item/5a8a2cd0e4b00f54eb3cc9cc,5a8a2cd0e4b00f54eb3cc9cc
CA_Duncan_Peak_290087_1952_24000,Duncan Peak,24000,7.5 x 7.5 minute,1952,1979,1980,1976,1979,1952,1979,,,Y,600 PPI,NAD27,Polyconic,-120.625,39.125,-120.5,39.25,false,12534376,public_domain,https://prd-tnm.s3.amazonaws.com/StagedProducts/Maps/HistoricalTopo/GeoTIFF/CA/CA_Duncan%20Peak_290087_1952_24000_geo.tif,https://thor-f5.er.usgs.gov/ngtoc/metadata/waf/maps/historicaltopo/pdf/CA/24000/CA_Duncan_Peak_290087_1952_24000_geo.xml,https://www.sciencebase.gov/catalog/item/5a8a2cd0e4b00f54eb3cc9d3,5a8a2cd0e4b00f54eb3cc9d3
CA_Duncan_Peak_290088_1952_24000,Duncan Peak,24000,7.5 x 7.5 minute,1952,1979,1982,1976,1979,1952,1979,,,Y,600 PPI,NAD27,Polyconic,-120.625,39.125,-120.5,39.25,false,13492563,public_domain,https://prd-tnm.s3.amazonaws.com/StagedProducts/Maps/HistoricalTopo/GeoTIFF/CA/CA_Duncan%20Peak_290088_1952_24000_geo.tif,https://thor-f5.er.usgs.gov/ngtoc/metadata/waf/maps/historicaltopo/pdf/CA/24000/CA_Duncan_Peak_290088_1952_24000_geo.xml,https://www.sciencebase.gov/catalog/item/5a8a2cd0e4b00f54eb3cc9da,5a8a2cd0e4b00f54eb3cc9da
CA_Duncan_Peak_302958_1952_24000,Duncan Peak,24000,7.5 x 7.5 minute,1952,1952,1963,1948,,,,,1952,N,600 PPI,NAD27,Polyconic,-120.625,39.125,-120.5,39.25,false,10381605,public_domain,https://prd-tnm.s3.amazonaws.com/StagedProducts/Maps/HistoricalTopo/GeoTIFF/CA/CA_Duncan%20Peak_302958_1952_24000_geo.tif,https://thor-f5.er.usgs.gov/ngtoc/metadata/waf/maps/historicaltopo/pdf/CA/24000/CA_Duncan_Peak_302958_1952_24000_geo.xml,https://www.sciencebase.gov/catalog/item/5a8a2cd0e4b00f54eb3cc9df,5a8a2cd0e4b00f54eb3cc9df
CA_Duncan_Peak_302959_1952_24000,Duncan Peak,24000,7.5 x 7.5 minute,1952,1973,1976,1973,1973,,,,1952,N,600 PPI,NAD27,Polyconic,-120.625,39.125,-120.5,39.25,false,4202332,public_domain,https://prd-tnm.s3.amazonaws.com/StagedProducts/Maps/HistoricalTopo/GeoTIFF/CA/CA_Duncan%20Peak_302959_1952_24000_geo.tif,https://thor-f5.er.usgs.gov/ngtoc/metadata/waf/maps/historicaltopo/pdf/CA/24000/CA_Duncan_Peak_302959_1952_24000_geo.xml,https://www.sciencebase.gov/catalog/item/5a8a2cd1e4b00f54eb3cc9e6,5a8a2cd1e4b00f54eb3cc9e6
CA_Duncan_Peak_302960_1952_24000,Duncan Peak,24000,7.5 x 7.5 minute,1952,1979,1980,1976,1979,1952,1979,,,N,600 PPI,NAD27,Polyconic,-120.625,39.125,-120.5,39.25,false,5012120,public_domain,https://prd-tnm.s3.amazonaws.com/StagedProducts/Maps/HistoricalTopo/GeoTIFF/CA/CA_Duncan%20Peak_302960_1952_24000_geo.tif,https://thor-f5.er.usgs.gov/ngtoc/metadata/waf/maps/historicaltopo/pdf/CA/24000/CA_Duncan_Peak_302960_1952_24000_geo.xml,https://www.sciencebase.gov/catalog/item/5a8a2cd1e4b00f54eb3cc9eb,5a8a2cd1e4b00f54eb3cc9eb
CA_Duncan_Peak_290083_2000_24000,Duncan Peak,24000,7.5 x 7.5 minute,2000,2000,2003,1998,,,2000,,,Y,600 PPI,NAD27,Lambert Conformal Conic,-120.625,39.125,-120.5,39.25,false,15080122,public_domain,https://prd-tnm.s3.amazonaws.com/StagedProducts/Maps/HistoricalTopo/GeoTIFF/CA/CA_Duncan%20Peak_290083_2000_24000_geo.tif,https://thor-f5.er.usgs.gov/ngtoc/metadata/waf/maps/historicaltopo/pdf/CA/24000/CA_Duncan_Peak_290083_2000_24000_geo.xml,https://www.sciencebase.gov/catalog/item/5a8a2ccfe4b00f54eb3cc9ba,5a8a2ccfe4b00f54eb3cc9ba
CA_Dutch_Flat_290119_1950_24000,Dutch Flat,24000,7.5 x 7.5 minute,1950,1950,1957,1946,,1950,,,,Y,600 PPI,NAD27,Polyconic,-120.875,39.125,-120.75,39.25,false,12490052,public_domain,https://prd-tnm.s3.amazonaws.com/StagedProducts/Maps/HistoricalTopo/GeoTIFF/CA/CA_Dutch%20Flat_290119_1950_24000_geo.tif,https://thor-f5.er.usgs.gov/ngtoc/metadata/waf/maps/historicaltopo/pdf/CA/24000/CA_Dutch_Flat_290119_1950_24000_geo.xml,https://www.sciencebase.gov/catalog/item/5a8a2cd8e4b00f54eb3ccaad,5a8a2cd8e4b00f54eb3ccaad
CA_Dutch_Flat_290120_1950_24000,Dutch Flat,24000,7.5 x 7.5 minute,1950,1950,1971,1946,,1950,,,,Y,600 PPI,NAD27,Polyconic,-120.875,39.125,-120.75,39.25,false,12179395,public_domain,https://prd-tnm.s3.amazonaws.com/StagedProducts/Maps/HistoricalTopo/GeoTIFF/CA/CA_Dutch%20Flat_290120_1950_24000_geo.tif,https://thor-f5.er.usgs.gov/ngtoc/metadata/waf/maps/historicaltopo/pdf/CA/24000/CA_Dutch_Flat_290120_1950_24000_geo.xml,https://www.sciencebase.gov/catalog/item/5a8a2ce1e4b00f54eb3ccb8d,5a8a2ce1e4b00f54eb3ccb8d
CA_Dutch_Flat_290122_1950_24000,Dutch Flat,24000,7.5 x 7.5 minute,1950,1973,1976,1973,1973,1950,,,,Y,600 PPI,NAD27,Polyconic,-120.875,39.125,-120.75,39.25,false,11582666,public_domain,https://prd-tnm.s3.amazonaws.com/StagedProducts/Maps/HistoricalTopo/GeoTIFF/CA/CA_Dutch%20Flat_290122_1950_24000_geo.tif,https://thor-f5.er.usgs.gov/ngtoc/metadata/waf/maps/historicaltopo/pdf/CA/24000/CA_Dutch_Flat_290122_1950_24000_geo.xml,https://www.sciencebase.gov/catalog/item/5a8a2ce2e4b00f54eb3ccb9c,5a8a2ce2e4b00f54eb3ccb9c
CA_Dutch_Flat_290123_1950_24000,Dutch Flat,24000,7.5 x 7.5 minute,1950,1979,1980,1976,1979,1950,1979,,,Y,600 PPI,NAD27,Polyconic,-120.875,39.125,-120.75,39.25,false,12559726,public_domain,https://prd-tnm.s3.amazonaws.com/StagedProducts/Maps/HistoricalTopo/GeoTIFF/CA/CA_Dutch%20Flat_290123_1950_24000_geo.tif,https://thor-f5.er.usgs.gov/ngtoc/metadata/waf/maps/historicaltopo/pdf/CA/24000/CA_Dutch_Flat_290123_1950_24000_geo.xml,https://www.sciencebase.gov/catalog/item/5a8a2ce2e4b00f54eb3ccba4,5a8a2ce2e4b00f54eb3ccba4
CA_Dutch_Flat_290124_1950_24000,Dutch Flat,24000,7.5 x 7.5 minute,1950,1979,1980,1976,1979,1950,1979,,,Y,600 PPI,NAD27,Polyconic,-120.875,39.125,-120.75,39.25,false,14139340,public_domain,https://prd-tnm.s3.amazonaws.com/StagedProducts/Maps/HistoricalTopo/GeoTIFF/CA/CA_Dutch%20Flat_290124_1950_24000_geo.tif,https://thor-f5.er.usgs.gov/ngtoc/metadata/waf/maps/historicaltopo/pdf/CA/24000/CA_Dutch_Flat_290124_1950_24000_geo.xml,https://www.sciencebase.gov/catalog/item/5a8a2ce2e4b00f54eb3ccba9,5a8a2ce2e4b00f54eb3ccba9
CA_Dutch_Flat_302965_1950_24000,Dutch Flat,24000,7.5 x 7.5 minute,1950,1950,1971,1946,,1950,,,,N,600 PPI,NAD27,Polyconic,-120.875,39.125,-120.75,39.25,false,10712003,public_domain,https://prd-tnm.s3.amazonaws.com/StagedProducts/Maps/HistoricalTopo/GeoTIFF/CA/CA_Dutch%20Flat_302965_1950_24000_geo.tif,https://thor-f5.er.usgs.gov/ngtoc/metadata/waf/maps/historicaltopo/pdf/CA/24000/CA_Dutch_Flat_302965_1950_24000_geo.xml,https://www.sciencebase.gov/catalog/item/5a8a2ce3e4b00f54eb3ccbb0,5a8a2ce3e4b00f54eb3ccbb0
CA_Dutch_Flat_302966_1950_24000,Dutch Flat,24000,7.5 x 7.5 minute,1950,1950,1971,1946,,1950,,,,N,600 PPI,NAD27,Polyconic,-120.875,39.125,-120.75,39.25,false,5308669,public_domain,https://prd-tnm.s3.amazonaws.com/StagedProducts/Maps/HistoricalTopo/GeoTIFF/CA/CA_Dutch%20Flat_302966_1950_24000_geo.tif,https://thor-f5.er.usgs.gov/ngtoc/metadata/waf/maps/historicaltopo/pdf/CA/24000/CA_Dutch_Flat_302966_1950_24000_geo.xml,https://www.sciencebase.gov/catalog/item/5a8a2ce3e4b00f54eb3ccbb5,5a8a2ce3e4b00f54eb3ccbb5
CA_Dutch_Flat_302967_1950_24000,Dutch Flat,24000,7.5 x 7.5 minute,1950,1979,1980,1976,1979,1950,1979,,,N,600 PPI,NAD27,Polyconic,-120.875,39.125,-120.75,39.25,false,5548586,public_domain,https://prd-tnm.s3.amazonaws.com/StagedProducts/Maps/HistoricalTopo/GeoTIFF/CA/CA_Dutch%20Flat_302967_1950_24000_geo.tif,https://thor-f5.er.usgs.gov/ngtoc/metadata/waf/maps/historicaltopo/pdf/CA/24000/CA_Dutch_Flat_302967_1950_24000_geo.xml,https://www.sciencebase.gov/catalog/item/5a8a2ce3e4b00f54eb3ccbbb,5a8a2ce3e4b00f54eb3ccbbb
CA_Dutch_Flat_290121_1951_24000,Dutch Flat,24000,7.5 x 7.5 minute,1951,1951,,1946,,1950,,,,Y,600 PPI,NAD27,Polyconic,-120.875,39.125,-120.75,39.25,false,12777426,public_domain,https://prd-tnm.s3.amazonaws.com/StagedProducts/Maps/HistoricalTopo/GeoTIFF/CA/CA_Dutch%20Flat_290121_1951_24000_geo.tif,https://thor-f5.er.usgs.gov/ngtoc/metadata/waf/maps/historicaltopo/pdf/CA/24000/CA_Dutch_Flat_290121_1951_24000_geo.xml,https://www.sciencebase.gov/catalog/item/5a8a2ce2e4b00f54eb3ccb94,5a8a2ce2e4b00f54eb3ccb94
CA_Dutch_Flat_290118_2000_24000,Dutch Flat,24000,7.5 x 7.5 minute,2000,2000,2003,1998,,,,,,Y,600 PPI,NAD27,Lambert Conformal Conic,-120.875,39.125,-120.75,39.25,false,14668795,public_domain,https://prd-tnm.s3.amazonaws.com/StagedProducts/Maps/HistoricalTopo/GeoTIFF/CA/CA_Dutch%20Flat_290118_2000_24000_geo.tif,https://thor-f5.er.usgs.gov/ngtoc/metadata/waf/maps/historicaltopo/pdf/CA/24000/CA_Dutch_Flat_290118_2000_24000_geo.xml,https://www.sciencebase.gov/catalog/item/5a8a2cd8e4b00f54eb3ccaa8,5a8a2cd8e4b00f54eb3ccaa8
CA_Dutch_Flat_302968_2000_24000,Dutch Flat,24000,7.5 x 7.5 minute,2000,2000,2003,1998,,,,,,Y,600 PPI,NAD27,Lambert Conformal Conic,-120.875,39.125,-120.75,39.25,false,11599344,public_domain,https://prd-tnm.s3.amazonaws.com/StagedProducts/Maps/HistoricalTopo/GeoTIFF/CA/CA_Dutch%20Flat_302968_2000_24000_geo.tif,https://thor-f5.er.usgs.gov/ngtoc/metadata/waf/maps/historicaltopo/pdf/CA/24000/CA_Dutch_Flat_302968_2000_24000_geo.xml,https://www.sciencebase.gov/catalog/item/5a8a2ce3e4b00f54eb3ccbc0,5a8a2ce3e4b00f54eb3ccbc0
CA_English_Mountain_101384_2000_24000,English Mountain,24000,7.5 x 7.5 minute,2000,2000,2003,1998,,,,,,Y,600 PPI,NAD27,Lambert Conformal Conic,-120.625,39.375,-120.5,39.5,false,13317504,public_domain,https://prd-tnm.s3.amazonaws.com/StagedProducts/Maps/HistoricalTopo/GeoTIFF/CA/CA_English%20Mountain_101384_2000_24000_geo.tif,https://thor-f5.er.usgs.gov/ngtoc/metadata/waf/maps/historicaltopo/pdf/CA/24000/CA_English_Mountain_101384_2000_24000_geo.xml,https://www.sciencebase.gov/catalog/item/5a8a2d59e4b00f54eb3cd7b9,5a8a2d59e4b00f54eb3cd7b9
CA_English_Mtn_290362_1983_24000,English Mtn,24000,7.5 x 7.5 minute,1983,1983,1986,1974,,1975,1983,,,Y,600 PPI,NAD27,Lambert Conformal Conic,-120.625,39.375,-120.5,39.5,false,10330778,public_domain,https://prd-tnm.s3.amazonaws.com/StagedProducts/Maps/HistoricalTopo/GeoTIFF/CA/CA_English%20Mtn_290362_1983_24000_geo.tif,https://thor-f5.er.usgs.gov/ngtoc/metadata/waf/maps/historicaltopo/pdf/CA/24000/CA_English_Mtn_290362_1983_24000_geo.xml,https://www.sciencebase.gov/catalog/item/5a8a2d59e4b00f54eb3cd7bb,5a8a2d59e4b00f54eb3cd7bb
CA_English_Mtn_290364_1983_24000,English Mtn,24000,7.5 x 7.5 minute,1983,1983,1983,1974,,1975,1983,,,Y,600 PPI,NAD27,Lambert Conformal Conic,-120.625,39.375,-120.5,39.5,false,10945465,public_domain,https://prd-tnm.s3.amazonaws.com/StagedProducts/Maps/HistoricalTopo/GeoTIFF/CA/CA_English%20Mtn_290364_1983_24000_geo.tif,https://thor-f5.er.usgs.gov/ngtoc/metadata/waf/maps/historicaltopo/pdf/CA/24000/CA_English_Mtn_290364_1983_24000_geo.xml,https://www.sciencebase.gov/catalog/item/5a8a2d59e4b00f54eb3cd7bd,5a8a2d59e4b00f54eb3cd7bd
CA_English_Mtn_303042_1983_24000,English Mtn,24000,7.5 x 7.5 minute,1983,1983,1983,1974,,1975,1983,,,N,600 PPI,NAD27,Lambert Conformal Conic,-120.625,39.375,-120.5,39.5,false,5632256,public_domain,https://prd-tnm.s3.amazonaws.com/StagedProducts/Maps/HistoricalTopo/GeoTIFF/CA/CA_English%20Mtn_303042_1983_24000_geo.tif,https://thor-f5.er.usgs.gov/ngtoc/metadata/waf/maps/historicaltopo/pdf/CA/24000/CA_English_Mtn_303042_1983_24000_geo.xml,https://www.sciencebase.gov/catalog/item/5a8a2d59e4b00f54eb3cd7c2,5a8a2d59e4b00f54eb3cd7c2
CA_Folsom_290564_1954_24000,Folsom,24000,7.5 x 7.5 minute,1954,1954,1955,1952,,1954,,,1908,Y,600 PPI,NAD27,Polyconic,-121.25,38.625,-121.125,38.75,false,12081169,public_domain,https://prd-tnm.s3.amazonaws.com/StagedProducts/Maps/HistoricalTopo/GeoTIFF/CA/CA_Folsom_290564_1954_24000_geo.tif,https://thor-f5.er.usgs.gov/ngtoc/metadata/waf/maps/historicaltopo/pdf/CA/24000/CA_Folsom_290564_1954_24000_geo.xml,https://www.sciencebase.gov/catalog/item/5a8a2da7e4b00f54eb3cdf6b,5a8a2da7e4b00f54eb3cdf6b
CA_Folsom_290565_1954_24000,Folsom,24000,7.5 x 7.5 minute,1954,1954,1960,1952,,1954,,,1908,Y,600 PPI,NAD27,Polyconic,-121.25,38.625,-121.125,38.75,false,12456360,public_domain,https://prd-tnm.s3.amazonaws.com/StagedProducts/Maps/HistoricalTopo/GeoTIFF/CA/CA_Folsom_290565_1954_24000_geo.tif,https://thor-f5.er.usgs.gov/ngtoc/metadata/waf/maps/historicaltopo/pdf/CA/24000/CA_Folsom_290565_1954_24000_geo.xml,https://www.sciencebase.gov/catalog/item/5a8a2da7e4b00f54eb3cdf6e,5a8a2da7e4b00f54eb3cdf6e
CA_Folsom_101437_1967_24000,Folsom,24000,7.5 x 7.5 minute,1967,1980,1980,1978,1980,,1980,,1908,Y,600 PPI,NAD27,Polyconic,-121.25,38.625,-121.125,38.75,false,13687106,public_domain,https://prd-tnm.s3.amazonaws.com/StagedProducts/Maps/HistoricalTopo/GeoTIFF/CA/CA_Folsom_101437_1967_24000_geo.tif,https://thor-f5.er.usgs.gov/ngtoc/metadata/waf/maps/historicaltopo/pdf/CA/24000/CA_Folsom_101437_1967_24000_geo.xml,https://www.sciencebase.gov/catalog/item/5a8a2da7e4b00f54eb3cdf67,5a8a2da7e4b00f54eb3cdf67
CA_Folsom_290566_1967_24000,Folsom,24000,7.5 x 7.5 minute,1967,1967,1968,1966,,1967,,,1908,Y,600 PPI,NAD27,Polyconic,-121.25,38.625,-121.125,38.75,false,12164744,public_domain,https://prd-tnm.s3.amazonaws.com/StagedProducts/Maps/HistoricalTopo/GeoTIFF/CA/CA_Folsom_290566_1967_24000_geo.tif,https://thor-f5.er.usgs.gov/ngtoc/metadata/waf/maps/historicaltopo/pdf/CA/24000/CA_Folsom_290566_1967_24000_geo.xml,https://www.sciencebase.gov/catalog/item/5a8a2da7e4b00f54eb3cdf72,5a8a2da7e4b00f54eb3cdf72
CA_Folsom_290568_1967_24000,Folsom,24000,7.5 x 7.5 minute,1967,1975,1977,1975,1975,1967,,,1908,Y,600 PPI,NAD27,Polyconic,-121.25,38.625,-121.125,38.75,false,10219529,public_domain,https://prd-tnm.s3.amazonaws.com/StagedProducts/Maps/HistoricalTopo/GeoTIFF/CA/CA_Folsom_290568_1967_24000_geo.tif,https://thor-f5.er.usgs.gov/ngtoc/metadata/waf/maps/historicaltopo/pdf/CA/24000/CA_Folsom_290568_1967_24000_geo.xml,https://www.sciencebase.gov/catalog/item/5a8a2da8e4b00f54eb3cdf7b,5a8a2da8e4b00f54eb3cdf7b
CA_Folsom_465652_1967_24000,Folsom,24000,7.5 x 7.5 minute,1967,1967,1968,1966,,1967,,,1908,N,600 PPI,NAD27,Polyconic,-121.25,38.625,-121.125,38.75,false,10301921,public_domain,https://prd-tnm.s3.amazonaws.com/StagedProducts/Maps/HistoricalTopo/GeoTIFF/CA/CA_Folsom_465652_1967_24000_geo.tif,https://thor-f5.er.usgs.gov/ngtoc/metadata/waf/maps/historicaltopo/pdf/CA/24000/CA_Folsom_465652_1967_24000_geo.xml,https://www.sciencebase.gov/catalog/item/5d2954bce4b038fabe1d11ed,5d2954bce4b038fabe1d11ed
CA_Folsom_290567_1975_24000,Folsom,24000,7.5 x 7.5 minute,1975,1975,1978,1975,,,,,,N,600 PPI,NAD27,Lambert Conformal Conic,-121.25,38.625,-121.125,38.75,false,13683552,public_domain,https://prd-tnm.s3.amazonaws.com/StagedProducts/Maps/HistoricalTopo/GeoTIFF/CA/CA_Folsom_290567_1975_24000_geo.tif,https://thor-f5.er.usgs.gov/ngtoc/metadata/waf/maps/historicaltopo/pdf/CA/24000/CA_Folsom_290567_1975_24000_geo.xml,https://www.sciencebase.gov/catalog/item/5a8a2da8e4b00f54eb3cdf76,5a8a2da8e4b00f54eb3cdf76
CA_Foresthill_290605_1948_24000,Foresthill,24000,7.5 x 7.5 minute,1948,1973,1975,1973,1973,1949,,,,Y,600 PPI,NAD27,Polyconic,-120.875,39.0,-120.75,39.125,false,13432311,public_domain,https://prd-tnm.s3.amazonaws.com/StagedProducts/Maps/HistoricalTopo/GeoTIFF/CA/CA_Foresthill_290605_1948_24000_geo.tif,https://thor-f5.er.usgs.gov/ngtoc/metadata/waf/maps/historicaltopo/pdf/CA/24000/CA_Foresthill_290605_1948_24000_geo.xml,https://www.sciencebase.gov/catalog/item/5a8a2db6e4b00f54eb3ce0dc,5a8a2db6e4b00f54eb3ce0dc
CA_Foresthill_290599_1949_24000,Foresthill,24000,7.5 x 7.5 minute,1949,1973,1987,1973,,1949,,,,Y,600 PPI,NAD27,Polyconic,-120.875,39.0,-120.75,39.125,false,13607607,public_domain,https://prd-tnm.s3.amazonaws.com/StagedProducts/Maps/HistoricalTopo/GeoTIFF/CA/CA_Foresthill_290599_1949_24000_geo.tif,https://thor-f5.er.usgs.gov/ngtoc/metadata/waf/maps/historicaltopo/pdf/CA/24000/CA_Foresthill_290599_1949_24000_geo.xml,https://www.sciencebase.gov/catalog/item/5a8a2db6e4b00f54eb3ce0be,5a8a2db6e4b00f54eb3ce0be
CA_Foresthill_290600_1949_24000,Foresthill,24000,7.5 x 7.5 minute,1949,1973,1987,1973,1973,1949,,,,Y,600 PPI,NAD27,Polyconic,-120.875,39.0,-120.75,39.125,false,13644045,public_domain,https://prd-tnm.s3.amazonaws.com/StagedProducts/Maps/HistoricalTopo/GeoTIFF/CA/CA_Foresthill_290600_1949_24000_geo.tif,https://thor-f5.er.usgs.gov/ngtoc/metadata/waf/maps/historicaltopo/pdf/CA/24000/CA_Foresthill_290600_1949_24000_geo.xml,https://www.sciencebase.gov/catalog/item/5a8a2db6e4b00f54eb3ce0c3,5a8a2db6e4b00f54eb3ce0c3
CA_Foresthill_290602_1949_24000,Foresthill,24000,7.5 x 7.5 minute,1949,1949,1957,1946,,1949,,,,Y,600 PPI,NAD27,Polyconic,-120.875,39.0,-120.75,39.125,false,13311379,public_domain,https://prd-tnm.s3.amazonaws.com/StagedProducts/Maps/HistoricalTopo/GeoTIFF/CA/CA_Foresthill_290602_1949_24000_geo.tif,https://thor-f5.er.usgs.gov/ngtoc/metadata/waf/maps/historicaltopo/pdf/CA/24000/CA_Foresthill_290602_1949_24000_geo.xml,https://www.sciencebase.gov/catalog/item/5a8a2db6e4b00f54eb3ce0cb,5a8a2db6e4b00f54eb3ce0cb
CA_Foresthill_290603_1949_24000,Foresthill,24000,7.5 x 7.5 minute,1949,1949,1963,1946,,1949,,,,Y,600 PPI,NAD27,Polyconic,-120.875,39.0,-120.75,39.125,false,11799821,public_domain,https://prd-tnm.s3.amazonaws.com/StagedProducts/Maps/HistoricalTopo/GeoTIFF/CA/CA_Foresthill_290603_1949_24000_geo.tif,https://thor-f5.er.usgs.gov/ngtoc/metadata/waf/maps/historicaltopo/pdf/CA/24000/CA_Foresthill_290603_1949_24000_geo.xml,https://www.sciencebase.gov/catalog/item/5a8a2db6e4b00f54eb3ce0d0,5a8a2db6e4b00f54eb3ce0d0
CA_Foresthill_290604_1951_24000,Foresthill,24000,7.5 x 7.5 minute,1951,1951,1951,1946,,1949,,,,Y,600 PPI,NAD27,Polyconic,-120.875,39.0,-120.75,39.125,false,11597201,public_domain,https://prd-tnm.s3.amazonaws.com/StagedProducts/Maps/HistoricalTopo/GeoTIFF/CA/CA_Foresthill_290604_1951_24000_geo.tif,https://thor-f5.er.usgs.gov/ngtoc/metadata/waf/maps/historicaltopo/pdf/CA/24000/CA_Foresthill_290604_1951_24000_geo.xml,https://www.sciencebase.gov/catalog/item/5a8a2db6e4b00f54eb3ce0d6,5a8a2db6e4b00f54eb3ce0d6
CA_Foresthill_101444_2000_24000,Foresthill,24000,7.5 x 7.5 minute,2000,2000,2003,1998,,,2000,,,Y,600 PPI,NAD27,Lambert Conformal Conic,-120.875,39.0,-120.75,39.125,false,13912844,public_domain,https://prd-tnm.s3.amazonaws.com/StagedProducts/Maps/HistoricalTopo/GeoTIFF/CA/CA_Foresthill_101444_2000_24000_geo.tif,https://thor-f5.er.usgs.gov/ngtoc/metadata/waf/maps/historicaltopo/pdf/CA/24000/CA_Foresthill_101444_2000_24000_geo.xml,https://www.sciencebase.gov/catalog/item/5a8a2db5e4b00f54eb3ce0b9,5a8a2db5e4b00f54eb3ce0b9
CA_French_Corral_290690_1948_24000,French Corral,24000,7.5 x 7.5 minute,1948,1948,1961,1947,,1948,,,,Y,600 PPI,NAD27,Polyconic,-121.25,39.25,-121.125,39.375,false,13418143,public_domain,https://prd-tnm.s3.amazonaws.com/StagedProducts/Maps/HistoricalTopo/GeoTIFF/CA/CA_French%20Corral_290690_1948_24000_geo.tif,https://thor-f5.er.usgs.gov/ngtoc/metadata/waf/maps/historicaltopo/pdf/CA/24000/CA_French_Corral_290690_1948_24000_geo.xml,https://www.sciencebase.gov/catalog/item/5a8a2ddae4b00f54eb3ce4ba,5a8a2ddae4b00f54eb3ce4ba
CA_French_Corral_290691_1948_24000,French Corral,24000,7.5 x 7.5 minute,1948,1948,1967,1947,,1948,,,,Y,600 PPI,NAD27,Polyconic,-121.25,39.25,-121.125,39.375,false,13347043,public_domain,https://prd-tnm.s3.amazonaws.com/StagedProducts/Maps/HistoricalTopo/GeoTIFF/CA/CA_French%20Corral_290691_1948_24000_geo.tif,https://thor-f5.er.usgs.gov/ngtoc/metadata/waf/maps/historicaltopo/pdf/CA/24000/CA_French_Corral_290691_1948_24000_geo.xml,https://www.sciencebase.gov/catalog/item/5a8a2ddae4b00f54eb3ce4be,5a8a2ddae4b00f54eb3ce4be
CA_French_Corral_290693_1948_24000,French Corral,24000,7.5 x 7.5 minute,1948,1969,1971,1969,1969,1948,,,,Y,600 PPI,NAD27,Polyconic,-121.25,39.25,-121.125,39.375,false,13860061,public_domain,https://prd-tnm.s3.amazonaws.com/StagedProducts/Maps/HistoricalTopo/GeoTIFF/CA/CA_French%20Corral_290693_1948_24000_geo.tif,https://thor-f5.er.usgs.gov/ngtoc/metadata/waf/maps/historicaltopo/pdf/CA/24000/CA_French_Corral_290693_1948_24000_geo.xml,https://www.sciencebase.gov/catalog/item/5a8a2ddae4b00f54eb3ce4cb,5a8a2ddae4b00f54eb3ce4cb
CA_French_Corral_290694_1948_24000,French Corral,24000,7.5 x 7.5 minute,1948,1969,1977,1969,1969,1948,,,,Y,600 PPI,NAD27,Polyconic,-121.25,39.25,-121.125,39.375,false,13418827,public_domain,https://prd-tnm.s3.amazonaws.com/StagedProducts/Maps/HistoricalTopo/GeoTIFF/CA/CA_French%20Corral_290694_1948_24000_geo.tif,https://thor-f5.er.usgs.gov/ngtoc/metadata/waf/maps/historicaltopo/pdf/CA/24000/CA_French_Corral_290694_1948_24000_geo.xml,https://www.sciencebase.gov/catalog/item/5a8a2ddae4b00f54eb3ce4d1,5a8a2ddae4b00f54eb3ce4d1
CA_French_Corral_290692_1950_24000,French Corral,24000,7.5 x 7.5 minute,1950,1950,1950,1947,,1948,,,,Y,600 PPI,NAD27,Polyconic,-121.25,39.25,-121.125,39.375,false,11759567,public_domain,https://prd-tnm.s3.amazonaws.com/StagedProducts/Maps/HistoricalTopo/GeoTIFF/CA/CA_French%20Corral_290692_1950_24000_geo.tif,https://thor-f5.er.usgs.gov/ngtoc/metadata/waf/maps/historicaltopo/pdf/CA/24000/CA_French_Corral_290692_1950_24000_geo.xml,https://www.sciencebase.gov/catalog/item/5a8a2ddae4b00f54eb3ce4c3,5a8a2ddae4b00f54eb3ce4c3
CA_French_Corral_290688_1995_24000,French Corral,24000,7.5 x 7.5 minute,1995,1995,1995,1987,,1990,1995,,,Y,600 PPI,NAD27,Lambert Conformal Conic,-121.25,39.25,-121.125,39.375,false,13071644,public_domain,https://prd-tnm.s3.amazonaws.com/StagedProducts/Maps/HistoricalTopo/GeoTIFF/CA/CA_French%20Corral_290688_1995_24000_geo.tif,https://thor-f5.er.usgs.gov/ngtoc/metadata/waf/maps/historicaltopo/pdf/CA/24000/CA_French_Corral_290688_1995_24000_geo.xml,https://www.sciencebase.gov/catalog/item/5a8a2ddae4b00f54eb3ce4b6,5a8a2ddae4b00f54eb3ce4b6
CA_French_Corral_102186_2000_24000,French Corral,24000,7.5 x 7.5 minute,2000,2000,2003,1995,,,2000,,,Y,600 PPI,NAD27,Lambert Conformal Conic,-121.25,39.25,-121.125,39.375,false,14394016,public_domain,https://prd-tnm.s3.amazonaws.com/StagedProducts/Maps/HistoricalTopo/GeoTIFF/CA/CA_French%20Corral_102186_2000_24000_geo.tif,https://thor-f5.er.usgs.gov/ngtoc/metadata/waf/maps/historicaltopo/pdf/CA/24000/CA_French_Corral_102186_2000_24000_geo.xml,https://www.sciencebase.gov/catalog/item/5a8a2ddae4b00f54eb3ce4b2,5a8a2ddae4b00f54eb3ce4b2
CA_Georgetown_102218_1949_24000,Georgetown,24000,7.5 x 7.5 minute,1949,1973,1975,1973,1973,,,,,Y,600 PPI,NAD27,Polyconic,-120.875,38.875,-120.75,39.0,false,13722427,public_domain,https://prd-tnm.s3.amazonaws.com/StagedProducts/Maps/HistoricalTopo/GeoTIFF/CA/CA_Georgetown_102218_1949_24000_geo.tif,https://thor-f5.er.usgs.gov/ngtoc/metadata/waf/maps/historicaltopo/pdf/CA/24000/CA_Georgetown_102218_1949_24000_geo.xml,https://www.sciencebase.gov/catalog/item/5a8a2e01e4b00f54eb3ce8d3,5a8a2e01e4b00f54eb3ce8d3
CA_Georgetown_290792_1949_24000,Georgetown,24000,7.5 x 7.5 minute,1949,1949,1954,1946,,1949,,,,Y,600 PPI,NAD27,Polyconic,-120.875,38.875,-120.75,39.0,false,11136200,public_domain,https://prd-tnm.s3.amazonaws.com/StagedProducts/Maps/HistoricalTopo/GeoTIFF/CA/CA_Georgetown_290792_1949_24000_geo.tif,https://thor-f5.er.usgs.gov/ngtoc/metadata/waf/maps/historicaltopo/pdf/CA/24000/CA_Georgetown_290792_1949_24000_geo.xml,https://www.sciencebase.gov/catalog/item/5a8a2e02e4b00f54eb3ce8dc,5a8a2e02e4b00f54eb3ce8dc
CA_Georgetown_290793_1949_24000,Georgetown,24000,7.5 x 7.5 minute,1949,1949,1969,1946,,1949,,,,Y,600 PPI,NAD27,Polyconic,-120.875,38.875,-120.75,39.0,false,10742848,public_domain,https://prd-tnm.s3.amazonaws.com/StagedProducts/Maps/HistoricalTopo/GeoTIFF/CA/CA_Georgetown_290793_1949_24000_geo.tif,https://thor-f5.er.usgs.gov/ngtoc/metadata/waf/maps/historicaltopo/pdf/CA/24000/CA_Georgetown_290793_1949_24000_geo.xml,https://www.sciencebase.gov/catalog/item/5a8a2e02e4b00f54eb3ce8e2,5a8a2e02e4b00f54eb3ce8e2
CA_Georgetown_465681_1949_24000,Georgetown,24000,7.5 x 7.5 minute,1949,1949,1954,1946,,1949,,,,N,600 PPI,NAD27,Polyconic,-120.875,38.875,-120.75,39.0,false,9711086,public_domain,https://prd-tnm.s3.amazonaws.com/StagedProducts/Maps/HistoricalTopo/GeoTIFF/CA/CA_Georgetown_465681_1949_24000_geo.tif,https://thor-f5.er.usgs.gov/ngtoc/metadata/waf/maps/historicaltopo/pdf/CA/24000/CA_Georgetown_465681_1949_24000_geo.xml,https://www.sciencebase.gov/catalog/item/5d2954c7e4b038fabe1d1201,5d2954c7e4b038fabe1d1201
CA_Georgetown_290794_1950_24000,Georgetown,24000,7.5 x 7.5 minute,1950,1950,,1946,,1949,,,,Y,600 PPI,NAD27,Polyconic,-120.875,38.875,-120.75,39.0,false,11917575,public_domain,https://prd-tnm.s3.amazonaws.com/StagedProducts/Maps/HistoricalTopo/GeoTIFF/CA/CA_Georgetown_290794_1950_24000_geo.tif,https://thor-f5.er.usgs.gov/ngtoc/metadata/waf/maps/historicaltopo/pdf/CA/24000/CA_Georgetown_290794_1950_24000_geo.xml,https://www.sciencebase.gov/catalog/item/5a8a2e02e4b00f54eb3ce8eb,5a8a2e02e4b00f54eb3ce8eb
CA_Gold_Hill_102242_1954_24000,Gold Hill,24000,7.5 x 7.5 minute,1954,1973,1976,1973,1973,,,,,Y,600 PPI,NAD27,Polyconic,-121.25,38.875,-121.125,39.0,false,12620817,public_domain,https://prd-tnm.s3.amazonaws.com/StagedProducts/Maps/HistoricalTopo/GeoTIFF/CA/CA_Gold%20Hill_102242_1954_24000_geo.tif,https://thor-f5.er.usgs.gov/ngtoc/metadata/waf/maps/historicaltopo/pdf/CA/24000/CA_Gold_Hill_102242_1954_24000_geo.xml,https://www.sciencebase.gov/catalog/item/5a8a2e26e4b00f54eb3cec88,5a8a2e26e4b00f54eb3cec88
CA_Gold_Hill_290886_1954_24000,Gold Hill,24000,7.5 x 7.5 minute,1954,1954,1955,1952,,1954,,,,Y,600 PPI,NAD27,Polyconic,-121.25,38.875,-121.125,39.0,false,11829269,public_domain,https://prd-tnm.s3.amazonaws.com/StagedProducts/Maps/HistoricalTopo/GeoTIFF/CA/CA_Gold%20Hill_290886_1954_24000_geo.tif,https://thor-f5.er.usgs.gov/ngtoc/metadata/waf/maps/historicaltopo/pdf/CA/24000/CA_Gold_Hill_290886_1954_24000_geo.xml,https://www.sciencebase.gov/catalog/item/5a8a2e26e4b00f54eb3cec8c,5a8a2e26e4b00f54eb3cec8c
CA_Gold_Hill_290887_1954_24000,Gold Hill,24000,7.5 x 7.5 minute,1954,1954,1963,1952,,1954,,,,Y,600 PPI,NAD27,Polyconic,-121.25,38.875,-121.125,39.0,false,11870526,public_domain,https://prd-tnm.s3.amazonaws.com/StagedProducts/Maps/HistoricalTopo/GeoTIFF/CA/CA_Gold%20Hill_290887_1954_24000_geo.tif,https://thor-f5.er.usgs.gov/ngtoc/metadata/waf/maps/historicaltopo/pdf/CA/24000/CA_Gold_Hill_290887_1954_24000_geo.xml,https://www.sciencebase.gov/catalog/item/5a8a2e27e4b00f54eb3cec95,5a8a2e27e4b00f54eb3cec95
CA_Gold_Hill_290888_1954_24000,Gold Hill,24000,7.5 x 7.5 minute,1954,1973,1976,1973,1973,1954,,,,Y,600 PPI,NAD27,Polyconic,-121.25,38.875,-121.125,39.0,false,10683778,public_domain,https://prd-tnm.s3.amazonaws.com/StagedProducts/Maps/HistoricalTopo/GeoTIFF/CA/CA_Gold%20Hill_290888_1954_24000_geo.tif,https://thor-f5.er.usgs.gov/ngtoc/metadata/waf/maps/historicaltopo/pdf/CA/24000/CA_Gold_Hill_290888_1954_24000_geo.xml,https://www.sciencebase.gov/catalog/item/5a8a2e27e4b00f54eb3cec9d,5a8a2e27e4b00f54eb3cec9d
CA_Granite_Chief_290941_1953_24000,Granite Chief,24000,7.5 x 7.5 minute,1953,1953,1957,1948,,1953,,,,Y,600 PPI,NAD27,Polyconic,-120.375,39.125,-120.25,39.25,false,12285796,public_domain,https://prd-tnm.s3.amazonaws.com/StagedProducts/Maps/HistoricalTopo/GeoTIFF/CA/CA_Granite%20Chief_290941_1953_24000_geo.tif,https://thor-f5.er.usgs.gov/ngtoc/metadata/waf/maps/historicaltopo/pdf/CA/24000/CA_Granite_Chief_290941_1953_24000_geo.xml,https://www.sciencebase.gov/catalog/item/5a8a2e3de4b00f54eb3ceec5,5a8a2e3de4b00f54eb3ceec5
CA_Granite_Chief_290942_1953_24000,Granite Chief,24000,7.5 x 7.5 minute,1953,1953,1955,1948,,1953,,,,Y,600 PPI,NAD27,Polyconic,-120.375,39.125,-120.25,39.25,false,12105819,public_domain,https://prd-tnm.s3.amazonaws.com/StagedProducts/Maps/HistoricalTopo/GeoTIFF/CA/CA_Granite%20Chief_290942_1953_24000_geo.tif,https://thor-f5.er.usgs.gov/ngtoc/metadata/waf/maps/historicaltopo/pdf/CA/24000/CA_Granite_Chief_290942_1953_24000_geo.xml,https://www.sciencebase.gov/catalog/item/5a8a2e3de4b00f54eb3ceecd,5a8a2e3de4b00f54eb3ceecd
CA_Granite_Chief_290943_1953_24000,Granite Chief,24000,7.5 x 7.5 minute,1953,1953,,1948,,1953,,,,Y,600 PPI,NAD27,Polyconic,-120.375,39.125,-120.25,39.25,false,10330554,public_domain,https://prd-tnm.s3.amazonaws.com/StagedProducts/Maps/HistoricalTopo/GeoTIFF/CA/CA_Granite%20Chief_290943_1953_24000_geo.tif,https://thor-f5.er.usgs.gov/ngtoc/metadata/waf/maps/historicaltopo/pdf/CA/24000/CA_Granite_Chief_290943_1953_24000_geo.xml,https://www.sciencebase.gov/catalog/item/5a8a2e3de4b00f54eb3ceed4,5a8a2e3de4b00f54eb3ceed4
CA_Granite_Chief_290944_1953_24000,Granite Chief,24000,7.5 x 7.5 minute,1953,1979,1980,1976,1979,1953,1979,,,Y,600 PPI,NAD27,Polyconic,-120.375,39.125,-120.25,39.25,false,10204531,public_domain,https://prd-tnm.s3.amazonaws.com/StagedProducts/Maps/HistoricalTopo/GeoTIFF/CA/CA_Granite%20Chief_290944_1953_24000_geo.tif,https://thor-f5.er.usgs.gov/ngtoc/metadata/waf/maps/historicaltopo/pdf/CA/24000/CA_Granite_Chief_290944_1953_24000_geo.xml,https://www.sciencebase.gov/catalog/item/5a8a2e3de4b00f54eb3ceeda,5a8a2e3de4b00f54eb3ceeda
CA_Granite_Chief_290945_1953_24000,Granite Chief,24000,7.5 x 7.5 minute,1953,1979,1980,1976,1979,1953,1979,,,Y,600 PPI,NAD27,Polyconic,-120.375,39.125,-120.25,39.25,false,12330243,public_domain,https://prd-tnm.s3.amazonaws.com/StagedProducts/Maps/HistoricalTopo/GeoTIFF/CA/CA_Granite%20Chief_290945_1953_24000_geo.tif,https://thor-f5.er.usgs.gov/ngtoc/metadata/waf/maps/historicaltopo/pdf/CA/24000/CA_Granite_Chief_290945_1953_24000_geo.xml,https://www.sciencebase.gov/catalog/item/5a8a2e3de4b00f54eb3ceee1,5a8a2e3de4b00f54eb3ceee1
CA_Granite_Chief_102254_2000_24000,Granite Chief,24000,7.5 x 7.5 minute,2000,2000,2003,1998,,,2000,,,Y,600 PPI,NAD27,Lambert Conformal Conic,-120.375,39.125,-120.25,39.25,false,14210595,public_domain,https://prd-tnm.s3.amazonaws.com/StagedProducts/Maps/HistoricalTopo/GeoTIFF/CA/CA_Granite%20Chief_102254_2000_24000_geo.tif,https://thor-f5.er.usgs.gov/ngtoc/metadata/waf/maps/historicaltopo/pdf/CA/24000/CA_Granite_Chief_102254_2000_24000_geo.xml,https://www.sciencebase.gov/catalog/item/5a8a2e3de4b00f54eb3ceebd,5a8a2e3de4b00f54eb3ceebd
CA_Graniteville_290949_1982_24000,Graniteville,24000,7.5 x 7.5 minute,1982,1982,1986,1974,,1975,1982,,,Y,600 PPI,NAD27,Lambert Conformal Conic,-120.75,39.375,-120.625,39.5,false,11025580,public_domain,https://prd-tnm.s3.amazonaws.com/StagedProducts/Maps/HistoricalTopo/GeoTIFF/CA/CA_Graniteville_290949_1982_24000_geo.tif,https://thor-f5.er.usgs.gov/ngtoc/metadata/waf/maps/historicaltopo/pdf/CA/24000/CA_Graniteville_290949_1982_24000_geo.xml,https://www.sciencebase.gov/catalog/item/5a8a2e3fe4b00f54eb3cef06,5a8a2e3fe4b00f54eb3cef06
CA_Graniteville_290950_1982_24000,Graniteville,24000,7.5 x 7.5 minute,1982,1982,1986,1974,,1975,1982,,,Y,600 PPI,NAD27,Lambert Conformal Conic,-120.75,39.375,-120.625,39.5,false,11039383,public_domain,https://prd-tnm.s3.amazonaws.com/StagedProducts/Maps/HistoricalTopo/GeoTIFF/CA/CA_Graniteville_290950_1982_24000_geo.tif,https://thor-f5.er.usgs.gov/ngtoc/metadata/waf/maps/historicaltopo/pdf/CA/24000/CA_Graniteville_290950_1982_24000_geo.xml,https://www.sciencebase.gov/catalog/item/5a8a2e3fe4b00f54eb3cef0c,5a8a2e3fe4b00f54eb3cef0c
CA_Graniteville_290951_1982_24000,Graniteville,24000,7.5 x 7.5 minute,1982,1982,1986,1974,,1975,1982,,,Y,600 PPI,NAD27,Lambert Conformal Conic,-120.75,39.375,-120.625,39.5,false,10256010,public_domain,https://prd-tnm.s3.amazonaws.com/StagedProducts/Maps/HistoricalTopo/GeoTIFF/CA/CA_Graniteville_290951_1982_24000_geo.tif,https://thor-f5.er.usgs.gov/ngtoc/metadata/waf/maps/historicaltopo/pdf/CA/24000/CA_Graniteville_290951_1982_24000_geo.xml,https://www.sciencebase.gov/catalog/item/5a8a2e3fe4b00f54eb3cef13,5a8a2e3fe4b00f54eb3cef13
CA_Graniteville_290953_1982_24000,Graniteville,24000,7.5 x 7.5 minute,1982,1982,1982,1974,,1975,1982,,,Y,600 PPI,NAD27,Lambert Conformal Conic,-120.75,39.375,-120.625,39.5,false,9983202,public_domain,https://prd-tnm.s3.amazonaws.com/StagedProducts/Maps/HistoricalTopo/GeoTIFF/CA/CA_Graniteville_290953_1982_24000_geo.tif,https://thor-f5.er.usgs.gov/ngtoc/metadata/waf/maps/historicaltopo/pdf/CA/24000/CA_Graniteville_290953_1982_24000_geo.xml,https://www.sciencebase.gov/catalog/item/5a8a2e40e4b00f54eb3cef1c,5a8a2e40e4b00f54eb3cef1c
CA_Graniteville_102257_2000_24000,Graniteville,24000,7.5 x 7.5 minute,2000,2000,2003,1998,,,2000,,,Y,600 PPI,NAD27,Lambert Conformal Conic,-120.75,39.375,-120.625,39.5,false,13920790,public_domain,https://prd-tnm.s3.amazonaws.com/StagedProducts/Maps/HistoricalTopo/GeoTIFF/CA/CA_Graniteville_102257_2000_24000_geo.tif,https://thor-f5.er.usgs.gov/ngtoc/metadata/waf/maps/historicaltopo/pdf/CA/24000/CA_Graniteville_102257_2000_24000_geo.xml,https://www.sciencebase.gov/catalog/item/5a8a2e3ee4b00f54eb3ceefa,5a8a2e3ee4b00f54eb3ceefa
CA_Grass_Valley_290964_1949_24000,Grass Valley,24000,7.5 x 7.5 minute,1949,1949,1954,1947,,1949,,,,Y,600 PPI,NAD27,Polyconic,-121.125,39.125,-121.0,39.25,false,13484525,public_domain,https://prd-tnm.s3.amazonaws.com/StagedProducts/Maps/HistoricalTopo/GeoTIFF/CA/CA_Grass%20Valley_290964_1949_24000_geo.tif,https://thor-f5.er.usgs.gov/ngtoc/metadata/waf/maps/historicaltopo/pdf/CA/24000/CA_Grass_Valley_290964_1949_24000_geo.xml,https://www.sciencebase.gov/catalog/item/5a8a2e42e4b00f54eb3cef5a,5a8a2e42e4b00f54eb3cef5a
CA_Grass_Valley_290965_1949_24000,Grass Valley,24000,7.5 x 7.5 minute,1949,1949,1968,1947,,1949,,,,Y,600 PPI,NAD27,Polyconic,-121.125,39.125,-121.0,39.25,false,12694800,public_domain,https://prd-tnm.s3.amazonaws.com/StagedProducts/Maps/HistoricalTopo/GeoTIFF/CA/CA_Grass%20Valley_290965_1949_24000_geo.tif,https://thor-f5.er.usgs.gov/ngtoc/metadata/waf/maps/historicaltopo/pdf/CA/24000/CA_Grass_Valley_290965_1949_24000_geo.xml,https://www.sciencebase.gov/catalog/item/5a8a2e43e4b00f54eb3cef5f,5a8a2e43e4b00f54eb3cef5f
CA_Grass_Valley_290967_1949_24000,Grass Valley,24000,7.5 x 7.5 minute,1949,1973,1976,1973,1973,1949,,,,Y,600 PPI,NAD27,Polyconic,-121.125,39.125,-121.0,39.25,false,13250312,public_domain,https://prd-tnm.s3.amazonaws.com/StagedProducts/Maps/HistoricalTopo/GeoTIFF/CA/CA_Grass%20Valley_290967_1949_24000_geo.tif,https://thor-f5.er.usgs.gov/ngtoc/metadata/waf/maps/historicaltopo/pdf/CA/24000/CA_Grass_Valley_290967_1949_24000_geo.xml,https://www.sciencebase.gov/catalog/item/5a8a2e43e4b00f54eb3cef67,5a8a2e43e4b00f54eb3cef67
CA_Grass_Valley_290966_1950_24000,Grass Valley,24000,7.5 x 7.5 minute,1950,1950,1950,1947,,1949,,,,Y,600 PPI,NAD27,Polyconic,-121.125,39.125,-121.0,39.25,false,13467089,public_domain,https://prd-tnm.s3.amazonaws.com/StagedProducts/Maps/HistoricalTopo/GeoTIFF/CA/CA_Grass%20Valley_290966_1950_24000_geo.tif,https://thor-f5.er.usgs.gov/ngtoc/metadata/waf/maps/historicaltopo/pdf/CA/24000/CA_Grass_Valley_290966_1950_24000_geo.xml,https://www.sciencebase.gov/catalog/item/5a8a2e43e4b00f54eb3cef63,5a8a2e43e4b00f54eb3cef63
CA_Grass_Valley_290961_1995_24000,Grass Valley,24000,7.5 x 7.5 minute,1995,1995,1995,1987,,1990,1995,,,Y,600 PPI,NAD27,Lambert Conformal Conic,-121.125,39.125,-121.0,39.25,false,14007784,public_domain,https://prd-tnm.s3.amazonaws.com/StagedProducts/Maps/HistoricalTopo/GeoTIFF/CA/CA_Grass%20Valley_290961_1995_24000_geo.tif,https://thor-f5.er.usgs.gov/ngtoc/metadata/waf/maps/historicaltopo/pdf/CA/24000/CA_Grass_Valley_290961_1995_24000_geo.xml,https://www.sciencebase.gov/catalog/item/5a8a2e41e4b00f54eb3cef47,5a8a2e41e4b00f54eb3cef47
CA_Grass_Valley_290962_1995_24000,Grass Valley,24000,7.5 x 7.5 minute,1995,1995,1995,1987,,1990,1995,,,Y,600 PPI,NAD27,Lambert Conformal Conic,-121.125,39.125,-121.0,39.25,false,13647372,public_domain,https://prd-tnm.s3.amazonaws.com/StagedProducts/Maps/HistoricalTopo/GeoTIFF/CA/CA_Grass%20Valley_290962_1995_24000_geo.tif,https://thor-f5.er.usgs.gov/ngtoc/metadata/waf/maps/historicaltopo/pdf/CA/24000/CA_Grass_Valley_290962_1995_24000_geo.xml,https://www.sciencebase.gov/catalog/item/5a8a2e42e4b00f54eb3cef4d,5a8a2e42e4b00f54eb3cef4d
CA_Grass_Valley_290963_1998_24000,Grass Valley,24000,7.5 x 7.5 minute,1998,1998,2002,1987,,,,1998,,Y,600 PPI,NAD27,Transverse Mercator,-121.125,39.125,-121.0,39.25,false,13873545,public_domain,https://prd-tnm.s3.amazonaws.com/StagedProducts/Maps/HistoricalTopo/GeoTIFF/CA/CA_Grass%20Valley_290963_1998_24000_geo.tif,https://thor-f5.er.usgs.gov/ngtoc/metadata/waf/maps/historicaltopo/pdf/CA/24000/CA_Grass_Valley_290963_1998_24000_geo.xml,https://www.sciencebase.gov/catalog/item/5a8a2e42e4b00f54eb3cef53,5a8a2e42e4b00f54eb3cef53
CA_Greek_Store_290999_1952_24000,Greek Store,24000,7.5 x 7.5 minute,1952,1952,1954,1948,,1952,,,,Y,600 PPI,NAD27,Polyconic,-120.625,39.0,-120.5,39.125,false,12442509,public_domain,https://prd-tnm.s3.amazonaws.com/StagedProducts/Maps/HistoricalTopo/GeoTIFF/CA/CA_Greek%20Store_290999_1952_24000_geo.tif,https://thor-f5.er.usgs.gov/ngtoc/metadata/waf/maps/historicaltopo/pdf/CA/24000/CA_Greek_Store_290999_1952_24000_geo.xml,https://www.sciencebase.gov/catalog/item/5a8a2e53e4b00f54eb3cf0ea,5a8a2e53e4b00f54eb3cf0ea
CA_Greek_Store_291000_1952_24000,Greek Store,24000,7.5 x 7.5 minute,1952,1952,1963,1948,,1952,,,,Y,600 PPI,NAD27,Polyconic,-120.625,39.0,-120.5,39.125,false,11940548,public_domain,https://prd-tnm.s3.amazonaws.com/StagedProducts/Maps/HistoricalTopo/GeoTIFF/CA/CA_Greek%20Store_291000_1952_24000_geo.tif,https://thor-f5.er.usgs.gov/ngtoc/metadata/waf/maps/historicaltopo/pdf/CA/24000/CA_Greek_Store_291000_1952_24000_geo.xml,https://www.sciencebase.gov/catalog/item/5a8a2e54e4b00f54eb3cf0f3,5a8a2e54e4b00f54eb3cf0f3
CA_Greek_Store_291001_1952_24000,Greek Store,24000,7.5 x 7.5 minute,1952,1973,1975,1973,1973,1952,,,,Y,600 PPI,NAD27,Polyconic,-120.625,39.0,-120.5,39.125,false,11112548,public_domain,https://prd-tnm.s3.amazonaws.com/StagedProducts/Maps/HistoricalTopo/GeoTIFF/CA/CA_Greek%20Store_291001_1952_24000_geo.tif,https://thor-f5.er.usgs.gov/ngtoc/metadata/waf/maps/historicaltopo/pdf/CA/24000/CA_Greek_Store_291001_1952_24000_geo.xml,https://www.sciencebase.gov/catalog/item/5a8a2e55e4b00f54eb3cf0fa,5a8a2e55e4b00f54eb3cf0fa
CA_Greek_Store_291002_1952_24000,Greek Store,24000,7.5 x 7.5 minute,1952,1973,1975,1973,1973,1952,,,,Y,600 PPI,NAD27,Polyconic,-120.625,39.0,-120.5,39.125,false,12657401,public_domain,https://prd-tnm.s3.amazonaws.com/StagedProducts/Maps/HistoricalTopo/GeoTIFF/CA/CA_Greek%20Store_291002_1952_24000_geo.tif,https://thor-f5.er.usgs.gov/ngtoc/metadata/waf/maps/historicaltopo/pdf/CA/24000/CA_Greek_Store_291002_1952_24000_geo.xml,https://www.sciencebase.gov/catalog/item/5a8a2e55e4b00f54eb3cf103,5a8a2e55e4b00f54eb3cf103
CA_Greek_Store_290998_2000_24000,Greek Store,24000,7.5 x 7.5 minute,2000,2000,2003,1998,,,2000,,,Y,600 PPI,NAD27,Lambert Conformal Conic,-120.625,39.0,-120.5,39.125,false,15057509,public_domain,https://prd-tnm.s3.amazonaws.com/StagedProducts/Maps/HistoricalTopo/GeoTIFF/CA/CA_Greek%20Store_290998_2000_24000_geo.tif,https://thor-f5.er.usgs.gov/ngtoc/metadata/waf/maps/historicaltopo/pdf/CA/24000/CA_Greek_Store_290998_2000_24000_geo.xml,https://www.sciencebase.gov/catalog/item/5a8a2e53e4b00f54eb3cf0e4,5a8a2e53e4b00f54eb3cf0e4
CA_Greenwood_291017_1949_24000,Greenwood,24000,7.5 x 7.5 minute,1949,1949,1957,1946,,1949,,,,Y,600 PPI,NAD27,Polyconic,-121.0,38.875,-120.875,39.0,false,13558863,public_domain,https://prd-tnm.s3.amazonaws.com/StagedProducts/Maps/HistoricalTopo/GeoTIFF/CA/CA_Greenwood_291017_1949_24000_geo.tif,https://thor-f5.er.usgs.gov/ngtoc/metadata/waf/maps/historicaltopo/pdf/CA/24000/CA_Greenwood_291017_1949_24000_geo.xml,https://www.sciencebase.gov/catalog/item/5a8a2e59e4b00f54eb3cf17d,5a8a2e59e4b00f54eb3cf17d
CA_Greenwood_291018_1949_24000,Greenwood,24000,7.5 x 7.5 minute,1949,1949,1967,1946,,1949,,,,Y,600 PPI,NAD27,Polyconic,-121.0,38.875,-120.875,39.0,false,12658350,public_domain,https://prd-tnm.s3.amazonaws.com/StagedProducts/Maps/HistoricalTopo/GeoTIFF/CA/CA_Greenwood_291018_1949_24000_geo.tif,https://thor-f5.er.usgs.gov/ngtoc/metadata/waf/maps/historicaltopo/pdf/CA/24000/CA_Greenwood_291018_1949_24000_geo.xml,https://www.sciencebase.gov/catalog/item/5a8a2e59e4b00f54eb3cf182,5a8a2e59e4b00f54eb3cf182
CA_Greenwood_291020_1949_24000,Greenwood,24000,7.5 x 7.5 minute,1949,1973,1977,1973,1973,1949,,,,Y,600 PPI,NAD27,Polyconic,-121.0,38.875,-120.875,39.0,false,12144326,public_domain,https://prd-tnm.s3.amazonaws.com/StagedProducts/Maps/HistoricalTopo/GeoTIFF/CA/CA_Greenwood_291020_1949_24000_geo.tif,https://thor-f5.er.usgs.gov/ngtoc/metadata/waf/maps/historicaltopo/pdf/CA/24000/CA_Greenwood_291020_1949_24000_geo.xml,https://www.sciencebase.gov/catalog/item/5a8a2e5ae4b00f54eb3cf18a,5a8a2e5ae4b00f54eb3cf18a
CA_Greenwood_291019_1950_24000,Greenwood,24000,7.5 x 7.5 minute,1950,1950,1950,1946,,1949,,,,Y,600 PPI,NAD27,Polyconic,-121.0,38.875,-120.875,39.0,false,12627996,public_domain,https://prd-tnm.s3.amazonaws.com/StagedProducts/Maps/HistoricalTopo/GeoTIFF/CA/CA_Greenwood_291019_1950_24000_geo.tif,https://thor-f5.er.usgs.gov/ngtoc/metadata/waf/maps/historicaltopo/pdf/CA/24000/CA_Greenwood_291019_1950_24000_geo.xml,https://www.sciencebase.gov/catalog/item/5a8a2e59e4b00f54eb3cf186,5a8a2e59e4b00f54eb3cf186
CA_Haypress_Valley_291232_1981_24000,Haypress Valley,24000,7.5 x 7.5 minute,1981,1981,1985,1974,,1975,1981,,,Y,600 PPI,NAD27,Lambert Conformal Conic,-120.625,39.5,-120.5,39.625,false,10327650,public_domain,https://prd-tnm.s3.amazonaws.com/StagedProducts/Maps/HistoricalTopo/GeoTIFF/CA/CA_Haypress%20Valley_291232_1981_24000_geo.tif,https://thor-f5.er.usgs.gov/ngtoc/metadata/waf/maps/historicaltopo/pdf/CA/24000/CA_Haypress_Valley_291232_1981_24000_geo.xml,https://www.sciencebase.gov/catalog/item/5a8a2ed2e4b00f54eb3cfa9c,5a8a2ed2e4b00f54eb3cfa9c
CA_Haypress_Valley_291233_1981_24000,Haypress Valley,24000,7.5 x 7.5 minute,1981,1981,1985,1974,,1975,1981,,,Y,600 PPI,NAD27,Lambert Conformal Conic,-120.625,39.5,-120.5,39.625,false,11313669,public_domain,https://prd-tnm.s3.amazonaws.com/StagedProducts/Maps/HistoricalTopo/GeoTIFF/CA/CA_Haypress%20Valley_291233_1981_24000_geo.tif,https://thor-f5.er.usgs.gov/ngtoc/metadata/waf/maps/historicaltopo/pdf/CA/24000/CA_Haypress_Valley_291233_1981_24000_geo.xml,https://www.sciencebase.gov/catalog/item/5a8a2ed2e4b00f54eb3cfaa2,5a8a2ed2e4b00f54eb3cfaa2
CA_Haypress_Valley_291235_1981_24000,Haypress Valley,24000,7.5 x 7.5 minute,1981,1981,1982,1974,,1975,1981,,,Y,600 PPI,NAD27,Lambert Conformal Conic,-120.625,39.5,-120.5,39.625,false,9668910,public_domain,https://prd-tnm.s3.amazonaws.com/StagedProducts/Maps/HistoricalTopo/GeoTIFF/CA/CA_Haypress%20Valley_291235_1981_24000_geo.tif,https://thor-f5.er.usgs.gov/ngtoc/metadata/waf/maps/historicaltopo/pdf/CA/24000/CA_Haypress_Valley_291235_1981_24000_geo.xml,https://www.sciencebase.gov/catalog/item/5a8a2ed2e4b00f54eb3cfaa5,5a8a2ed2e4b00f54eb3cfaa5
CA_Haypress_Valley_100714_2000_24000,Haypress Valley,24000,7.5 x 7.5 minute,2000,2000,2003,1998,,,2000,,,Y,600 PPI,NAD27,Lambert Conformal Conic,-120.625,39.5,-120.5,39.625,false,13738668,public_domain,https://prd-tnm.s3.amazonaws.com/StagedProducts/Maps/HistoricalTopo/GeoTIFF/CA/CA_Haypress%20Valley_100714_2000_24000_geo.tif,https://thor-f5.er.usgs.gov/ngtoc/metadata/waf/maps/historicaltopo/pdf/CA/24000/CA_Haypress_Valley_100714_2000_24000_geo.xml,https://www.sciencebase.gov/catalog/item/5a8a2ed2e4b00f54eb3cfa99,5a8a2ed2e4b00f54eb3cfa99
CA_Hobart_Mills_291343_1981_24000,Hobart Mills,24000,7.5 x 7.5 minute,1981,1981,1986,1974,,1975,1981,,,Y,600 PPI,NAD27,Lambert Conformal Conic,-120.25,39.375,-120.125,39.5,false,8563573,public_domain,https://prd-tnm.s3.amazonaws.com/StagedProducts/Maps/HistoricalTopo/GeoTIFF/CA/CA_Hobart%20Mills_291343_1981_24000_geo.tif,https://thor-f5.er.usgs.gov/ngtoc/metadata/waf/maps/historicaltopo/pdf/CA/24000/CA_Hobart_Mills_291343_1981_24000_geo.xml,https://www.sciencebase.gov/catalog/item/5a8a2ef4e4b00f54eb3cfea7,5a8a2ef4e4b00f54eb3cfea7
CA_Hobart_Mills_291344_1981_24000,Hobart Mills,24000,7.5 x 7.5 minute,1981,1981,1986,1974,,1975,1981,,,Y,600 PPI,NAD27,Lambert Conformal Conic,-120.25,39.375,-120.125,39.5,false,9437119,public_domain,https://prd-tnm.s3.amazonaws.com/StagedProducts/Maps/HistoricalTopo/GeoTIFF/CA/CA_Hobart%20Mills_291344_1981_24000_geo.tif,https://thor-f5.er.usgs.gov/ngtoc/metadata/waf/maps/historicaltopo/pdf/CA/24000/CA_Hobart_Mills_291344_1981_24000_geo.xml,https://www.sciencebase.gov/catalog/item/5a8a2ef4e4b00f54eb3cfeac,5a8a2ef4e4b00f54eb3cfeac
CA_Hobart_Mills_291346_1981_24000,Hobart Mills,24000,7.5 x 7.5 minute,1981,1981,1982,1974,,1975,1981,,,Y,600 PPI,NAD27,Lambert Conformal Conic,-120.25,39.375,-120.125,39.5,false,9248276,public_domain,https://prd-tnm.s3.amazonaws.com/StagedProducts/Maps/HistoricalTopo/GeoTIFF/CA/CA_Hobart%20Mills_291346_1981_24000_geo.tif,https://thor-f5.er.usgs.gov/ngtoc/metadata/waf/maps/historicaltopo/pdf/CA/24000/CA_Hobart_Mills_291346_1981_24000_geo.xml,https://www.sciencebase.gov/catalog/item/5a8a2ef4e4b00f54eb3cfeaf,5a8a2ef4e4b00f54eb3cfeaf
CA_Hobart_Mills_100746_2000_24000,Hobart Mills,24000,7.5 x 7.5 minute,2000,2000,2003,1998,,,2000,,,Y,600 PPI,NAD27,Lambert Conformal Conic,-120.25,39.375,-120.125,39.5,false,11121513,public_domain,https://prd-tnm.s3.amazonaws.com/StagedProducts/Maps/HistoricalTopo/GeoTIFF/CA/CA_Hobart%20Mills_100746_2000_24000_geo.tif,https://thor-f5.er.usgs.gov/ngtoc/metadata/waf/maps/historicaltopo/pdf/CA/24000/CA_Hobart_Mills_100746_2000_24000_geo.xml,https://www.sciencebase.gov/catalog/item/5a8a2ef4e4b00f54eb3cfea4,5a8a2ef4e4b00f54eb3cfea4
CA_Homewood_291397_1955_24000,Homewood,24000,7.5 x 7.5 minute,1955,1955,1956,1953,,1955,,,,Y,600 PPI,NAD27,Polyconic,-120.25,39.0,-120.125,39.125,false,9955212,public_domain,https://prd-tnm.s3.amazonaws.com/StagedProducts/Maps/HistoricalTopo/GeoTIFF/CA/CA_Homewood_291397_1955_24000_geo.tif,https://thor-f5.er.usgs.gov/ngtoc/metadata/waf/maps/historicaltopo/pdf/CA/24000/CA_Homewood_291397_1955_24000_geo.xml,https://www.sciencebase.gov/catalog/item/5a8a2f05e4b00f54eb3d00a4,5a8a2f05e4b00f54eb3d00a4
CA_Homewood_291398_1955_24000,Homewood,24000,7.5 x 7.5 minute,1955,1955,1959,1953,,1955,,,,Y,600 PPI,NAD27,Polyconic,-120.25,39.0,-120.125,39.125,false,10946044,public_domain,https://prd-tnm.s3.amazonaws.com/StagedProducts/Maps/HistoricalTopo/GeoTIFF/CA/CA_Homewood_291398_1955_24000_geo.tif,https://thor-f5.er.usgs.gov/ngtoc/metadata/waf/maps/historicaltopo/pdf/CA/24000/CA_Homewood_291398_1955_24000_geo.xml,https://www.sciencebase.gov/catalog/item/5a8a2f05e4b00f54eb3d00a8,5a8a2f05e4b00f54eb3d00a8
CA_Homewood_291399_1955_24000,Homewood,24000,7.5 x 7.5 minute,1955,1969,1970,1969,1969,1955,,,,Y,600 PPI,NAD27,Polyconic,-120.25,39.0,-120.125,39.125,false,10556491,public_domain,https://prd-tnm.s3.amazonaws.com/StagedProducts/Maps/HistoricalTopo/GeoTIFF/CA/CA_Homewood_291399_1955_24000_geo.tif,https://thor-f5.er.usgs.gov/ngtoc/metadata/waf/maps/historicaltopo/pdf/CA/24000/CA_Homewood_291399_1955_24000_geo.xml,https://www.sciencebase.gov/catalog/item/5a8a2f06e4b00f54eb3d00ad,5a8a2f06e4b00f54eb3d00ad
CA_Homewood_291400_1955_24000,Homewood,24000,7.5 x 7.5 minute,1955,1969,1984,1969,1969,1955,,1973,,Y,600 PPI,NAD27,Polyconic,-120.25,39.0,-120.125,39.125,false,10685888,public_domain,https://prd-tnm.s3.amazonaws.com/StagedProducts/Maps/HistoricalTopo/GeoTIFF/CA/CA_Homewood_291400_1955_24000_geo.tif,https://thor-f5.er.usgs.gov/ngtoc/metadata/waf/maps/historicaltopo/pdf/CA/24000/CA_Homewood_291400_1955_24000_geo.xml,https://www.sciencebase.gov/catalog/item/5a8a2f06e4b00f54eb3d00b2,5a8a2f06e4b00f54eb3d00b2
CA_Homewood_100764_1992_24000,Homewood,24000,7.5 x 7.5 minute,1992,1992,1994,1992,,,1994,,,Y,600 PPI,NAD27,Universal Transverse Mercator,-120.25,39.0,-120.125,39.125,false,10595973,public_domain,https://prd-tnm.s3.amazonaws.com/StagedProducts/Maps/HistoricalTopo/GeoTIFF/CA/CA_Homewood_100764_1992_24000_geo.tif,https://thor-f5.er.usgs.gov/ngtoc/metadata/waf/maps/historicaltopo/pdf/CA/24000/CA_Homewood_100764_1992_24000_geo.xml,https://www.sciencebase.gov/catalog/item/5a8a2f05e4b00f54eb3d009e,5a8a2f05e4b00f54eb3d009e
CA_Homewood_291395_1992_24000,Homewood,24000,7.5 x 7.5 minute,1992,1992,1994,1992,,,1994,,,Y,600 PPI,NAD27,Universal Transverse Mercator,-120.25,39.0,-120.125,39.125,false,10704996,public_domain,https://prd-tnm.s3.amazonaws.com/StagedProducts/Maps/HistoricalTopo/GeoTIFF/CA/CA_Homewood_291395_1992_24000_geo.tif,https://thor-f5.er.usgs.gov/ngtoc/metadata/waf/maps/historicaltopo/pdf/CA/24000/CA_Homewood_291395_1992_24000_geo.xml,https://www.sciencebase.gov/catalog/item/5a8a2f05e4b00f54eb3d00a2,5a8a2f05e4b00f54eb3d00a2
CA_Independence_Lake_291538_1981_24000,Independence Lake,24000,7.5 x 7.5 minute,1981,1981,1987,1974,,1975,1981,,,Y,600 PPI,NAD27,Lambert Conformal Conic,-120.375,39.375,-120.25,39.5,false,9608544,public_domain,https://prd-tnm.s3.amazonaws.com/StagedProducts/Maps/HistoricalTopo/GeoTIFF/CA/CA_Independence%20Lake_291538_1981_24000_geo.tif,https://thor-f5.er.usgs.gov/ngtoc/metadata/waf/maps/historicaltopo/pdf/CA/24000/CA_Independence_Lake_291538_1981_24000_geo.xml,https://www.sciencebase.gov/catalog/item/5a8a2f3ee4b00f54eb3d0681,5a8a2f3ee4b00f54eb3d0681
CA_Independence_Lake_291539_1981_24000,Independence Lake,24000,7.5 x 7.5 minute,1981,1981,1987,1974,,1975,1981,,,Y,600 PPI,NAD27,Lambert Conformal Conic,-120.375,39.375,-120.25,39.5,false,9628896,public_domain,https://prd-tnm.s3.amazonaws.com/StagedProducts/Maps/HistoricalTopo/GeoTIFF/CA/CA_Independence%20Lake_291539_1981_24000_geo.tif,https://thor-f5.er.usgs.gov/ngtoc/metadata/waf/maps/historicaltopo/pdf/CA/24000/CA_Independence_Lake_291539_1981_24000_geo.xml,https://www.sciencebase.gov/catalog/item/5a8a2f3ee4b00f54eb3d0683,5a8a2f3ee4b00f54eb3d0683
CA_Independence_Lake_465769_1981_24000,Independence Lake,24000,7.5 x 7.5 minute,1981,1981,1981,1974,,1975,1981,,,Y,600 PPI,NAD27,Lambert Conformal Conic,-120.375,39.375,-120.25,39.5,false,7394990,public_domain,https://prd-tnm.s3.amazonaws.com/StagedProducts/Maps/HistoricalTopo/GeoTIFF/CA/CA_Independence%20Lake_465769_1981_24000_geo.tif,https://thor-f5.er.usgs.gov/ngtoc/metadata/waf/maps/historicaltopo/pdf/CA/24000/CA_Independence_Lake_465769_1981_24000_geo.xml,https://www.sciencebase.gov/catalog/item/5d2954f9e4b038fabe1d127d,5d2954f9e4b038fabe1d127d
CA_Independence_Lake_100812_2000_24000,Independence Lake,24000,7.5 x 7.5 minute,2000,2000,2003,1998,,,2000,,,Y,600 PPI,NAD27,Lambert Conformal Conic,-120.375,39.375,-120.25,39.5,false,12031455,public_domain,https://prd-tnm.s3.amazonaws.com/StagedProducts/Maps/HistoricalTopo/GeoTIFF/CA/CA_Independence%20Lake_100812_2000_24000_geo.tif,https://thor-f5.er.usgs.gov/ngtoc/metadata/waf/maps/historicaltopo/pdf/CA/24000/CA_Independence_Lake_100812_2000_24000_geo.xml,https://www.sciencebase.gov/catalog/item/5a8a2f3ee4b00f54eb3d067f,5a8a2f3ee4b00f54eb3d067f
CA_Kings_Beach_291862_1955_24000,Kings Beach,24000,7.5 x 7.5 minute,1955,1955,1956,1953,,1955,,,,Y,600 PPI,NAD27,Polyconic,-120.125,39.125,-120.0,39.25,false,4952239,public_domain,https://prd-tnm.s3.amazonaws.com/StagedProducts/Maps/HistoricalTopo/GeoTIFF/CA/CA_Kings%20Beach_291862_1955_24000_geo.tif,https://thor-f5.er.usgs.gov/ngtoc/metadata/waf/maps/historicaltopo/pdf/CA/24000/CA_Kings_Beach_291862_1955_24000_geo.xml,https://www.sciencebase.gov/catalog/item/5a8a2faae4b00f54eb3d1268,5a8a2faae4b00f54eb3d1268
CA_Kings_Beach_291863_1955_24000,Kings Beach,24000,7.5 x 7.5 minute,1955,1955,1960,1953,,1955,,,,Y,600 PPI,NAD27,Polyconic,-120.125,39.125,-120.0,39.25,false,5683269,public_domain,https://prd-tnm.s3.amazonaws.com/StagedProducts/Maps/HistoricalTopo/GeoTIFF/CA/CA_Kings%20Beach_291863_1955_24000_geo.tif,https://thor-f5.er.usgs.gov/ngtoc/metadata/waf/maps/historicaltopo/pdf/CA/24000/CA_Kings_Beach_291863_1955_24000_geo.xml,https://www.sciencebase.gov/catalog/item/5a8a2faae4b00f54eb3d126c,5a8a2faae4b00f54eb3d126c
CA_Kings_Beach_291864_1955_24000,Kings Beach,24000,7.5 x 7.5 minute,1955,1969,1979,1969,1969,1955,,,,Y,600 PPI,NAD27,Polyconic,-120.125,39.125,-120.0,39.25,false,8084177,public_domain,https://prd-tnm.s3.amazonaws.com/StagedProducts/Maps/HistoricalTopo/GeoTIFF/CA/CA_Kings%20Beach_291864_1955_24000_geo.tif,https://thor-f5.er.usgs.gov/ngtoc/metadata/waf/maps/historicaltopo/pdf/CA/24000/CA_Kings_Beach_291864_1955_24000_geo.xml,https://www.sciencebase.gov/catalog/item/5a8a2faae4b00f54eb3d1272,5a8a2faae4b00f54eb3d1272
CA_Kings_Beach_291865_1955_24000,Kings Beach,24000,7.5 x 7.5 minute,1955,1969,1977,1969,1969,1955,,,,Y,600 PPI,NAD27,Polyconic,-120.125,39.125,-120.0,39.25,false,8469894,public_domain,https://prd-tnm.s3.amazonaws.com/StagedProducts/Maps/HistoricalTopo/GeoTIFF/CA/CA_Kings%20Beach_291865_1955_24000_geo.tif,https://thor-f5.er.usgs.gov/ngtoc/metadata/waf/maps/historicaltopo/pdf/CA/24000/CA_Kings_Beach_291865_1955_24000_geo.xml,https://www.sciencebase.gov/catalog/item/5a8a2fabe4b00f54eb3d1276,5a8a2fabe4b00f54eb3d1276
CA_Kings_Beach_101519_1992_24000,Kings Beach,24000,7.5 x 7.5 minute,1992,1992,1994,1992,,,1994,,,Y,600 PPI,NAD27,Universal Transverse Mercator,-120.125,39.125,-120.0,39.25,false,11946379,public_domain,https://prd-tnm.s3.amazonaws.com/StagedProducts/Maps/HistoricalTopo/GeoTIFF/CA/CA_Kings%20Beach_101519_1992_24000_geo.tif,https://thor-f5.er.usgs.gov/ngtoc/metadata/waf/maps/historicaltopo/pdf/CA/24000/CA_Kings_Beach_101519_1992_24000_geo.xml,https://www.sciencebase.gov/catalog/item/5a8a2faae4b00f54eb3d1259,5a8a2faae4b00f54eb3d1259
CA_Kings_Beach_291860_1992_24000,Kings Beach,24000,7.5 x 7.5 minute,1992,1992,1994,1992,,,1994,,,Y,600 PPI,NAD27,Universal Transverse Mercator,-120.125,39.125,-120.0,39.25,false,6716822,public_domain,https://prd-tnm.s3.amazonaws.com/StagedProducts/Maps/HistoricalTopo/GeoTIFF/CA/CA_Kings%20Beach_291860_1992_24000_geo.tif,https://thor-f5.er.usgs.gov/ngtoc/metadata/waf/maps/historicaltopo/pdf/CA/24000/CA_Kings_Beach_291860_1992_24000_geo.xml,https://www.sciencebase.gov/catalog/item/5a8a2faae4b00f54eb3d125f,5a8a2faae4b00f54eb3d125f
CA_Lake_Combie_292053_1949_24000,Lake Combie,24000,7.5 x 7.5 minute,1949,1973,1985,1973,1973,1949,,,,Y,600 PPI,NAD27,Polyconic,-121.125,39.0,-121.0,39.125,true,14233479,public_domain,https://prd-tnm.s3.amazonaws.com/StagedProducts/Maps/HistoricalTopo/GeoTIFF/CA/CA_Lake%20Combie_292053_1949_24000_geo.tif,https://thor-f5.er.usgs.gov/ngtoc/metadata/waf/maps/historicaltopo/pdf/CA/24000/CA_Lake_Combie_292053_1949_24000_geo.xml,https://www.sciencebase.gov/catalog/item/5a8a2ffae4b00f54eb3d199b,5a8a2ffae4b00f54eb3d199b
CA_Lake_Combie_292056_1949_24000,Lake Combie,24000,7.5 x 7.5 minute,1949,1949,1960,1947,,1949,,,,Y,600 PPI,NAD27,Polyconic,-121.125,39.0,-121.0,39.125,true,13128353,public_domain,https://prd-tnm.s3.amazonaws.com/StagedProducts/Maps/HistoricalTopo/GeoTIFF/CA/CA_Lake%20Combie_292056_1949_24000_geo.tif,https://thor-f5.er.usgs.gov/ngtoc/metadata/waf/maps/historicaltopo/pdf/CA/24000/CA_Lake_Combie_292056_1949_24000_geo.xml,https://www.sciencebase.gov/catalog/item/5a8a2ffbe4b00f54eb3d19a2,5a8a2ffbe4b00f54eb3d19a2
CA_Lake_Combie_292057_1949_24000,Lake Combie,24000,7.5 x 7.5 minute,1949,1949,1966,1947,,1949,,,,Y,600 PPI,NAD27,Polyconic,-121.125,39.0,-121.0,39.125,true,13505646,public_domain,https://prd-tnm.s3.amazonaws.com/StagedProducts/Maps/HistoricalTopo/GeoTIFF/CA/CA_Lake%20Combie_292057_1949_24000_geo.tif,https://thor-f5.er.usgs.gov/ngtoc/metadata/waf/maps/historicaltopo/pdf/CA/24000/CA_Lake_Combie_292057_1949_24000_geo.xml,https://www.sciencebase.gov/catalog/item/5a8a2ffbe4b00f54eb3d19a6,5a8a2ffbe4b00f54eb3d19a6
CA_Lake_Combie_292059_1949_24000,Lake Combie,24000,7.5 x 7.5 minute,1949,1973,1977,1973,1973,1949,,,,Y,600 PPI,NAD27,Polyconic,-121.125,39.0,-121.0,39.125,true,13316284,public_domain,https://prd-tnm.s3.amazonaws.com/StagedProducts/Maps/HistoricalTopo/GeoTIFF/CA/CA_Lake%20Combie_292059_1949_24000_geo.tif,https://thor-f5.er.usgs.gov/ngtoc/metadata/waf/maps/historicaltopo/pdf/CA/24000/CA_Lake_Combie_292059_1949_24000_geo.xml,https://www.sciencebase.gov/catalog/item/5a8a2ffce4b00f54eb3d19af,5a8a2ffce4b00f54eb3d19af
CA_Lake_Combie_292058_1950_24000,Lake Combie,24000,7.5 x 7.5 minute,1950,1950,,1947,,1949,,,,Y,600 PPI,NAD27,Polyconic,-121.125,39.0,-121.0,39.125,true,12337511,public_domain,https://prd-tnm.s3.amazonaws.com/StagedProducts/Maps/HistoricalTopo/GeoTIFF/CA/CA_Lake%20Combie_292058_1950_24000_geo.tif,https://thor-f5.er.usgs.gov/ngtoc/metadata/waf/maps/historicaltopo/pdf/CA/24000/CA_Lake_Combie_292058_1950_24000_geo.xml,https://www.sciencebase.gov/catalog/item/5a8a2ffbe4b00f54eb3d19aa,5a8a2ffbe4b00f54eb3d19aa
CA_Lake_Combie_465834_1950_24000,Lake Combie,24000,7.5 x 7.5 minute,1950,1950,,1947,,1949,,,,N,600 PPI,NAD27,Polyconic,-121.125,39.0,-121.0,39.125,true,9697750,public_domain,https://prd-tnm.s3.amazonaws.com/StagedProducts/Maps/HistoricalTopo/GeoTIFF/CA/CA_Lake%20Combie_465834_1950_24000_geo.tif,https://thor-f5.er.usgs.gov/ngtoc/metadata/waf/maps/historicaltopo/pdf/CA/24000/CA_Lake_Combie_465834_1950_24000_geo.xml,https://www.sciencebase.gov/catalog/item/5d295520e4b038fabe1d12ad,5d295520e4b038fabe1d12ad
CA_Lake_Combie_292054_1995_24000,Lake Combie,24000,7.5 x 7.5 minute,1995,1995,1995,1987,,1990,1995,,,Y,600 PPI,NAD27,Lambert Conformal Conic,-121.125,39.0,-121.0,39.125,true,12835759,public_domain,https://prd-tnm.s3.amazonaws.com/StagedProducts/Maps/HistoricalTopo/GeoTIFF/CA/CA_Lake%20Combie_292054_1995_24000_geo.tif,https://thor-f5.er.usgs.gov/ngtoc/metadata/waf/maps/historicaltopo/pdf/CA/24000/CA_Lake_Combie_292054_1995_24000_geo.xml,https://www.sciencebase.gov/catalog/item/5a8a2ffbe4b00f54eb3d199e,5a8a2ffbe4b00f54eb3d199e
CA_Lake_Combie_101558_1998_24000,Lake Combie,24000,7.5 x 7.5 minute,1998,1998,2002,1987,,,,1998,,Y,600 PPI,NAD27,Transverse Mercator,-121.125,39.0,-121.0,39.125,true,14674724,public_domain,https://prd-tnm.s3.amazonaws.com/StagedProducts/Maps/HistoricalTopo/GeoTIFF/CA/CA_Lake%20Combie_101558_1998_24000_geo.tif,https://thor-f5.er.usgs.gov/ngtoc/metadata/waf/maps/historicaltopo/pdf/CA/24000/CA_Lake_Combie_101558_1998_24000_geo.xml,https://www.sciencebase.gov/catalog/item/5a8a2ffae4b00f54eb3d1997,5a8a2ffae4b00f54eb3d1997
CA_Lincoln_292318_1953_24000,Lincoln,24000,7.5 x 7.5 minute,1953,1953,1955,1949,,1953,,,1908,Y,600 PPI,NAD27,Polyconic,-121.375,38.875,-121.25,39.0,false,9581420,public_domain,https://prd-tnm.s3.amazonaws.com/StagedProducts/Maps/HistoricalTopo/GeoTIFF/CA/CA_Lincoln_292318_1953_24000_geo.tif,https://thor-f5.er.usgs.gov/ngtoc/metadata/waf/maps/historicaltopo/pdf/CA/24000/CA_Lincoln_292318_1953_24000_geo.xml,https://www.sciencebase.gov/catalog/item/5a8a3059e4b00f54eb3d22be,5a8a3059e4b00f54eb3d22be
CA_Lincoln_292319_1953_24000,Lincoln,24000,7.5 x 7.5 minute,1953,1953,1967,1949,,1953,,,1908,Y,600 PPI,NAD27,Polyconic,-121.375,38.875,-121.25,39.0,false,8586089,public_domain,https://prd-tnm.s3.amazonaws.com/StagedProducts/Maps/HistoricalTopo/GeoTIFF/CA/CA_Lincoln_292319_1953_24000_geo.tif,https://thor-f5.er.usgs.gov/ngtoc/metadata/waf/maps/historicaltopo/pdf/CA/24000/CA_Lincoln_292319_1953_24000_geo.xml,https://www.sciencebase.gov/catalog/item/5a8a3059e4b00f54eb3d22c1,5a8a3059e4b00f54eb3d22c1
CA_Lincoln_292320_1953_24000,Lincoln,24000,7.5 x 7.5 minute,1953,1973,1976,1973,1973,1953,,,1908,Y,600 PPI,NAD27,Polyconic,-121.375,38.875,-121.25,39.0,false,9725015,public_domain,https://prd-tnm.s3.amazonaws.com/StagedProducts/Maps/HistoricalTopo/GeoTIFF/CA/CA_Lincoln_292320_1953_24000_geo.tif,https://thor-f5.er.usgs.gov/ngtoc/metadata/waf/maps/historicaltopo/pdf/CA/24000/CA_Lincoln_292320_1953_24000_geo.xml,https://www.sciencebase.gov/catalog/item/5a8a3059e4b00f54eb3d22c3,5a8a3059e4b00f54eb3d22c3
CA_Lincoln_292321_1953_24000,Lincoln,24000,7.5 x 7.5 minute,1953,1981,1981,1978,1981,1953,1981,,1908,Y,600 PPI,NAD27,Polyconic,-121.375,38.875,-121.25,39.0,false,9749945,public_domain,https://prd-tnm.s3.amazonaws.com/StagedProducts/Maps/HistoricalTopo/GeoTIFF/CA/CA_Lincoln_292321_1953_24000_geo.tif,https://thor-f5.er.usgs.gov/ngtoc/metadata/waf/maps/historicaltopo/pdf/CA/24000/CA_Lincoln_292321_1953_24000_geo.xml,https://www.sciencebase.gov/catalog/item/5a8a305ae4b00f54eb3d22c5,5a8a305ae4b00f54eb3d22c5
CA_Lincoln_292316_1992_24000,Lincoln,24000,7.5 x 7.5 minute,1992,1992,1997,1992,,,,,1953,Y,600 PPI,NAD83,Universal Transverse Mercator,-121.375,38.875,-121.25,39.0,false,9779991,public_domain,https://prd-tnm.s3.amazonaws.com/StagedProducts/Maps/HistoricalTopo/GeoTIFF/CA/CA_Lincoln_292316_1992_24000_geo.tif,https://thor-f5.er.usgs.gov/ngtoc/metadata/waf/maps/historicaltopo/pdf/CA/24000/CA_Lincoln_292316_1992_24000_geo.xml,https://www.sciencebase.gov/catalog/item/5a8a3059e4b00f54eb3d22b6,5a8a3059e4b00f54eb3d22b6
CA_Lincoln_292317_1992_24000,Lincoln,24000,7.5 x 7.5 minute,1992,1992,2000,1992,,,,,1953,Y,600 PPI,NAD83,Universal Transverse Mercator,-121.375,38.875,-121.25,39.0,false,9699156,public_domain,https://prd-tnm.s3.amazonaws.com/StagedProducts/Maps/HistoricalTopo/GeoTIFF/CA/CA_Lincoln_292317_1992_24000_geo.tif,https://thor-f5.er.usgs.gov/ngtoc/metadata/waf/maps/historicaltopo/pdf/CA/24000/CA_Lincoln_292317_1992_24000_geo.xml,https://www.sciencebase.gov/catalog/item/5a8a3059e4b00f54eb3d22bb,5a8a3059e4b00f54eb3d22bb
CA_Martis_Peak_292774_1955_24000,Martis Peak,24000,7.5 x 7.5 minute,1955,1969,1991,1969,1969,1955,,1973,,Y,600 PPI,NAD27,Polyconic,-120.125,39.25,-120.0,39.375,false,9640997,public_domain,https://prd-tnm.s3.amazonaws.com/StagedProducts/Maps/HistoricalTopo/GeoTIFF/CA/CA_Martis%20Peak_292774_1955_24000_geo.tif,https://thor-f5.er.usgs.gov/ngtoc/metadata/waf/maps/historicaltopo/pdf/CA/24000/CA_Martis_Peak_292774_1955_24000_geo.xml,https://www.sciencebase.gov/catalog/item/5a8a310ee4b00f54eb3d33e4,5a8a310ee4b00f54eb3d33e4
CA_Martis_Peak_292776_1955_24000,Martis Peak,24000,7.5 x 7.5 minute,1955,1977,1971,1969,1977,1955,,,,Y,600 PPI,NAD27,Polyconic,-120.125,39.25,-120.0,39.375,false,9618585,public_domain,https://prd-tnm.s3.amazonaws.com/StagedProducts/Maps/HistoricalTopo/GeoTIFF/CA/CA_Martis%20Peak_292776_1955_24000_geo.tif,https://thor-f5.er.usgs.gov/ngtoc/metadata/waf/maps/historicaltopo/pdf/CA/24000/CA_Martis_Peak_292776_1955_24000_geo.xml,https://www.sciencebase.gov/catalog/item/5a8a310ee4b00f54eb3d33ea,5a8a310ee4b00f54eb3d33ea
CA_Martis_Peak_292777_1955_24000,Martis Peak,24000,7.5 x 7.5 minute,1955,1969,1977,1969,1969,1955,,,,Y,600 PPI,NAD27,Polyconic,-120.125,39.25,-120.0,39.375,false,8453842,public_domain,https://prd-tnm.s3.amazonaws.com/StagedProducts/Maps/HistoricalTopo/GeoTIFF/CA/CA_Martis%20Peak_292777_1955_24000_geo.tif,https://thor-f5.er.usgs.gov/ngtoc/metadata/waf/maps/historicaltopo/pdf/CA/24000/CA_Martis_Peak_292777_1955_24000_geo.xml,https://www.sciencebase.gov/catalog/item/5a8a310fe4b00f54eb3d33f3,5a8a310fe4b00f54eb3d33f3
CA_Martis_Peak_292778_1955_24000,Martis Peak,24000,7.5 x 7.5 minute,1955,1955,1957,1952,,1955,,,,Y,600 PPI,NAD27,Polyconic,-120.125,39.25,-120.0,39.375,false,9774206,public_domain,https://prd-tnm.s3.amazonaws.com/StagedProducts/Maps/HistoricalTopo/GeoTIFF/CA/CA_Martis%20Peak_292778_1955_24000_geo.tif,https://thor-f5.er.usgs.gov/ngtoc/metadata/waf/maps/historicaltopo/pdf/CA/24000/CA_Martis_Peak_292778_1955_24000_geo.xml,https://www.sciencebase.gov/catalog/item/5a8a310fe4b00f54eb3d33f8,5a8a310fe4b00f54eb3d33f8
CA_Martis_Peak_292779_1955_24000,Martis Peak,24000,7.5 x 7.5 minute,1955,1955,1963,1953,,1955,,,,Y,600 PPI,NAD27,Polyconic,-120.125,39.25,-120.0,39.375,false,9730327,public_domain,https://prd-tnm.s3.amazonaws.com/StagedProducts/Maps/HistoricalTopo/GeoTIFF/CA/CA_Martis%20Peak_292779_1955_24000_geo.tif,https://thor-f5.er.usgs.gov/ngtoc/metadata/waf/maps/historicaltopo/pdf/CA/24000/CA_Martis_Peak_292779_1955_24000_geo.xml,https://www.sciencebase.gov/catalog/item/5a8a3110e4b00f54eb3d33ff,5a8a3110e4b00f54eb3d33ff
CA_Martis_Peak_101032_1992_24000,Martis Peak,24000,7.5 x 7.5 minute,1992,1992,1994,1992,,,1994,,,Y,600 PPI,NAD27,Universal Transverse Mercator,-120.125,39.25,-120.0,39.375,false,10839898,public_domain,https://prd-tnm.s3.amazonaws.com/StagedProducts/Maps/HistoricalTopo/GeoTIFF/CA/CA_Martis%20Peak_101032_1992_24000_geo.tif,https://thor-f5.er.usgs.gov/ngtoc/metadata/waf/maps/historicaltopo/pdf/CA/24000/CA_Martis_Peak_101032_1992_24000_geo.xml,https://www.sciencebase.gov/catalog/item/5a8a310ee4b00f54eb3d33de,5a8a310ee4b00f54eb3d33de
CA_Martis_Peak_465916_1992_24000,Martis Peak,24000,7.5 x 7.5 minute,1992,1992,1994,1992,,,1994,,,Y,600 PPI,NAD27,Universal Transverse Mercator,-120.125,39.25,-120.0,39.375,false,8428662,public_domain,https://prd-tnm.s3.amazonaws.com/StagedProducts/Maps/HistoricalTopo/GeoTIFF/CA/CA_Martis%20Peak_465916_1992_24000_geo.tif,https://thor-f5.er.usgs.gov/ngtoc/metadata/waf/maps/historicaltopo/pdf/CA/24000/CA_Martis_Peak_465916_1992_24000_geo.xml,https://www.sciencebase.gov/catalog/item/5df4c64ce4b0cdded7391f69,5df4c64ce4b0cdded7391f69
CA_Meeks_Bay_292847_1955_24000,Meeks Bay,24000,7.5 x 7.5 minute,1955,1955,1963,1953,,1955,,,,Y,600 PPI,NAD27,Polyconic,-120.125,39.0,-120.0,39.125,false,5407826,public_domain,https://prd-tnm.s3.amazonaws.com/StagedProducts/Maps/HistoricalTopo/GeoTIFF/CA/CA_Meeks%20Bay_292847_1955_24000_geo.tif,https://thor-f5.er.usgs.gov/ngtoc/metadata/waf/maps/historicaltopo/pdf/CA/24000/CA_Meeks_Bay_292847_1955_24000_geo.xml,https://www.sciencebase.gov/catalog/item/5a8a312de4b00f54eb3d3647,5a8a312de4b00f54eb3d3647
CA_Meeks_Bay_292848_1955_24000,Meeks Bay,24000,7.5 x 7.5 minute,1955,1955,1956,1953,,1955,,,,Y,600 PPI,NAD27,Polyconic,-120.125,39.0,-120.0,39.125,false,3981824,public_domain,https://prd-tnm.s3.amazonaws.com/StagedProducts/Maps/HistoricalTopo/GeoTIFF/CA/CA_Meeks%20Bay_292848_1955_24000_geo.tif,https://thor-f5.er.usgs.gov/ngtoc/metadata/waf/maps/historicaltopo/pdf/CA/24000/CA_Meeks_Bay_292848_1955_24000_geo.xml,https://www.sciencebase.gov/catalog/item/5a8a312de4b00f54eb3d3650,5a8a312de4b00f54eb3d3650
CA_Meeks_Bay_292849_1955_24000,Meeks Bay,24000,7.5 x 7.5 minute,1955,1969,1971,1969,1969,1955,,,,Y,600 PPI,NAD27,Polyconic,-120.125,39.0,-120.0,39.125,false,7382219,public_domain,https://prd-tnm.s3.amazonaws.com/StagedProducts/Maps/HistoricalTopo/GeoTIFF/CA/CA_Meeks%20Bay_292849_1955_24000_geo.tif,https://thor-f5.er.usgs.gov/ngtoc/metadata/waf/maps/historicaltopo/pdf/CA/24000/CA_Meeks_Bay_292849_1955_24000_geo.xml,https://www.sciencebase.gov/catalog/item/5a8a312de4b00f54eb3d365a,5a8a312de4b00f54eb3d365a
CA_Meeks_Bay_101058_1992_24000,Meeks Bay,24000,7.5 x 7.5 minute,1992,1992,1994,1992,,,1994,,,Y,600 PPI,NAD27,Universal Transverse Mercator,-120.125,39.0,-120.0,39.125,false,10133765,public_domain,https://prd-tnm.s3.amazonaws.com/StagedProducts/Maps/HistoricalTopo/GeoTIFF/CA/CA_Meeks%20Bay_101058_1992_24000_geo.tif,https://thor-f5.er.usgs.gov/ngtoc/metadata/waf/maps/historicaltopo/pdf/CA/24000/CA_Meeks_Bay_101058_1992_24000_geo.xml,https://www.sciencebase.gov/catalog/item/5a8a312ce4b00f54eb3d3640,5a8a312ce4b00f54eb3d3640
CA_Michigan_Bluff_292923_1952_24000,Michigan Bluff,24000,7.5 x 7.5 minute,1952,1973,1995,1973,1973,1952,,,,Y,600 PPI,NAD27,Lambert Conformal Conic,-120.75,39.0,-120.625,39.125,false,14762871,public_domain,https://prd-tnm.s3.amazonaws.com/StagedProducts/Maps/HistoricalTopo/GeoTIFF/CA/CA_Michigan%20Bluff_292923_1952_24000_geo.tif,https://thor-f5.er.usgs.gov/ngtoc/metadata/waf/maps/historicaltopo/pdf/CA/24000/CA_Michigan_Bluff_292923_1952_24000_geo.xml,https://www.sciencebase.gov/catalog/item/5a8a314de4b00f54eb3d395c,5a8a314de4b00f54eb3d395c
CA_Michigan_Bluff_292924_1952_24000,Michigan Bluff,24000,7.5 x 7.5 minute,1952,1973,1995,1973,1973,,,,,Y,600 PPI,NAD27,Lambert Conformal Conic,-120.75,39.0,-120.625,39.125,false,14606840,public_domain,https://prd-tnm.s3.amazonaws.com/StagedProducts/Maps/HistoricalTopo/GeoTIFF/CA/CA_Michigan%20Bluff_292924_1952_24000_geo.tif,https://thor-f5.er.usgs.gov/ngtoc/metadata/waf/maps/historicaltopo/pdf/CA/24000/CA_Michigan_Bluff_292924_1952_24000_geo.xml,https://www.sciencebase.gov/catalog/item/5a8a314de4b00f54eb3d3961,5a8a314de4b00f54eb3d3961
CA_Michigan_Bluff_292926_1952_24000,Michigan Bluff,24000,7.5 x 7.5 minute,1952,1952,1962,1948,,1952,,,,Y,600 PPI,NAD27,Polyconic,-120.75,39.0,-120.625,39.125,false,12769317,public_domain,https://prd-tnm.s3.amazonaws.com/StagedProducts/Maps/HistoricalTopo/GeoTIFF/CA/CA_Michigan%20Bluff_292926_1952_24000_geo.tif,https://thor-f5.er.usgs.gov/ngtoc/metadata/waf/maps/historicaltopo/pdf/CA/24000/CA_Michigan_Bluff_292926_1952_24000_geo.xml,https://www.sciencebase.gov/catalog/item/5a8a314de4b00f54eb3d3974,5a8a314de4b00f54eb3d3974
CA_Michigan_Bluff_292927_1952_24000,Michigan Bluff,24000,7.5 x 7.5 minute,1952,1952,1954,1948,,1952,,,,Y,600 PPI,NAD27,Polyconic,-120.75,39.0,-120.625,39.125,false,13679862,public_domain,https://prd-tnm.s3.amazonaws.com/StagedProducts/Maps/HistoricalTopo/GeoTIFF/CA/CA_Michigan%20Bluff_292927_1952_24000_geo.tif,https://thor-f5.er.usgs.gov/ngtoc/metadata/waf/maps/historicaltopo/pdf/CA/24000/CA_Michigan_Bluff_292927_1952_24000_geo.xml,https://www.sciencebase.gov/catalog/item/5a8a314ee4b00f54eb3d397e,5a8a314ee4b00f54eb3d397e
CA_Michigan_Bluff_292928_1952_24000,Michigan Bluff,24000,7.5 x 7.5 minute,1952,1952,1974,1948,,1952,,,,Y,600 PPI,NAD27,Polyconic,-120.75,39.0,-120.625,39.125,false,11858679,public_domain,https://prd-tnm.s3.amazonaws.com/StagedProducts/Maps/HistoricalTopo/GeoTIFF/CA/CA_Michigan%20Bluff_292928_1952_24000_geo.tif,https://thor-f5.er.usgs.gov/ngtoc/metadata/waf/maps/historicaltopo/pdf/CA/24000/CA_Michigan_Bluff_292928_1952_24000_geo.xml,https://www.sciencebase.gov/catalog/item/5a8a314ee4b00f54eb3d3987,5a8a314ee4b00f54eb3d3987
CA_Michigan_Bluff_292929_1952_24000,Michigan Bluff,24000,7.5 x 7.5 minute,1952,1973,1975,1973,1973,1952,,,,Y,600 PPI,NAD27,Polyconic,-120.75,39.0,-120.625,39.125,false,13916220,public_domain,https://prd-tnm.s3.amazonaws.com/StagedProducts/Maps/HistoricalTopo/GeoTIFF/CA/CA_Michigan%20Bluff_292929_1952_24000_geo.tif,https://thor-f5.er.usgs.gov/ngtoc/metadata/waf/maps/historicaltopo/pdf/CA/24000/CA_Michigan_Bluff_292929_1952_24000_geo.xml,https://www.sciencebase.gov/catalog/item/5a8a314ee4b00f54eb3d398c,5a8a314ee4b00f54eb3d398c
CA_Michigan_Bluff_292930_1952_24000,Michigan Bluff,24000,7.5 x 7.5 minute,1952,1973,1984,1973,1973,1952,,,,Y,600 PPI,NAD27,Polyconic,-120.75,39.0,-120.625,39.125,false,12697963,public_domain,https://prd-tnm.s3.amazonaws.com/StagedProducts/Maps/HistoricalTopo/GeoTIFF/CA/CA_Michigan%20Bluff_292930_1952_24000_geo.tif,https://thor-f5.er.usgs.gov/ngtoc/metadata/waf/maps/historicaltopo/pdf/CA/24000/CA_Michigan_Bluff_292930_1952_24000_geo.xml,https://www.sciencebase.gov/catalog/item/5a8a314ee4b00f54eb3d3996,5a8a314ee4b00f54eb3d3996
CA_Michigan_Bluff_101584_2000_24000,Michigan Bluff,24000,7.5 x 7.5 minute,2000,2000,2003,1998,,,2000,,,Y,600 PPI,NAD27,Lambert Conformal Conic,-120.75,39.0,-120.625,39.125,false,15537007,public_domain,https://prd-tnm.s3.amazonaws.com/StagedProducts/Maps/HistoricalTopo/GeoTIFF/CA/CA_Michigan%20Bluff_101584_2000_24000_geo.tif,https://thor-f5.er.usgs.gov/ngtoc/metadata/waf/maps/historicaltopo/pdf/CA/24000/CA_Michigan_Bluff_101584_2000_24000_geo.xml,https://www.sciencebase.gov/catalog/item/5a8a314de4b00f54eb3d3957,5a8a314de4b00f54eb3d3957
CA_Michigan_Bluff_292925_2000_24000,Michigan Bluff,24000,7.5 x 7.5 minute,2000,2000,2003,1998,,,2000,,,Y,600 PPI,NAD27,Lambert Conformal Conic,-120.75,39.0,-120.625,39.125,false,15650243,public_domain,https://prd-tnm.s3.amazonaws.com/StagedProducts/Maps/HistoricalTopo/GeoTIFF/CA/CA_Michigan%20Bluff_292925_2000_24000_geo.tif,https://thor-f5.er.usgs.gov/ngtoc/metadata/waf/maps/historicaltopo/pdf/CA/24000/CA_Michigan_Bluff_292925_2000_24000_geo.xml,https://www.sciencebase.gov/catalog/item/5a8a314de4b00f54eb3d3968,5a8a314de4b00f54eb3d3968
CA_Nevada_City_293473_1948_24000,Nevada City,24000,7.5 x 7.5 minute,1948,1948,1957,1947,,1948,,,,Y,600 PPI,NAD27,Polyconic,-121.125,39.25,-121.0,39.375,false,13824138,public_domain,https://prd-tnm.s3.amazonaws.com/StagedProducts/Maps/HistoricalTopo/GeoTIFF/CA/CA_Nevada%20City_293473_1948_24000_geo.tif,https://thor-f5.er.usgs.gov/ngtoc/metadata/waf/maps/historicaltopo/pdf/CA/24000/CA_Nevada_City_293473_1948_24000_geo.xml,https://www.sciencebase.gov/catalog/item/5a8a3228e4b00f54eb3d4ebe,5a8a3228e4b00f54eb3d4ebe
CA_Nevada_City_293474_1948_24000,Nevada City,24000,7.5 x 7.5 minute,1948,1948,1966,1947,,1948,,,,Y,600 PPI,NAD27,Polyconic,-121.125,39.25,-121.0,39.375,false,13931071,public_domain,https://prd-tnm.s3.amazonaws.com/StagedProducts/Maps/HistoricalTopo/GeoTIFF/CA/CA_Nevada%20City_293474_1948_24000_geo.tif,https://thor-f5.er.usgs.gov/ngtoc/metadata/waf/maps/historicaltopo/pdf/CA/24000/CA_Nevada_City_293474_1948_24000_geo.xml,https://www.sciencebase.gov/catalog/item/5a8a3229e4b00f54eb3d4ec7,5a8a3229e4b00f54eb3d4ec7
CA_Nevada_City_293476_1948_24000,Nevada City,24000,7.5 x 7.5 minute,1948,1969,1978,1969,1969,1948,,,,Y,600 PPI,NAD27,Polyconic,-121.125,39.25,-121.0,39.375,false,13569747,public_domain,https://prd-tnm.s3.amazonaws.com/StagedProducts/Maps/HistoricalTopo/GeoTIFF/CA/CA_Nevada%20City_293476_1948_24000_geo.tif,https://thor-f5.er.usgs.gov/ngtoc/metadata/waf/maps/historicaltopo/pdf/CA/24000/CA_Nevada_City_293476_1948_24000_geo.xml,https://www.sciencebase.gov/catalog/item/5a8a322ae4b00f54eb3d4edc,5a8a322ae4b00f54eb3d4edc
CA_Nevada_City_293477_1948_24000,Nevada City,24000,7.5 x 7.5 minute,1948,1969,1971,1969,1969,1948,,,,Y,600 PPI,NAD27,Polyconic,-121.125,39.25,-121.0,39.375,false,13864050,public_domain,https://prd-tnm.s3.amazonaws.com/StagedProducts/Maps/HistoricalTopo/GeoTIFF/CA/CA_Nevada%20City_293477_1948_24000_geo.tif,https://thor-f5.er.usgs.gov/ngtoc/metadata/waf/maps/historicaltopo/pdf/CA/24000/CA_Nevada_City_293477_1948_24000_geo.xml,https://www.sciencebase.gov/catalog/item/5a8a322ae4b00f54eb3d4ee4,5a8a322ae4b00f54eb3d4ee4
CA_Nevada_City_293475_1950_24000,Nevada City,24000,7.5 x 7.5 minute,1950,1950,,1947,,1948,,,,Y,600 PPI,NAD27,Polyconic,-121.125,39.25,-121.0,39.375,false,11830355,public_domain,https://prd-tnm.s3.amazonaws.com/StagedProducts/Maps/HistoricalTopo/GeoTIFF/CA/CA_Nevada%20City_293475_1950_24000_geo.tif,https://thor-f5.er.usgs.gov/ngtoc/metadata/waf/maps/historicaltopo/pdf/CA/24000/CA_Nevada_City_293475_1950_24000_geo.xml,https://www.sciencebase.gov/catalog/item/5a8a3229e4b00f54eb3d4ed1,5a8a3229e4b00f54eb3d4ed1
CA_Nevada_City_293470_1995_24000,Nevada City,24000,7.5 x 7.5 minute,1995,1995,1995,1987,,1990,1995,,,Y,600 PPI,NAD27,Lambert Conformal Conic,-121.125,39.25,-121.0,39.375,false,13559260,public_domain,https://prd-tnm.s3.amazonaws.com/StagedProducts/Maps/HistoricalTopo/GeoTIFF/CA/CA_Nevada%20City_293470_1995_24000_geo.tif,https://thor-f5.er.usgs.gov/ngtoc/metadata/waf/maps/historicaltopo/pdf/CA/24000/CA_Nevada_City_293470_1995_24000_geo.xml,https://www.sciencebase.gov/catalog/item/5a8a3228e4b00f54eb3d4ea5,5a8a3228e4b00f54eb3d4ea5
CA_Nevada_City_293471_1995_24000,Nevada City,24000,7.5 x 7.5 minute,1995,1995,1995,1987,,1990,1995,,,Y,600 PPI,NAD27,Lambert Conformal Conic,-121.125,39.25,-121.0,39.375,false,13675516,public_domain,https://prd-tnm.s3.amazonaws.com/StagedProducts/Maps/HistoricalTopo/GeoTIFF/CA/CA_Nevada%20City_293471_1995_24000_geo.tif,https://thor-f5.er.usgs.gov/ngtoc/metadata/waf/maps/historicaltopo/pdf/CA/24000/CA_Nevada_City_293471_1995_24000_geo.xml,https://www.sciencebase.gov/catalog/item/5a8a3228e4b00f54eb3d4ead,5a8a3228e4b00f54eb3d4ead
CA_Nevada_City_293472_2000_24000,Nevada City,24000,7.5 x 7.5 minute,2000,2000,2003,1998,,,2000,,,Y,600 PPI,NAD27,Lambert Conformal Conic,-121.125,39.25,-121.0,39.375,false,15116575,public_domain,https://prd-tnm.s3.amazonaws.com/StagedProducts/Maps/HistoricalTopo/GeoTIFF/CA/CA_Nevada%20City_293472_2000_24000_geo.tif,https://thor-f5.er.usgs.gov/ngtoc/metadata/waf/maps/historicaltopo/pdf/CA/24000/CA_Nevada_City_293472_2000_24000_geo.xml,https://www.sciencebase.gov/catalog/item/5a8a3228e4b00f54eb3d4eb7,5a8a3228e4b00f54eb3d4eb7
CA_Norden_293566_1955_24000,Norden,24000,7.5 x 7.5 minute,1955,1955,1961,1953,,1955,,,,Y,600 PPI,NAD27,Polyconic,-120.375,39.25,-120.25,39.375,false,10866362,public_domain,https://prd-tnm.s3.amazonaws.com/StagedProducts/Maps/HistoricalTopo/GeoTIFF/CA/CA_Norden_293566_1955_24000_geo.tif,https://thor-f5.er.usgs.gov/ngtoc/metadata/waf/maps/historicaltopo/pdf/CA/24000/CA_Norden_293566_1955_24000_geo.xml,https://www.sciencebase.gov/catalog/item/5a8a324fe4b00f54eb3d51cf,5a8a324fe4b00f54eb3d51cf
CA_Norden_293567_1955_24000,Norden,24000,7.5 x 7.5 minute,1955,1955,1957,1953,,1955,,,,Y,600 PPI,NAD27,Polyconic,-120.375,39.25,-120.25,39.375,false,10810204,public_domain,https://prd-tnm.s3.amazonaws.com/StagedProducts/Maps/HistoricalTopo/GeoTIFF/CA/CA_Norden_293567_1955_24000_geo.tif,https://thor-f5.er.usgs.gov/ngtoc/metadata/waf/maps/historicaltopo/pdf/CA/24000/CA_Norden_293567_1955_24000_geo.xml,https://www.sciencebase.gov/catalog/item/5a8a324fe4b00f54eb3d51d5,5a8a324fe4b00f54eb3d51d5
CA_Norden_293568_1955_24000,Norden,24000,7.5 x 7.5 minute,1955,1955,1973,1953,,1955,,,,Y,600 PPI,NAD27,Polyconic,-120.375,39.25,-120.25,39.375,false,10595338,public_domain,https://prd-tnm.s3.amazonaws.com/StagedProducts/Maps/HistoricalTopo/GeoTIFF/CA/CA_Norden_293568_1955_24000_geo.tif,https://thor-f5.er.usgs.gov/ngtoc/metadata/waf/maps/historicaltopo/pdf/CA/24000/CA_Norden_293568_1955_24000_geo.xml,https://www.sciencebase.gov/catalog/item/5a8a324fe4b00f54eb3d51dc,5a8a324fe4b00f54eb3d51dc
CA_Norden_293569_1955_24000,Norden,24000,7.5 x 7.5 minute,1955,1979,1980,1976,1979,1955,1979,,,Y,600 PPI,NAD27,Polyconic,-120.375,39.25,-120.25,39.375,false,9252695,public_domain,https://prd-tnm.s3.amazonaws.com/StagedProducts/Maps/HistoricalTopo/GeoTIFF/CA/CA_Norden_293569_1955_24000_geo.tif,https://thor-f5.er.usgs.gov/ngtoc/metadata/waf/maps/historicaltopo/pdf/CA/24000/CA_Norden_293569_1955_24000_geo.xml,https://www.sciencebase.gov/catalog/item/5a8a3250e4b00f54eb3d51e4,5a8a3250e4b00f54eb3d51e4
CA_Norden_293570_1955_24000,Norden,24000,7.5 x 7.5 minute,1955,1979,1980,1976,1979,1955,1979,,,Y,600 PPI,NAD27,Polyconic,-120.375,39.25,-120.25,39.375,false,10478625,public_domain,https://prd-tnm.s3.amazonaws.com/StagedProducts/Maps/HistoricalTopo/GeoTIFF/CA/CA_Norden_293570_1955_24000_geo.tif,https://thor-f5.er.usgs.gov/ngtoc/metadata/waf/maps/historicaltopo/pdf/CA/24000/CA_Norden_293570_1955_24000_geo.xml,https://www.sciencebase.gov/catalog/item/5a8a3250e4b00f54eb3d51e8,5a8a3250e4b00f54eb3d51e8
CA_Norden_293565_2000_24000,Norden,24000,7.5 x 7.5 minute,2000,2000,2003,1998,,,2000,,,Y,600 PPI,NAD27,Lambert Conformal Conic,-120.375,39.25,-120.25,39.375,false,14263644,public_domain,https://prd-tnm.s3.amazonaws.com/StagedProducts/Maps/HistoricalTopo/GeoTIFF/CA/CA_Norden_293565_2000_24000_geo.tif,https://thor-f5.er.usgs.gov/ngtoc/metadata/waf/maps/historicaltopo/pdf/CA/24000/CA_Norden_293565_2000_24000_geo.xml,https://www.sciencebase.gov/catalog/item/5a8a324fe4b00f54eb3d51c9,5a8a324fe4b00f54eb3d51c9
CA_North_Bloomfield_293572_1949_24000,North Bloomfield,24000,7.5 x 7.5 minute,1949,1949,1957,1946,,1949,,,,Y,600 PPI,NAD27,Polyconic,-121.0,39.25,-120.875,39.375,false,12240232,public_domain,https://prd-tnm.s3.amazonaws.com/StagedProducts/Maps/HistoricalTopo/GeoTIFF/CA/CA_North%20Bloomfield_293572_1949_24000_geo.tif,https://thor-f5.er.usgs.gov/ngtoc/metadata/waf/maps/historicaltopo/pdf/CA/24000/CA_North_Bloomfield_293572_1949_24000_geo.xml,https://www.sciencebase.gov/catalog/item/5a8a3250e4b00f54eb3d51f4,5a8a3250e4b00f54eb3d51f4
CA_North_Bloomfield_293573_1949_24000,North Bloomfield,24000,7.5 x 7.5 minute,1949,1949,1965,1946,,1949,,,,Y,600 PPI,NAD27,Polyconic,-121.0,39.25,-120.875,39.375,false,11496070,public_domain,https://prd-tnm.s3.amazonaws.com/StagedProducts/Maps/HistoricalTopo/GeoTIFF/CA/CA_North%20Bloomfield_293573_1949_24000_geo.tif,https://thor-f5.er.usgs.gov/ngtoc/metadata/waf/maps/historicaltopo/pdf/CA/24000/CA_North_Bloomfield_293573_1949_24000_geo.xml,https://www.sciencebase.gov/catalog/item/5a8a3251e4b00f54eb3d51fa,5a8a3251e4b00f54eb3d51fa
CA_North_Bloomfield_293575_1949_24000,North Bloomfield,24000,7.5 x 7.5 minute,1949,1973,1976,1973,1973,1949,,,,Y,600 PPI,NAD27,Polyconic,-121.0,39.25,-120.875,39.375,false,11529724,public_domain,https://prd-tnm.s3.amazonaws.com/StagedProducts/Maps/HistoricalTopo/GeoTIFF/CA/CA_North%20Bloomfield_293575_1949_24000_geo.tif,https://thor-f5.er.usgs.gov/ngtoc/metadata/waf/maps/historicaltopo/pdf/CA/24000/CA_North_Bloomfield_293575_1949_24000_geo.xml,https://www.sciencebase.gov/catalog/item/5a8a3251e4b00f54eb3d5205,5a8a3251e4b00f54eb3d5205
CA_North_Bloomfield_293576_1949_24000,North Bloomfield,24000,7.5 x 7.5 minute,1949,1979,1980,1976,1979,1949,1979,,,Y,600 PPI,NAD27,Polyconic,-121.0,39.25,-120.875,39.375,false,11154806,public_domain,https://prd-tnm.s3.amazonaws.com/StagedProducts/Maps/HistoricalTopo/GeoTIFF/CA/CA_North%20Bloomfield_293576_1949_24000_geo.tif,https://thor-f5.er.usgs.gov/ngtoc/metadata/waf/maps/historicaltopo/pdf/CA/24000/CA_North_Bloomfield_293576_1949_24000_geo.xml,https://www.sciencebase.gov/catalog/item/5a8a3251e4b00f54eb3d520a,5a8a3251e4b00f54eb3d520a
CA_North_Bloomfield_293577_1949_24000,North Bloomfield,24000,7.5 x 7.5 minute,1949,1979,1980,1976,1979,1949,1979,,,Y,600 PPI,NAD27,Polyconic,-121.0,39.25,-120.875,39.375,false,13263189,public_domain,https://prd-tnm.s3.amazonaws.com/StagedProducts/Maps/HistoricalTopo/GeoTIFF/CA/CA_North%20Bloomfield_293577_1949_24000_geo.tif,https://thor-f5.er.usgs.gov/ngtoc/metadata/waf/maps/historicaltopo/pdf/CA/24000/CA_North_Bloomfield_293577_1949_24000_geo.xml,https://www.sciencebase.gov/catalog/item/5a8a3251e4b00f54eb3d5210,5a8a3251e4b00f54eb3d5210
CA_North_Bloomfield_293574_1951_24000,North Bloomfield,24000,7.5 x 7.5 minute,1951,1951,,1946,,1949,,,,Y,600 PPI,NAD27,Polyconic,-121.0,39.25,-120.875,39.375,false,11494155,public_domain,https://prd-tnm.s3.amazonaws.com/StagedProducts/Maps/HistoricalTopo/GeoTIFF/CA/CA_North%20Bloomfield_293574_1951_24000_geo.tif,https://thor-f5.er.usgs.gov/ngtoc/metadata/waf/maps/historicaltopo/pdf/CA/24000/CA_North_Bloomfield_293574_1951_24000_geo.xml,https://www.sciencebase.gov/catalog/item/5a8a3251e4b00f54eb3d51fe,5a8a3251e4b00f54eb3d51fe
CA_North_Bloomfield_293571_2000_24000,North Bloomfield,24000,7.5 x 7.5 minute,2000,2000,2003,1998,,,2000,,,Y,600 PPI,NAD27,Lambert Conformal Conic,-121.0,39.25,-120.875,39.375,false,13328684,public_domain,https://prd-tnm.s3.amazonaws.com/StagedProducts/Maps/HistoricalTopo/GeoTIFF/CA/CA_North%20Bloomfield_293571_2000_24000_geo.tif,https://thor-f5.er.usgs.gov/ngtoc/metadata/waf/maps/historicaltopo/pdf/CA/24000/CA_North_Bloomfield_293571_2000_24000_geo.xml,https://www.sciencebase.gov/catalog/item/5a8a3250e4b00f54eb3d51ef,5a8a3250e4b00f54eb3d51ef
CA_Oregon_House_293765_1948_24000,Oregon House,24000,7.5 x 7.5 minute,1948,1948,1956,1947,,1948,,,,Y,600 PPI,NAD27,Polyconic,-121.375,39.25,-121.25,39.375,false,12864249,public_domain,https://prd-tnm.s3.amazonaws.com/StagedProducts/Maps/HistoricalTopo/GeoTIFF/CA/CA_Oregon%20House_293765_1948_24000_geo.tif,https://thor-f5.er.usgs.gov/ngtoc/metadata/waf/maps/historicaltopo/pdf/CA/24000/CA_Oregon_House_293765_1948_24000_geo.xml,https://www.sciencebase.gov/catalog/item/5a8a329de4b00f54eb3d5877,5a8a329de4b00f54eb3d5877
CA_Oregon_House_293767_1948_24000,Oregon House,24000,7.5 x 7.5 minute,1948,1969,1971,1969,1969,1948,,,,Y,600 PPI,NAD27,Polyconic,-121.375,39.25,-121.25,39.375,false,13539113,public_domain,https://prd-tnm.s3.amazonaws.com/StagedProducts/Maps/HistoricalTopo/GeoTIFF/CA/CA_Oregon%20House_293767_1948_24000_geo.tif,https://thor-f5.er.usgs.gov/ngtoc/metadata/waf/maps/historicaltopo/pdf/CA/24000/CA_Oregon_House_293767_1948_24000_geo.xml,https://www.sciencebase.gov/catalog/item/5a8a329ee4b00f54eb3d588c,5a8a329ee4b00f54eb3d588c
CA_Oregon_House_293768_1948_24000,Oregon House,24000,7.5 x 7.5 minute,1948,1969,1978,1969,1969,1948,,,,Y,600 PPI,NAD27,Polyconic,-121.375,39.25,-121.25,39.375,false,12318219,public_domain,https://prd-tnm.s3.amazonaws.com/StagedProducts/Maps/HistoricalTopo/GeoTIFF/CA/CA_Oregon%20House_293768_1948_24000_geo.tif,https://thor-f5.er.usgs.gov/ngtoc/metadata/waf/maps/historicaltopo/pdf/CA/24000/CA_Oregon_House_293768_1948_24000_geo.xml,https://www.sciencebase.gov/catalog/item/5a8a329ee4b00f54eb3d5896,5a8a329ee4b00f54eb3d5896
CA_Oregon_House_293766_1950_24000,Oregon House,24000,7.5 x 7.5 minute,1950,1950,,1947,,1948,,,,Y,600 PPI,NAD27,Polyconic,-121.375,39.25,-121.25,39.375,false,10941561,public_domain,https://prd-tnm.s3.amazonaws.com/StagedProducts/Maps/HistoricalTopo/GeoTIFF/CA/CA_Oregon%20House_293766_1950_24000_geo.tif,https://thor-f5.er.usgs.gov/ngtoc/metadata/waf/maps/historicaltopo/pdf/CA/24000/CA_Oregon_House_293766_1950_24000_geo.xml,https://www.sciencebase.gov/catalog/item/5a8a329ee4b00f54eb3d5880,5a8a329ee4b00f54eb3d5880
CA_Oregon_House_293764_1995_24000,Oregon House,24000,7.5 x 7.5 minute,1995,1995,1995,1987,,1990,1995,,,Y,600 PPI,NAD27,Lambert Conformal Conic,-121.375,39.25,-121.25,39.375,false,12954905,public_domain,https://prd-tnm.s3.amazonaws.com/StagedProducts/Maps/HistoricalTopo/GeoTIFF/CA/CA_Oregon%20House_293764_1995_24000_geo.tif,https://thor-f5.er.usgs.gov/ngtoc/metadata/waf/maps/historicaltopo/pdf/CA/24000/CA_Oregon_House_293764_1995_24000_geo.xml,https://www.sciencebase.gov/catalog/item/5a8a329de4b00f54eb3d586d,5a8a329de4b00f54eb3d586d
CA_Pike_294134_1949_24000,Pike,24000,7.5 x 7.5 minute,1949,1949,1960,1946,,1949,,,,Y,600 PPI,NAD27,Polyconic,-121.0,39.375,-120.875,39.5,false,12968419,public_domain,https://prd-tnm.s3.amazonaws.com/StagedProducts/Maps/HistoricalTopo/GeoTIFF/CA/CA_Pike_294134_1949_24000_geo.tif,https://thor-f5.er.usgs.gov/ngtoc/metadata/waf/maps/historicaltopo/pdf/CA/24000/CA_Pike_294134_1949_24000_geo.xml,https://www.sciencebase.gov/catalog/item/5a8a3321e4b00f54eb3d6682,5a8a3321e4b00f54eb3d6682
CA_Pike_294135_1949_24000,Pike,24000,7.5 x 7.5 minute,1949,1949,1971,1946,,1949,,,,Y,600 PPI,NAD27,Polyconic,-121.0,39.375,-120.875,39.5,false,12528224,public_domain,https://prd-tnm.s3.amazonaws.com/StagedProducts/Maps/HistoricalTopo/GeoTIFF/CA/CA_Pike_294135_1949_24000_geo.tif,https://thor-f5.er.usgs.gov/ngtoc/metadata/waf/maps/historicaltopo/pdf/CA/24000/CA_Pike_294135_1949_24000_geo.xml,https://www.sciencebase.gov/catalog/item/5a8a3321e4b00f54eb3d6688,5a8a3321e4b00f54eb3d6688
CA_Pike_294137_1949_24000,Pike,24000,7.5 x 7.5 minute,1949,1975,1978,1975,1975,1949,,,,Y,600 PPI,NAD27,Polyconic,-121.0,39.375,-120.875,39.5,false,11446086,public_domain,https://prd-tnm.s3.amazonaws.com/StagedProducts/Maps/HistoricalTopo/GeoTIFF/CA/CA_Pike_294137_1949_24000_geo.tif,https://thor-f5.er.usgs.gov/ngtoc/metadata/waf/maps/historicaltopo/pdf/CA/24000/CA_Pike_294137_1949_24000_geo.xml,https://www.sciencebase.gov/catalog/item/5a8a3322e4b00f54eb3d6694,5a8a3322e4b00f54eb3d6694
CA_Pike_294136_1951_24000,Pike,24000,7.5 x 7.5 minute,1951,1951,1951,1946,,1949,,,,Y,600 PPI,NAD27,Polyconic,-121.0,39.375,-120.875,39.5,false,11533945,public_domain,https://prd-tnm.s3.amazonaws.com/StagedProducts/Maps/HistoricalTopo/GeoTIFF/CA/CA_Pike_294136_1951_24000_geo.tif,https://thor-f5.er.usgs.gov/ngtoc/metadata/waf/maps/historicaltopo/pdf/CA/24000/CA_Pike_294136_1951_24000_geo.xml,https://www.sciencebase.gov/catalog/item/5a8a3321e4b00f54eb3d668e,5a8a3321e4b00f54eb3d668e
CA_Pike_466138_1951_24000,Pike,24000,7.5 x 7.5 minute,1951,1951,,1946,,1949,,,,N,600 PPI,NAD27,Polyconic,-121.0,39.375,-120.875,39.5,false,8749824,public_domain,https://prd-tnm.s3.amazonaws.com/StagedProducts/Maps/HistoricalTopo/GeoTIFF/CA/CA_Pike_466138_1951_24000_geo.tif,https://thor-f5.er.usgs.gov/ngtoc/metadata/waf/maps/historicaltopo/pdf/CA/24000/CA_Pike_466138_1951_24000_geo.xml,https://www.sciencebase.gov/catalog/item/5e0659e0e4b0b207aa0b4b4c,5e0659e0e4b0b207aa0b4b4c
CA_Pike_101786_2000_24000,Pike,24000,7.5 x 7.5 minute,2000,2000,2003,1998,,,2000,,,Y,600 PPI,NAD27,Lambert Conformal Conic,-121.0,39.375,-120.875,39.5,false,14493851,public_domain,https://prd-tnm.s3.amazonaws.com/StagedProducts/Maps/HistoricalTopo/GeoTIFF/CA/CA_Pike_101786_2000_24000_geo.tif,https://thor-f5.er.usgs.gov/ngtoc/metadata/waf/maps/historicaltopo/pdf/CA/24000/CA_Pike_101786_2000_24000_geo.xml,https://www.sciencebase.gov/catalog/item/5a8a3321e4b00f54eb3d667f,5a8a3321e4b00f54eb3d667f
CA_Pilot_Hill_101788_1954_24000,Pilot Hill,24000,7.5 x 7.5 minute,1954,1973,1986,1973,1973,,,1978,,Y,600 PPI,NAD27,Polyconic,-121.125,38.75,-121.0,38.875,false,12843033,public_domain,https://prd-tnm.s3.amazonaws.com/StagedProducts/Maps/HistoricalTopo/GeoTIFF/CA/CA_Pilot%20Hill_101788_1954_24000_geo.tif,https://thor-f5.er.usgs.gov/ngtoc/metadata/waf/maps/historicaltopo/pdf/CA/24000/CA_Pilot_Hill_101788_1954_24000_geo.xml,https://www.sciencebase.gov/catalog/item/5a8a3322e4b00f54eb3d66a5,5a8a3322e4b00f54eb3d66a5
CA_Pilot_Hill_294141_1954_24000,Pilot Hill,24000,7.5 x 7.5 minute,1954,1954,1955,1952,,1954,,,,Y,600 PPI,NAD27,Polyconic,-121.125,38.75,-121.0,38.875,false,11025324,public_domain,https://prd-tnm.s3.amazonaws.com/StagedProducts/Maps/HistoricalTopo/GeoTIFF/CA/CA_Pilot%20Hill_294141_1954_24000_geo.tif,https://thor-f5.er.usgs.gov/ngtoc/metadata/waf/maps/historicaltopo/pdf/CA/24000/CA_Pilot_Hill_294141_1954_24000_geo.xml,https://www.sciencebase.gov/catalog/item/5a8a3322e4b00f54eb3d66ac,5a8a3322e4b00f54eb3d66ac
CA_Pilot_Hill_294142_1954_24000,Pilot Hill,24000,7.5 x 7.5 minute,1954,1954,1960,1952,,1954,,,,Y,600 PPI,NAD27,Polyconic,-121.125,38.75,-121.0,38.875,false,12777015,public_domain,https://prd-tnm.s3.amazonaws.com/StagedProducts/Maps/HistoricalTopo/GeoTIFF/CA/CA_Pilot%20Hill_294142_1954_24000_geo.tif,https://thor-f5.er.usgs.gov/ngtoc/metadata/waf/maps/historicaltopo/pdf/CA/24000/CA_Pilot_Hill_294142_1954_24000_geo.xml,https://www.sciencebase.gov/catalog/item/5a8a3323e4b00f54eb3d66b4,5a8a3323e4b00f54eb3d66b4
CA_Pilot_Hill_294143_1954_24000,Pilot Hill,24000,7.5 x 7.5 minute,1954,1973,1976,1973,1973,1954,,,,Y,600 PPI,NAD27,Polyconic,-121.125,38.75,-121.0,38.875,false,11778221,public_domain,https://prd-tnm.s3.amazonaws.com/StagedProducts/Maps/HistoricalTopo/GeoTIFF/CA/CA_Pilot%20Hill_294143_1954_24000_geo.tif,https://thor-f5.er.usgs.gov/ngtoc/metadata/waf/maps/historicaltopo/pdf/CA/24000/CA_Pilot_Hill_294143_1954_24000_geo.xml,https://www.sciencebase.gov/catalog/item/5a8a3323e4b00f54eb3d66b7,5a8a3323e4b00f54eb3d66b7
CA_Pleasant_Grove_294237_1953_24000,Pleasant Grove,24000,7.5 x 7.5 minute,1953,1953,1954,1949,,,,,1953,Y,600 PPI,NAD27,Polyconic,-121.5,38.75,-121.375,38.875,false,6309230,public_domain,https://prd-tnm.s3.amazonaws.com/StagedProducts/Maps/HistoricalTopo/GeoTIFF/CA/CA_Pleasant%20Grove_294237_1953_24000_geo.tif,https://thor-f5.er.usgs.gov/ngtoc/metadata/waf/maps/historicaltopo/pdf/CA/24000/CA_Pleasant_Grove_294237_1953_24000_geo.xml,https://www.sciencebase.gov/catalog/item/5a8a3343e4b00f54eb3d6a8a,5a8a3343e4b00f54eb3d6a8a
CA_Pleasant_Grove_294238_1953_24000,Pleasant Grove,24000,7.5 x 7.5 minute,1953,1953,1962,1949,,,,,1953,Y,600 PPI,NAD27,Polyconic,-121.5,38.75,-121.375,38.875,false,5980674,public_domain,https://prd-tnm.s3.amazonaws.com/StagedProducts/Maps/HistoricalTopo/GeoTIFF/CA/CA_Pleasant%20Grove_294238_1953_24000_geo.tif,https://thor-f5.er.usgs.gov/ngtoc/metadata/waf/maps/historicaltopo/pdf/CA/24000/CA_Pleasant_Grove_294238_1953_24000_geo.xml,https://www.sciencebase.gov/catalog/item/5a8a3343e4b00f54eb3d6a8f,5a8a3343e4b00f54eb3d6a8f
CA_Pleasant_Grove_294239_1967_24000,Pleasant Grove,24000,7.5 x 7.5 minute,1967,1967,1968,1966,,1967,,,1953,Y,600 PPI,NAD27,Polyconic,-121.5,38.75,-121.375,38.875,false,5397865,public_domain,https://prd-tnm.s3.amazonaws.com/StagedProducts/Maps/HistoricalTopo/GeoTIFF/CA/CA_Pleasant%20Grove_294239_1967_24000_geo.tif,https://thor-f5.er.usgs.gov/ngtoc/metadata/waf/maps/historicaltopo/pdf/CA/24000/CA_Pleasant_Grove_294239_1967_24000_geo.xml,https://www.sciencebase.gov/catalog/item/5a8a3343e4b00f54eb3d6a96,5a8a3343e4b00f54eb3d6a96
CA_Pleasant_Grove_294240_1967_24000,Pleasant Grove,24000,7.5 x 7.5 minute,1967,1981,1981,1978,1981,1967,1981,,1953,Y,600 PPI,NAD27,Polyconic,-121.5,38.75,-121.375,38.875,false,6656233,public_domain,https://prd-tnm.s3.amazonaws.com/StagedProducts/Maps/HistoricalTopo/GeoTIFF/CA/CA_Pleasant%20Grove_294240_1967_24000_geo.tif,https://thor-f5.er.usgs.gov/ngtoc/metadata/waf/maps/historicaltopo/pdf/CA/24000/CA_Pleasant_Grove_294240_1967_24000_geo.xml,https://www.sciencebase.gov/catalog/item/5a8a3343e4b00f54eb3d6a9b,5a8a3343e4b00f54eb3d6a9b
CA_Rio_Linda_294698_1950_24000,Rio Linda,24000,7.5 x 7.5 minute,1950,1950,1955,1947,,,,,1950,Y,600 PPI,NAD27,Polyconic,-121.5,38.625,-121.375,38.75,false,9349228,public_domain,https://prd-tnm.s3.amazonaws.com/StagedProducts/Maps/HistoricalTopo/GeoTIFF/CA/CA_Rio%20Linda_294698_1950_24000_geo.tif,https://thor-f5.er.usgs.gov/ngtoc/metadata/waf/maps/historicaltopo/pdf/CA/24000/CA_Rio_Linda_294698_1950_24000_geo.xml,https://www.sciencebase.gov/catalog/item/5a8a33bee4b00f54eb3d7c3b,5a8a33bee4b00f54eb3d7c3b
CA_Rio_Linda_294699_1951_24000,Rio Linda,24000,7.5 x 7.5 minute,1951,1951,,1947,,,,,1950,Y,600 PPI,NAD27,Polyconic,-121.5,38.625,-121.375,38.75,false,9774631,public_domain,https://prd-tnm.s3.amazonaws.com/StagedProducts/Maps/HistoricalTopo/GeoTIFF/CA/CA_Rio%20Linda_294699_1951_24000_geo.tif,https://thor-f5.er.usgs.gov/ngtoc/metadata/waf/maps/historicaltopo/pdf/CA/24000/CA_Rio_Linda_294699_1951_24000_geo.xml,https://www.sciencebase.gov/catalog/item/5a8a33bee4b00f54eb3d7c41,5a8a33bee4b00f54eb3d7c41
CA_Rio_Linda_294696_1967_24000,Rio Linda,24000,7.5 x 7.5 minute,1967,1980,1983,1978,1980,1967,1980,,,Y,600 PPI,NAD27,Polyconic,-121.5,38.625,-121.375,38.75,false,10278551,public_domain,https://prd-tnm.s3.amazonaws.com/StagedProducts/Maps/HistoricalTopo/GeoTIFF/CA/CA_Rio%20Linda_294696_1967_24000_geo.tif,https://thor-f5.er.usgs.gov/ngtoc/metadata/waf/maps/historicaltopo/pdf/CA/24000/CA_Rio_Linda_294696_1967_24000_geo.xml,https://www.sciencebase.gov/catalog/item/5a8a33bde4b00f54eb3d7c36,5a8a33bde4b00f54eb3d7c36
CA_Rio_Linda_294700_1967_24000,Rio Linda,24000,7.5 x 7.5 minute,1967,1967,1968,1966,,1967,,,1950,Y,600 PPI,NAD27,Polyconic,-121.5,38.625,-121.375,38.75,false,9039568,public_domain,https://prd-tnm.s3.amazonaws.com/StagedProducts/Maps/HistoricalTopo/GeoTIFF/CA/CA_Rio%20Linda_294700_1967_24000_geo.tif,https://thor-f5.er.usgs.gov/ngtoc/metadata/waf/maps/historicaltopo/pdf/CA/24000/CA_Rio_Linda_294700_1967_24000_geo.xml,https://www.sciencebase.gov/catalog/item/5a8a33bee4b00f54eb3d7c47,5a8a33bee4b00f54eb3d7c47
CA_Rio_Linda_294701_1967_24000,Rio Linda,24000,7.5 x 7.5 minute,1967,1975,1976,1975,1975,1967,,,1950,Y,600 PPI,NAD27,Polyconic,-121.5,38.625,-121.375,38.75,false,8901495,public_domain,https://prd-tnm.s3.amazonaws.com/StagedProducts/Maps/HistoricalTopo/GeoTIFF/CA/CA_Rio%20Linda_294701_1967_24000_geo.tif,https://thor-f5.er.usgs.gov/ngtoc/metadata/waf/maps/historicaltopo/pdf/CA/24000/CA_Rio_Linda_294701_1967_24000_geo.xml,https://www.sciencebase.gov/catalog/item/5a8a33bee4b00f54eb3d7c4e,5a8a33bee4b00f54eb3d7c4e
CA_Rio_Linda_294703_1967_24000,Rio Linda,24000,7.5 x 7.5 minute,1967,1980,1983,1978,1980,1967,1980,,1950,Y,600 PPI,NAD27,Polyconic,-121.5,38.625,-121.375,38.75,false,9949301,public_domain,https://prd-tnm.s3.amazonaws.com/StagedProducts/Maps/HistoricalTopo/GeoTIFF/CA/CA_Rio%20Linda_294703_1967_24000_geo.tif,https://thor-f5.er.usgs.gov/ngtoc/metadata/waf/maps/historicaltopo/pdf/CA/24000/CA_Rio_Linda_294703_1967_24000_geo.xml,https://www.sciencebase.gov/catalog/item/5a8a33bee4b00f54eb3d7c59,5a8a33bee4b00f54eb3d7c59
CA_Rio_Linda_466234_1967_24000,Rio Linda,24000,7.5 x 7.5 minute,1967,1980,1980,1978,1980,1967,1980,,1950,Y,600 PPI,NAD27,Polyconic,-121.5,38.625,-121.375,38.75,false,7877396,public_domain,https://prd-tnm.s3.amazonaws.com/StagedProducts/Maps/HistoricalTopo/GeoTIFF/CA/CA_Rio%20Linda_466234_1967_24000_geo.tif,https://thor-f5.er.usgs.gov/ngtoc/metadata/waf/maps/historicaltopo/pdf/CA/24000/CA_Rio_Linda_466234_1967_24000_geo.xml,https://www.sciencebase.gov/catalog/item/5e148e57e4b0ecf25c55b133,5e148e57e4b0ecf25c55b133
CA_Rio_Linda_294702_1975_24000,Rio Linda,24000,7.5 x 7.5 minute,1975,1975,1978,1975,,,,,,N,600 PPI,NAD27,Lambert Conformal Conic,-121.5,38.625,-121.375,38.75,false,14133179,public_domain,https://prd-tnm.s3.amazonaws.com/StagedProducts/Maps/HistoricalTopo/GeoTIFF/CA/CA_Rio%20Linda_294702_1975_24000_geo.tif,https://thor-f5.er.usgs.gov/ngtoc/metadata/waf/maps/historicaltopo/pdf/CA/24000/CA_Rio_Linda_294702_1975_24000_geo.xml,https://www.sciencebase.gov/catalog/item/5a8a33bee4b00f54eb3d7c54,5a8a33bee4b00f54eb3d7c54
CA_Rio_Linda_101904_1992_24000,Rio Linda,24000,7.5 x 7.5 minute,1992,1992,1997,1992,,,,,,Y,600 PPI,NAD83,Universal Transverse Mercator,-121.5,38.625,-121.375,38.75,false,10033625,public_domain,https://prd-tnm.s3.amazonaws.com/StagedProducts/Maps/HistoricalTopo/GeoTIFF/CA/CA_Rio%20Linda_101904_1992_24000_geo.tif,https://thor-f5.er.usgs.gov/ngtoc/metadata/waf/maps/historicaltopo/pdf/CA/24000/CA_Rio_Linda_101904_1992_24000_geo.xml,https://www.sciencebase.gov/catalog/item/5a8a33bde4b00f54eb3d7c30,5a8a33bde4b00f54eb3d7c30
CA_Robbs_Peak_101915_1950_24000,Robbs Peak,24000,7.5 x 7.5 minute,1950,1973,1987,1973,1973,,,,,Y,600 PPI,NAD27,Polyconic,-120.5,38.875,-120.375,39.0,false,13433667,public_domain,https://prd-tnm.s3.amazonaws.com/StagedProducts/Maps/HistoricalTopo/GeoTIFF/CA/CA_Robbs%20Peak_101915_1950_24000_geo.tif,https://thor-f5.er.usgs.gov/ngtoc/metadata/waf/maps/historicaltopo/pdf/CA/24000/CA_Robbs_Peak_101915_1950_24000_geo.xml,https://www.sciencebase.gov/catalog/item/5a8a33cce4b00f54eb3d7e73,5a8a33cce4b00f54eb3d7e73
CA_Robbs_Peak_294755_1950_24000,Robbs Peak,24000,7.5 x 7.5 minute,1950,1973,1987,1973,1973,1950,,,,Y,600 PPI,NAD27,Polyconic,-120.5,38.875,-120.375,39.0,false,13181475,public_domain,https://prd-tnm.s3.amazonaws.com/StagedProducts/Maps/HistoricalTopo/GeoTIFF/CA/CA_Robbs%20Peak_294755_1950_24000_geo.tif,https://thor-f5.er.usgs.gov/ngtoc/metadata/waf/maps/historicaltopo/pdf/CA/24000/CA_Robbs_Peak_294755_1950_24000_geo.xml,https://www.sciencebase.gov/catalog/item/5a8a33cde4b00f54eb3d7e78,5a8a33cde4b00f54eb3d7e78
CA_Robbs_Peak_294757_1950_24000,Robbs Peak,24000,7.5 x 7.5 minute,1950,1950,1958,1948,,1950,,,,Y,600 PPI,NAD27,Polyconic,-120.5,38.875,-120.375,39.0,false,12787715,public_domain,https://prd-tnm.s3.amazonaws.com/StagedProducts/Maps/HistoricalTopo/GeoTIFF/CA/CA_Robbs%20Peak_294757_1950_24000_geo.tif,https://thor-f5.er.usgs.gov/ngtoc/metadata/waf/maps/historicaltopo/pdf/CA/24000/CA_Robbs_Peak_294757_1950_24000_geo.xml,https://www.sciencebase.gov/catalog/item/5a8a33cde4b00f54eb3d7e7d,5a8a33cde4b00f54eb3d7e7d
CA_Robbs_Peak_294758_1950_24000,Robbs Peak,24000,7.5 x 7.5 minute,1950,1950,1952,1948,,1950,,,,Y,600 PPI,NAD27,Polyconic,-120.5,38.875,-120.375,39.0,false,11286192,public_domain,https://prd-tnm.s3.amazonaws.com/StagedProducts/Maps/HistoricalTopo/GeoTIFF/CA/CA_Robbs%20Peak_294758_1950_24000_geo.tif,https://thor-f5.er.usgs.gov/ngtoc/metadata/waf/maps/historicaltopo/pdf/CA/24000/CA_Robbs_Peak_294758_1950_24000_geo.xml,https://www.sciencebase.gov/catalog/item/5a8a33cde4b00f54eb3d7e83,5a8a33cde4b00f54eb3d7e83
CA_Robbs_Peak_294759_1950_24000,Robbs Peak,24000,7.5 x 7.5 minute,1950,1950,1964,1948,,1950,,,,Y,600 PPI,NAD27,Polyconic,-120.5,38.875,-120.375,39.0,false,11425901,public_domain,https://prd-tnm.s3.amazonaws.com/StagedProducts/Maps/HistoricalTopo/GeoTIFF/CA/CA_Robbs%20Peak_294759_1950_24000_geo.tif,https://thor-f5.er.usgs.gov/ngtoc/metadata/waf/maps/historicaltopo/pdf/CA/24000/CA_Robbs_Peak_294759_1950_24000_geo.xml,https://www.sciencebase.gov/catalog/item/5a8a33cde4b00f54eb3d7e89,5a8a33cde4b00f54eb3d7e89
CA_Robbs_Peak_294760_1950_24000,Robbs Peak,24000,7.5 x 7.5 minute,1950,1973,1975,1973,1973,1950,,,,Y,600 PPI,NAD27,Polyconic,-120.5,38.875,-120.375,39.0,false,12854151,public_domain,https://prd-tnm.s3.amazonaws.com/StagedProducts/Maps/HistoricalTopo/GeoTIFF/CA/CA_Robbs%20Peak_294760_1950_24000_geo.tif,https://thor-f5.er.usgs.gov/ngtoc/metadata/waf/maps/historicaltopo/pdf/CA/24000/CA_Robbs_Peak_294760_1950_24000_geo.xml,https://www.sciencebase.gov/catalog/item/5a8a33cde4b00f54eb3d7e8e,5a8a33cde4b00f54eb3d7e8e
CA_Rocklin_294771_1954_24000,Rocklin,24000,7.5 x 7.5 minute,1954,1954,1955,1952,,1954,,,,Y,600 PPI,NAD27,Polyconic,-121.25,38.75,-121.125,38.875,false,10686071,public_domain,https://prd-tnm.s3.amazonaws.com/StagedProducts/Maps/HistoricalTopo/GeoTIFF/CA/CA_Rocklin_294771_1954_24000_geo.tif,https://thor-f5.er.usgs.gov/ngtoc/metadata/waf/maps/historicaltopo/pdf/CA/24000/CA_Rocklin_294771_1954_24000_geo.xml,https://www.sciencebase.gov/catalog/item/5a8a33d6e4b00f54eb3d7fb1,5a8a33d6e4b00f54eb3d7fb1
CA_Rocklin_294772_1954_24000,Rocklin,24000,7.5 x 7.5 minute,1954,1954,1961,1952,,1954,,,,Y,600 PPI,NAD27,Polyconic,-121.25,38.75,-121.125,38.875,false,11650152,public_domain,https://prd-tnm.s3.amazonaws.com/StagedProducts/Maps/HistoricalTopo/GeoTIFF/CA/CA_Rocklin_294772_1954_24000_geo.tif,https://thor-f5.er.usgs.gov/ngtoc/metadata/waf/maps/historicaltopo/pdf/CA/24000/CA_Rocklin_294772_1954_24000_geo.xml,https://www.sciencebase.gov/catalog/item/5a8a33d6e4b00f54eb3d7fb8,5a8a33d6e4b00f54eb3d7fb8
CA_Rocklin_101920_1967_24000,Rocklin,24000,7.5 x 7.5 minute,1967,1981,1981,1978,1981,,1981,,,Y,600 PPI,NAD27,Polyconic,-121.25,38.75,-121.125,38.875,false,11821003,public_domain,https://prd-tnm.s3.amazonaws.com/StagedProducts/Maps/HistoricalTopo/GeoTIFF/CA/CA_Rocklin_101920_1967_24000_geo.tif,https://thor-f5.er.usgs.gov/ngtoc/metadata/waf/maps/historicaltopo/pdf/CA/24000/CA_Rocklin_101920_1967_24000_geo.xml,https://www.sciencebase.gov/catalog/item/5a8a33d6e4b00f54eb3d7fa9,5a8a33d6e4b00f54eb3d7fa9
CA_Rocklin_294773_1967_24000,Rocklin,24000,7.5 x 7.5 minute,1967,1967,1968,1966,,1967,,,,Y,600 PPI,NAD27,Polyconic,-121.25,38.75,-121.125,38.875,false,10911855,public_domain,https://prd-tnm.s3.amazonaws.com/StagedProducts/Maps/HistoricalTopo/GeoTIFF/CA/CA_Rocklin_294773_1967_24000_geo.tif,https://thor-f5.er.usgs.gov/ngtoc/metadata/waf/maps/historicaltopo/pdf/CA/24000/CA_Rocklin_294773_1967_24000_geo.xml,https://www.sciencebase.gov/catalog/item/5a8a33d6e4b00f54eb3d7fbf,5a8a33d6e4b00f54eb3d7fbf
CA_Rocklin_294774_1967_24000,Rocklin,24000,7.5 x 7.5 minute,1967,1981,1981,1978,1981,1967,1981,,,Y,600 PPI,NAD27,Polyconic,-121.25,38.75,-121.125,38.875,false,11608883,public_domain,https://prd-tnm.s3.amazonaws.com/StagedProducts/Maps/HistoricalTopo/GeoTIFF/CA/CA_Rocklin_294774_1967_24000_geo.tif,https://thor-f5.er.usgs.gov/ngtoc/metadata/waf/maps/historicaltopo/pdf/CA/24000/CA_Rocklin_294774_1967_24000_geo.xml,https://www.sciencebase.gov/catalog/item/5a8a33d7e4b00f54eb3d7fc7,5a8a33d7e4b00f54eb3d7fc7
CA_Roseville_294820_1953_24000,Roseville,24000,7.5 x 7.5 minute,1953,1953,1955,1949,,1953,,,,Y,600 PPI,NAD27,Polyconic,-121.375,38.75,-121.25,38.875,false,9962463,public_domain,https://prd-tnm.s3.amazonaws.com/StagedProducts/Maps/HistoricalTopo/GeoTIFF/CA/CA_Roseville_294820_1953_24000_geo.tif,https://thor-f5.er.usgs.gov/ngtoc/metadata/waf/maps/historicaltopo/pdf/CA/24000/CA_Roseville_294820_1953_24000_geo.xml,https://www.sciencebase.gov/catalog/item/5a8a33e4e4b00f54eb3d8197,5a8a33e4e4b00f54eb3d8197
CA_Roseville_294821_1953_24000,Roseville,24000,7.5 x 7.5 minute,1953,1953,1962,1949,,1953,,,1908,Y,600 PPI,NAD27,Polyconic,-121.375,38.75,-121.25,38.875,false,9467844,public_domain,https://prd-tnm.s3.amazonaws.com/StagedProducts/Maps/HistoricalTopo/GeoTIFF/CA/CA_Roseville_294821_1953_24000_geo.tif,https://thor-f5.er.usgs.gov/ngtoc/metadata/waf/maps/historicaltopo/pdf/CA/24000/CA_Roseville_294821_1953_24000_geo.xml,https://www.sciencebase.gov/catalog/item/5a8a33e4e4b00f54eb3d819d,5a8a33e4e4b00f54eb3d819d
CA_Roseville_294822_1967_24000,Roseville,24000,7.5 x 7.5 minute,1967,1967,1968,1966,,1967,,,1908,Y,600 PPI,NAD27,Polyconic,-121.375,38.75,-121.25,38.875,false,10098400,public_domain,https://prd-tnm.s3.amazonaws.com/StagedProducts/Maps/HistoricalTopo/GeoTIFF/CA/CA_Roseville_294822_1967_24000_geo.tif,https://thor-f5.er.usgs.gov/ngtoc/metadata/waf/maps/historicaltopo/pdf/CA/24000/CA_Roseville_294822_1967_24000_geo.xml,https://www.sciencebase.gov/catalog/item/5a8a33e4e4b00f54eb3d81a3,5a8a33e4e4b00f54eb3d81a3
CA_Roseville_294823_1967_24000,Roseville,24000,7.5 x 7.5 minute,1967,1975,1977,1975,1975,1967,,,1908,Y,600 PPI,NAD27,Polyconic,-121.375,38.75,-121.25,38.875,false,9445703,public_domain,https://prd-tnm.s3.amazonaws.com/StagedProducts/Maps/HistoricalTopo/GeoTIFF/CA/CA_Roseville_294823_1967_24000_geo.tif,https://thor-f5.er.usgs.gov/ngtoc/metadata/waf/maps/historicaltopo/pdf/CA/24000/CA_Roseville_294823_1967_24000_geo.xml,https://www.sciencebase.gov/catalog/item/5a8a33e4e4b00f54eb3d81a8,5a8a33e4e4b00f54eb3d81a8
CA_Roseville_294824_1967_24000,Roseville,24000,7.5 x 7.5 minute,1967,1981,1981,1978,1981,1967,1981,,1908,Y,600 PPI,NAD27,Polyconic,-121.375,38.75,-121.25,38.875,false,10889983,public_domain,https://prd-tnm.s3.amazonaws.com/StagedProducts/Maps/HistoricalTopo/GeoTIFF/CA/CA_Roseville_294824_1967_24000_geo.tif,https://thor-f5.er.usgs.gov/ngtoc/metadata/waf/maps/historicaltopo/pdf/CA/24000/CA_Roseville_294824_1967_24000_geo.xml,https://www.sciencebase.gov/catalog/item/5a8a33e4e4b00f54eb3d81ae,5a8a33e4e4b00f54eb3d81ae
CA_Roseville_101931_1992_24000,Roseville,24000,7.5 x 7.5 minute,1992,1992,1997,1992,,,,,,Y,600 PPI,NAD83,Universal Transverse Mercator,-121.375,38.75,-121.25,38.875,false,11370089,public_domain,https://prd-tnm.s3.amazonaws.com/StagedProducts/Maps/HistoricalTopo/GeoTIFF/CA/CA_Roseville_101931_1992_24000_geo.tif,https://thor-f5.er.usgs.gov/ngtoc/metadata/waf/maps/historicaltopo/pdf/CA/24000/CA_Roseville_101931_1992_24000_geo.xml,https://www.sciencebase.gov/catalog/item/5a8a33e4e4b00f54eb3d8192,5a8a33e4e4b00f54eb3d8192
CA_Rough_And_Ready_294827_1949_24000,Rough And Ready,24000,7.5 x 7.5 minute,1949,1949,1955,1947,,1949,,,,Y,600 PPI,NAD27,Polyconic,-121.25,39.125,-121.125,39.25,false,12403180,public_domain,https://prd-tnm.s3.amazonaws.com/StagedProducts/Maps/HistoricalTopo/GeoTIFF/CA/CA_Rough%20And%20Ready_294827_1949_24000_geo.tif,https://thor-f5.er.usgs.gov/ngtoc/metadata/waf/maps/historicaltopo/pdf/CA/24000/CA_Rough_And_Ready_294827_1949_24000_geo.xml,https://www.sciencebase.gov/catalog/item/5a8a33e5e4b00f54eb3d81c2,5a8a33e5e4b00f54eb3d81c2
CA_Rough_And_Ready_294828_1949_24000,Rough And Ready,24000,7.5 x 7.5 minute,1949,1949,1973,1947,,1949,,,,Y,600 PPI,NAD27,Polyconic,-121.25,39.125,-121.125,39.25,false,11326271,public_domain,https://prd-tnm.s3.amazonaws.com/StagedProducts/Maps/HistoricalTopo/GeoTIFF/CA/CA_Rough%20And%20Ready_294828_1949_24000_geo.tif,https://thor-f5.er.usgs.gov/ngtoc/metadata/waf/maps/historicaltopo/pdf/CA/24000/CA_Rough_And_Ready_294828_1949_24000_geo.xml,https://www.sciencebase.gov/catalog/item/5a8a33e5e4b00f54eb3d81c8,5a8a33e5e4b00f54eb3d81c8
CA_Rough_And_Ready_294830_1949_24000,Rough And Ready,24000,7.5 x 7.5 minute,1949,1973,1977,1973,1973,1949,,,,Y,600 PPI,NAD27,Polyconic,-121.25,39.125,-121.125,39.25,false,10989282,public_domain,https://prd-tnm.s3.amazonaws.com/StagedProducts/Maps/HistoricalTopo/GeoTIFF/CA/CA_Rough%20And%20Ready_294830_1949_24000_geo.tif,https://thor-f5.er.usgs.gov/ngtoc/metadata/waf/maps/historicaltopo/pdf/CA/24000/CA_Rough_And_Ready_294830_1949_24000_geo.xml,https://www.sciencebase.gov/catalog/item/5a8a33e5e4b00f54eb3d81d4,5a8a33e5e4b00f54eb3d81d4
CA_Rough_And_Ready_294829_1950_24000,Rough And Ready,24000,7.5 x 7.5 minute,1950,1950,,1947,,1949,,,,Y,600 PPI,NAD27,Polyconic,-121.25,39.125,-121.125,39.25,false,11303155,public_domain,https://prd-tnm.s3.amazonaws.com/StagedProducts/Maps/HistoricalTopo/GeoTIFF/CA/CA_Rough%20And%20Ready_294829_1950_24000_geo.tif,https://thor-f5.er.usgs.gov/ngtoc/metadata/waf/maps/historicaltopo/pdf/CA/24000/CA_Rough_And_Ready_294829_1950_24000_geo.xml,https://www.sciencebase.gov/catalog/item/5a8a33e5e4b00f54eb3d81cf,5a8a33e5e4b00f54eb3d81cf
CA_Rough_And_Ready_294825_1995_24000,Rough And Ready,24000,7.5 x 7.5 minute,1995,1995,1995,1987,,1989,1995,,,Y,600 PPI,NAD27,Lambert Conformal Conic,-121.25,39.125,-121.125,39.25,false,11871259,public_domain,https://prd-tnm.s3.amazonaws.com/StagedProducts/Maps/HistoricalTopo/GeoTIFF/CA/CA_Rough%20And%20Ready_294825_1995_24000_geo.tif,https://thor-f5.er.usgs.gov/ngtoc/metadata/waf/maps/historicaltopo/pdf/CA/24000/CA_Rough_And_Ready_294825_1995_24000_geo.xml,https://www.sciencebase.gov/catalog/item/5a8a33e4e4b00f54eb3d81bb,5a8a33e4e4b00f54eb3d81bb
CA_Rough_And_Ready_101932_1998_24000,Rough And Ready,24000,7.5 x 7.5 minute,1998,1998,2002,1987,,,,1998,,Y,600 PPI,NAD27,Transverse Mercator,-121.25,39.125,-121.125,39.25,false,13408004,public_domain,https://prd-tnm.s3.amazonaws.com/StagedProducts/Maps/HistoricalTopo/GeoTIFF/CA/CA_Rough%20And%20Ready_101932_1998_24000_geo.tif,https://thor-f5.er.usgs.gov/ngtoc/metadata/waf/maps/historicaltopo/pdf/CA/24000/CA_Rough_And_Ready_101932_1998_24000_geo.xml,https://www.sciencebase.gov/catalog/item/5a8a33e4e4b00f54eb3d81b5,5a8a33e4e4b00f54eb3d81b5
CA_Royal_Gorge_294842_1953_24000,Royal Gorge,24000,7.5 x 7.5 minute,1953,1953,1955,1948,,1953,,,,Y,600 PPI,NAD27,Polyconic,-120.5,39.125,-120.375,39.25,false,11859670,public_domain,https://prd-tnm.s3.amazonaws.com/StagedProducts/Maps/HistoricalTopo/GeoTIFF/CA/CA_Royal%20Gorge_294842_1953_24000_geo.tif,https://thor-f5.er.usgs.gov/ngtoc/metadata/waf/maps/historicaltopo/pdf/CA/24000/CA_Royal_Gorge_294842_1953_24000_geo.xml,https://www.sciencebase.gov/catalog/item/5a8a33e7e4b00f54eb3d8225,5a8a33e7e4b00f54eb3d8225
CA_Royal_Gorge_294843_1953_24000,Royal Gorge,24000,7.5 x 7.5 minute,1953,1953,1963,1948,,1953,,,,Y,600 PPI,NAD27,Polyconic,-120.5,39.125,-120.375,39.25,false,11116530,public_domain,https://prd-tnm.s3.amazonaws.com/StagedProducts/Maps/HistoricalTopo/GeoTIFF/CA/CA_Royal%20Gorge_294843_1953_24000_geo.tif,https://thor-f5.er.usgs.gov/ngtoc/metadata/waf/maps/historicaltopo/pdf/CA/24000/CA_Royal_Gorge_294843_1953_24000_geo.xml,https://www.sciencebase.gov/catalog/item/5a8a33e7e4b00f54eb3d822c,5a8a33e7e4b00f54eb3d822c
CA_Royal_Gorge_294844_1953_24000,Royal Gorge,24000,7.5 x 7.5 minute,1953,1973,1976,1973,1973,1953,,,,Y,600 PPI,NAD27,Polyconic,-120.5,39.125,-120.375,39.25,false,11267904,public_domain,https://prd-tnm.s3.amazonaws.com/StagedProducts/Maps/HistoricalTopo/GeoTIFF/CA/CA_Royal%20Gorge_294844_1953_24000_geo.tif,https://thor-f5.er.usgs.gov/ngtoc/metadata/waf/maps/historicaltopo/pdf/CA/24000/CA_Royal_Gorge_294844_1953_24000_geo.xml,https://www.sciencebase.gov/catalog/item/5a8a33e7e4b00f54eb3d8236,5a8a33e7e4b00f54eb3d8236
CA_Royal_Gorge_294845_1953_24000,Royal Gorge,24000,7.5 x 7.5 minute,1953,1979,1980,1976,1979,1953,1979,,,Y,600 PPI,NAD27,Polyconic,-120.5,39.125,-120.375,39.25,false,11307357,public_domain,https://prd-tnm.s3.amazonaws.com/StagedProducts/Maps/HistoricalTopo/GeoTIFF/CA/CA_Royal%20Gorge_294845_1953_24000_geo.tif,https://thor-f5.er.usgs.gov/ngtoc/metadata/waf/maps/historicaltopo/pdf/CA/24000/CA_Royal_Gorge_294845_1953_24000_geo.xml,https://www.sciencebase.gov/catalog/item/5a8a33e7e4b00f54eb3d823f,5a8a33e7e4b00f54eb3d823f
CA_Royal_Gorge_101936_2000_24000,Royal Gorge,24000,7.5 x 7.5 minute,2000,2000,2003,1998,,,2000,,,Y,600 PPI,NAD27,Lambert Conformal Conic,-120.5,39.125,-120.375,39.25,false,14709652,public_domain,https://prd-tnm.s3.amazonaws.com/StagedProducts/Maps/HistoricalTopo/GeoTIFF/CA/CA_Royal%20Gorge_101936_2000_24000_geo.tif,https://thor-f5.er.usgs.gov/ngtoc/metadata/waf/maps/historicaltopo/pdf/CA/24000/CA_Royal_Gorge_101936_2000_24000_geo.xml,https://www.sciencebase.gov/catalog/item/5a8a33e7e4b00f54eb3d821e,5a8a33e7e4b00f54eb3d821e
CA_Sheridan_295182_1953_24000,Sheridan,24000,7.5 x 7.5 minute,1953,1973,1991,1949,1973,,,1978,1953,Y,600 PPI,NAD27,Polyconic,-121.5,38.875,-121.375,39.0,false,5908139,public_domain,https://prd-tnm.s3.amazonaws.com/StagedProducts/Maps/HistoricalTopo/GeoTIFF/CA/CA_Sheridan_295182_1953_24000_geo.tif,https://thor-f5.er.usgs.gov/ngtoc/metadata/waf/maps/historicaltopo/pdf/CA/24000/CA_Sheridan_295182_1953_24000_geo.xml,https://www.sciencebase.gov/catalog/item/5a8a34b3e4b00f54eb3d9f20,5a8a34b3e4b00f54eb3d9f20
CA_Sheridan_300451_1953_24000,Sheridan,24000,7.5 x 7.5 minute,1953,1953,1954,1949,,,,,1953,Y,600 PPI,NAD27,Polyconic,-121.5,38.875,-121.375,39.0,false,6215097,public_domain,https://prd-tnm.s3.amazonaws.com/StagedProducts/Maps/HistoricalTopo/GeoTIFF/CA/CA_Sheridan_300451_1953_24000_geo.tif,https://thor-f5.er.usgs.gov/ngtoc/metadata/waf/maps/historicaltopo/pdf/CA/24000/CA_Sheridan_300451_1953_24000_geo.xml,https://www.sciencebase.gov/catalog/item/5a8a34b3e4b00f54eb3d9f28,5a8a34b3e4b00f54eb3d9f28
CA_Sheridan_300452_1953_24000,Sheridan,24000,7.5 x 7.5 minute,1953,1953,1964,1949,,,,,1953,Y,600 PPI,NAD27,Polyconic,-121.5,38.875,-121.375,39.0,false,6095676,public_domain,https://prd-tnm.s3.amazonaws.com/StagedProducts/Maps/HistoricalTopo/GeoTIFF/CA/CA_Sheridan_300452_1953_24000_geo.tif,https://thor-f5.er.usgs.gov/ngtoc/metadata/waf/maps/historicaltopo/pdf/CA/24000/CA_Sheridan_300452_1953_24000_geo.xml,https://www.sciencebase.gov/catalog/item/5a8a34b3e4b00f54eb3d9f2c,5a8a34b3e4b00f54eb3d9f2c
CA_Sheridan_300453_1953_24000,Sheridan,24000,7.5 x 7.5 minute,1953,1973,1976,1949,1973,,,,1953,Y,600 PPI,NAD27,Polyconic,-121.5,38.875,-121.375,39.0,false,5499914,public_domain,https://prd-tnm.s3.amazonaws.com/StagedProducts/Maps/HistoricalTopo/GeoTIFF/CA/CA_Sheridan_300453_1953_24000_geo.tif,https://thor-f5.er.usgs.gov/ngtoc/metadata/waf/maps/historicaltopo/pdf/CA/24000/CA_Sheridan_300453_1953_24000_geo.xml,https://www.sciencebase.gov/catalog/item/5a8a34b4e4b00f54eb3d9f30,5a8a34b4e4b00f54eb3d9f30
CA_Sheridan_295183_1992_24000,Sheridan,24000,7.5 x 7.5 minute,1992,1992,1997,1992,,,,,,Y,600 PPI,NAD83,Universal Transverse Mercator,-121.5,38.875,-121.375,39.0,false,6507601,public_domain,https://prd-tnm.s3.amazonaws.com/StagedProducts/Maps/HistoricalTopo/GeoTIFF/CA/CA_Sheridan_295183_1992_24000_geo.tif,https://thor-f5.er.usgs.gov/ngtoc/metadata/waf/maps/historicaltopo/pdf/CA/24000/CA_Sheridan_295183_1992_24000_geo.xml,https://www.sciencebase.gov/catalog/item/5a8a34b3e4b00f54eb3d9f24,5a8a34b3e4b00f54eb3d9f24
CA_Sierra_City_300478_1981_24000,Sierra City,24000,7.5 x 7.5 minute,1981,1981,1982,1974,,1975,1981,,,Y,600 PPI,NAD27,Lambert Conformal Conic,-120.75,39.5,-120.625,39.625,false,10835185,public_domain,https://prd-tnm.s3.amazonaws.com/StagedProducts/Maps/HistoricalTopo/GeoTIFF/CA/CA_Sierra%20City_300478_1981_24000_geo.tif,https://thor-f5.er.usgs.gov/ngtoc/metadata/waf/maps/historicaltopo/pdf/CA/24000/CA_Sierra_City_300478_1981_24000_geo.xml,https://www.sciencebase.gov/catalog/item/5a8a34b9e4b00f54eb3da05c,5a8a34b9e4b00f54eb3da05c
CA_Sierra_City_300479_1981_24000,Sierra City,24000,7.5 x 7.5 minute,1981,1981,1984,1974,,1975,1981,,,Y,600 PPI,NAD27,Lambert Conformal Conic,-120.75,39.5,-120.625,39.625,false,11845135,public_domain,https://prd-tnm.s3.amazonaws.com/StagedProducts/Maps/HistoricalTopo/GeoTIFF/CA/CA_Sierra%20City_300479_1981_24000_geo.tif,https://thor-f5.er.usgs.gov/ngtoc/metadata/waf/maps/historicaltopo/pdf/CA/24000/CA_Sierra_City_300479_1981_24000_geo.xml,https://www.sciencebase.gov/catalog/item/5a8a34b9e4b00f54eb3da060,5a8a34b9e4b00f54eb3da060
CA_Sierra_City_295198_2000_24000,Sierra City,24000,7.5 x 7.5 minute,2000,2000,2003,1998,,,,,,Y,600 PPI,NAD27,Lambert Conformal Conic,-120.75,39.5,-120.625,39.625,false,14186380,public_domain,https://prd-tnm.s3.amazonaws.com/StagedProducts/Maps/HistoricalTopo/GeoTIFF/CA/CA_Sierra%20City_295198_2000_24000_geo.tif,https://thor-f5.er.usgs.gov/ngtoc/metadata/waf/maps/historicaltopo/pdf/CA/24000/CA_Sierra_City_295198_2000_24000_geo.xml,https://www.sciencebase.gov/catalog/item/5a8a34b9e4b00f54eb3da053,5a8a34b9e4b00f54eb3da053
CA_Smartville_300544_1949_24000,Smartville,24000,7.5 x 7.5 minute,1949,1949,1956,1947,,1949,,,,Y,600 PPI,NAD27,Polyconic,-121.375,39.125,-121.25,39.25,false,12125594,public_domain,https://prd-tnm.s3.amazonaws.com/StagedProducts/Maps/HistoricalTopo/GeoTIFF/CA/CA_Smartville_300544_1949_24000_geo.tif,https://thor-f5.er.usgs.gov/ngtoc/metadata/waf/maps/historicaltopo/pdf/CA/24000/CA_Smartville_300544_1949_24000_geo.xml,https://www.sciencebase.gov/catalog/item/5a8a34dae4b00f54eb3da3e7,5a8a34dae4b00f54eb3da3e7
CA_Smartville_300545_1951_24000,Smartville,24000,7.5 x 7.5 minute,1951,1951,,1947,,1949,,,,Y,600 PPI,NAD27,Polyconic,-121.375,39.125,-121.25,39.25,false,11953043,public_domain,https://prd-tnm.s3.amazonaws.com/StagedProducts/Maps/HistoricalTopo/GeoTIFF/CA/CA_Smartville_300545_1951_24000_geo.tif,https://thor-f5.er.usgs.gov/ngtoc/metadata/waf/maps/historicaltopo/pdf/CA/24000/CA_Smartville_300545_1951_24000_geo.xml,https://www.sciencebase.gov/catalog/item/5a8a34e1e4b00f54eb3da424,5a8a34e1e4b00f54eb3da424
CA_Smartville_300546_1951_24000,Smartville,24000,7.5 x 7.5 minute,1951,1973,1976,1973,1973,1949,,,,Y,600 PPI,NAD27,Polyconic,-121.375,39.125,-121.25,39.25,false,10515253,public_domain,https://prd-tnm.s3.amazonaws.com/StagedProducts/Maps/HistoricalTopo/GeoTIFF/CA/CA_Smartville_300546_1951_24000_geo.tif,https://thor-f5.er.usgs.gov/ngtoc/metadata/waf/maps/historicaltopo/pdf/CA/24000/CA_Smartville_300546_1951_24000_geo.xml,https://www.sciencebase.gov/catalog/item/5a8a34e1e4b00f54eb3da429,5a8a34e1e4b00f54eb3da429
CA_Smartville_295233_1995_24000,Smartville,24000,7.5 x 7.5 minute,1995,1995,1995,1987,,1989,1995,,,Y,600 PPI,NAD27,Lambert Conformal Conic,-121.375,39.125,-121.25,39.25,false,11834138,public_domain,https://prd-tnm.s3.amazonaws.com/StagedProducts/Maps/HistoricalTopo/GeoTIFF/CA/CA_Smartville_295233_1995_24000_geo.tif,https://thor-f5.er.usgs.gov/ngtoc/metadata/waf/maps/historicaltopo/pdf/CA/24000/CA_Smartville_295233_1995_24000_geo.xml,https://www.sciencebase.gov/catalog/item/5a8a34dae4b00f54eb3da3d8,5a8a34dae4b00f54eb3da3d8
CA_Smartville_295234_1995_24000,Smartville,24000,7.5 x 7.5 minute,1995,1995,1995,1987,,1989,1995,,,Y,600 PPI,NAD27,Lambert Conformal Conic,-121.375,39.125,-121.25,39.25,false,11438055,public_domain,https://prd-tnm.s3.amazonaws.com/StagedProducts/Maps/HistoricalTopo/GeoTIFF/CA/CA_Smartville_295234_1995_24000_geo.tif,https://thor-f5.er.usgs.gov/ngtoc/metadata/waf/maps/historicaltopo/pdf/CA/24000/CA_Smartville_295234_1995_24000_geo.xml,https://www.sciencebase.gov/catalog/item/5a8a34dae4b00f54eb3da3df,5a8a34dae4b00f54eb3da3df
CA_Soda_Springs_295250_1955_24000,Soda Springs,24000,7.5 x 7.5 minute,1955,1979,1985,1976,1979,1955,1979,,,Y,600 PPI,NAD27,Polyconic,-120.5,39.25,-120.375,39.375,false,11108671,public_domain,https://prd-tnm.s3.amazonaws.com/StagedProducts/Maps/HistoricalTopo/GeoTIFF/CA/CA_Soda%20Springs_295250_1955_24000_geo.tif,https://thor-f5.er.usgs.gov/ngtoc/metadata/waf/maps/historicaltopo/pdf/CA/24000/CA_Soda_Springs_295250_1955_24000_geo.xml,https://www.sciencebase.gov/catalog/item/5a8a34e8e4b00f54eb3da56d,5a8a34e8e4b00f54eb3da56d
CA_Soda_Springs_300566_1955_24000,Soda Springs,24000,7.5 x 7.5 minute,1955,1955,1962,1953,,1955,,,,Y,600 PPI,NAD27,Polyconic,-120.5,39.25,-120.375,39.375,false,9666745,public_domain,https://prd-tnm.s3.amazonaws.com/StagedProducts/Maps/HistoricalTopo/GeoTIFF/CA/CA_Soda%20Springs_300566_1955_24000_geo.tif,https://thor-f5.er.usgs.gov/ngtoc/metadata/waf/maps/historicaltopo/pdf/CA/24000/CA_Soda_Springs_300566_1955_24000_geo.xml,https://www.sciencebase.gov/catalog/item/5a8a34e8e4b00f54eb3da57c,5a8a34e8e4b00f54eb3da57c
CA_Soda_Springs_300567_1955_24000,Soda Springs,24000,7.5 x 7.5 minute,1955,1955,1957,1953,,1955,,,,Y,600 PPI,NAD27,Polyconic,-120.5,39.25,-120.375,39.375,false,9612622,public_domain,https://prd-tnm.s3.amazonaws.com/StagedProducts/Maps/HistoricalTopo/GeoTIFF/CA/CA_Soda%20Springs_300567_1955_24000_geo.tif,https://thor-f5.er.usgs.gov/ngtoc/metadata/waf/maps/historicaltopo/pdf/CA/24000/CA_Soda_Springs_300567_1955_24000_geo.xml,https://www.sciencebase.gov/catalog/item/5a8a34e8e4b00f54eb3da584,5a8a34e8e4b00f54eb3da584
CA_Soda_Springs_300568_1955_24000,Soda Springs,24000,7.5 x 7.5 minute,1955,1955,1973,1953,,1955,,,,Y,600 PPI,NAD27,Polyconic,-120.5,39.25,-120.375,39.375,false,10151389,public_domain,https://prd-tnm.s3.amazonaws.com/StagedProducts/Maps/HistoricalTopo/GeoTIFF/CA/CA_Soda%20Springs_300568_1955_24000_geo.tif,https://thor-f5.er.usgs.gov/ngtoc/metadata/waf/maps/historicaltopo/pdf/CA/24000/CA_Soda_Springs_300568_1955_24000_geo.xml,https://www.sciencebase.gov/catalog/item/5a8a34e8e4b00f54eb3da58c,5a8a34e8e4b00f54eb3da58c
CA_Soda_Springs_300569_1955_24000,Soda Springs,24000,7.5 x 7.5 minute,1955,1973,1976,1973,1973,1955,,,,Y,600 PPI,NAD27,Polyconic,-120.5,39.25,-120.375,39.375,false,8864792,public_domain,https://prd-tnm.s3.amazonaws.com/StagedProducts/Maps/HistoricalTopo/GeoTIFF/CA/CA_Soda%20Springs_300569_1955_24000_geo.tif,https://thor-f5.er.usgs.gov/ngtoc/metadata/waf/maps/historicaltopo/pdf/CA/24000/CA_Soda_Springs_300569_1955_24000_geo.xml,https://www.sciencebase.gov/catalog/item/5a8a34e8e4b00f54eb3da594,5a8a34e8e4b00f54eb3da594
CA_Soda_Springs_300570_1955_24000,Soda Springs,24000,7.5 x 7.5 minute,1955,1979,1983,1976,1979,1955,1979,,,Y,600 PPI,NAD27,Polyconic,-120.5,39.25,-120.375,39.375,false,9795728,public_domain,https://prd-tnm.s3.amazonaws.com/StagedProducts/Maps/HistoricalTopo/GeoTIFF/CA/CA_Soda%20Springs_300570_1955_24000_geo.tif,https://thor-f5.er.usgs.gov/ngtoc/metadata/waf/maps/historicaltopo/pdf/CA/24000/CA_Soda_Springs_300570_1955_24000_geo.xml,https://www.sciencebase.gov/catalog/item/5a8a34e8e4b00f54eb3da59c,5a8a34e8e4b00f54eb3da59c
CA_Soda_Springs_300571_1955_24000,Soda Springs,24000,7.5 x 7.5 minute,1955,1979,1980,1976,1979,1955,1979,,,Y,600 PPI,NAD27,Polyconic,-120.5,39.25,-120.375,39.375,false,10082437,public_domain,https://prd-tnm.s3.amazonaws.com/StagedProducts/Maps/HistoricalTopo/GeoTIFF/CA/CA_Soda%20Springs_300571_1955_24000_geo.tif,https://thor-f5.er.usgs.gov/ngtoc/metadata/waf/maps/historicaltopo/pdf/CA/24000/CA_Soda_Springs_300571_1955_24000_geo.xml,https://www.sciencebase.gov/catalog/item/5a8a34e9e4b00f54eb3da5a9,5a8a34e9e4b00f54eb3da5a9
CA_Soda_Springs_300572_1955_24000,Soda Springs,24000,7.5 x 7.5 minute,1955,1979,1985,1976,1979,1955,1979,,,Y,600 PPI,NAD27,Polyconic,-120.5,39.25,-120.375,39.375,false,11416878,public_domain,https://prd-tnm.s3.amazonaws.com/StagedProducts/Maps/HistoricalTopo/GeoTIFF/CA/CA_Soda%20Springs_300572_1955_24000_geo.tif,https://thor-f5.er.usgs.gov/ngtoc/metadata/waf/maps/historicaltopo/pdf/CA/24000/CA_Soda_Springs_300572_1955_24000_geo.xml,https://www.sciencebase.gov/catalog/item/5a8a34e9e4b00f54eb3da5b2,5a8a34e9e4b00f54eb3da5b2
CA_Soda_Springs_295251_2000_24000,Soda Springs,24000,7.5 x 7.5 minute,2000,2000,2003,1998,,,2000,,,Y,600 PPI,NAD27,Lambert Conformal Conic,-120.5,39.25,-120.375,39.375,false,13531100,public_domain,https://prd-tnm.s3.amazonaws.com/StagedProducts/Maps/HistoricalTopo/GeoTIFF/CA/CA_Soda%20Springs_295251_2000_24000_geo.tif,https://thor-f5.er.usgs.gov/ngtoc/metadata/waf/maps/historicaltopo/pdf/CA/24000/CA_Soda_Springs_295251_2000_24000_geo.xml,https://www.sciencebase.gov/catalog/item/5a8a34e8e4b00f54eb3da575,5a8a34e8e4b00f54eb3da575
CA_Tahoe_City_295373_1955_24000,Tahoe City,24000,7.5 x 7.5 minute,1955,1969,1990,1969,1969,1955,,1973,,Y,600 PPI,NAD27,Polyconic,-120.25,39.125,-120.125,39.25,false,10938756,public_domain,https://prd-tnm.s3.amazonaws.com/StagedProducts/Maps/HistoricalTopo/GeoTIFF/CA/CA_Tahoe%20City_295373_1955_24000_geo.tif,https://thor-f5.er.usgs.gov/ngtoc/metadata/waf/maps/historicaltopo/pdf/CA/24000/CA_Tahoe_City_295373_1955_24000_geo.xml,https://www.sciencebase.gov/catalog/item/5a8a3559e4b00f54eb3db2a2,5a8a3559e4b00f54eb3db2a2
CA_Tahoe_City_300780_1955_24000,Tahoe City,24000,7.5 x 7.5 minute,1955,1955,1956,1953,,1955,,,,Y,600 PPI,NAD27,Polyconic,-120.25,39.125,-120.125,39.25,false,9674634,public_domain,https://prd-tnm.s3.amazonaws.com/StagedProducts/Maps/HistoricalTopo/GeoTIFF/CA/CA_Tahoe%20City_300780_1955_24000_geo.tif,https://thor-f5.er.usgs.gov/ngtoc/metadata/waf/maps/historicaltopo/pdf/CA/24000/CA_Tahoe_City_300780_1955_24000_geo.xml,https://www.sciencebase.gov/catalog/item/5a8a3559e4b00f54eb3db2aa,5a8a3559e4b00f54eb3db2aa
CA_Tahoe_City_300781_1955_24000,Tahoe City,24000,7.5 x 7.5 minute,1955,1955,1960,1953,,1955,,,,Y,600 PPI,NAD27,Polyconic,-120.25,39.125,-120.125,39.25,false,10768817,public_domain,https://prd-tnm.s3.amazonaws.com/StagedProducts/Maps/HistoricalTopo/GeoTIFF/CA/CA_Tahoe%20City_300781_1955_24000_geo.tif,https://thor-f5.er.usgs.gov/ngtoc/metadata/waf/maps/historicaltopo/pdf/CA/24000/CA_Tahoe_City_300781_1955_24000_geo.xml,https://www.sciencebase.gov/catalog/item/5a8a3559e4b00f54eb3db2b1,5a8a3559e4b00f54eb3db2b1
CA_Tahoe_City_300782_1955_24000,Tahoe City,24000,7.5 x 7.5 minute,1955,1969,1971,1969,1969,1955,,,,Y,600 PPI,NAD27,Polyconic,-120.25,39.125,-120.125,39.25,false,10997456,public_domain,https://prd-tnm.s3.amazonaws.com/StagedProducts/Maps/HistoricalTopo/GeoTIFF/CA/CA_Tahoe%20City_300782_1955_24000_geo.tif,https://thor-f5.er.usgs.gov/ngtoc/metadata/waf/maps/historicaltopo/pdf/CA/24000/CA_Tahoe_City_300782_1955_24000_geo.xml,https://www.sciencebase.gov/catalog/item/5a8a3559e4b00f54eb3db2b9,5a8a3559e4b00f54eb3db2b9
CA_Tahoe_City_101230_1992_24000,Tahoe City,24000,7.5 x 7.5 minute,1992,1992,1994,1992,,,1994,,,Y,600 PPI,NAD27,Universal Transverse Mercator,-120.25,39.125,-120.125,39.25,false,11638341,public_domain,https://prd-tnm.s3.amazonaws.com/StagedProducts/Maps/HistoricalTopo/GeoTIFF/CA/CA_Tahoe%20City_101230_1992_24000_geo.tif,https://thor-f5.er.usgs.gov/ngtoc/metadata/waf/maps/historicaltopo/pdf/CA/24000/CA_Tahoe_City_101230_1992_24000_geo.xml,https://www.sciencebase.gov/catalog/item/5a8a3559e4b00f54eb3db29a,5a8a3559e4b00f54eb3db29a
CA_Tahoe_City_466451_1992_24000,Tahoe City,24000,7.5 x 7.5 minute,1992,1992,1994,1992,,,1994,,,Y,600 PPI,NAD27,Universal Transverse Mercator,-120.25,39.125,-120.125,39.25,false,10334658,public_domain,https://prd-tnm.s3.amazonaws.com/StagedProducts/Maps/HistoricalTopo/GeoTIFF/CA/CA_Tahoe%20City_466451_1992_24000_geo.tif,https://thor-f5.er.usgs.gov/ngtoc/metadata/waf/maps/historicaltopo/pdf/CA/24000/CA_Tahoe_City_466451_1992_24000_geo.xml,https://www.sciencebase.gov/catalog/item/5e148ee8e4b0ecf25c55b1bf,5e148ee8e4b0ecf25c55b1bf
CA_Truckee_295530_1955_24000,Truckee,24000,7.5 x 7.5 minute,1955,1969,1986,1969,1969,1955,,,,Y,600 PPI,NAD27,Polyconic,-120.25,39.25,-120.125,39.375,false,8320161,public_domain,https://prd-tnm.s3.amazonaws.com/StagedProducts/Maps/HistoricalTopo/GeoTIFF/CA/CA_Truckee_295530_1955_24000_geo.tif,https://thor-f5.er.usgs.gov/ngtoc/metadata/waf/maps/historicaltopo/pdf/CA/24000/CA_Truckee_295530_1955_24000_geo.xml,https://www.sciencebase.gov/catalog/item/5a8a35bee4b00f54eb3dbfce,5a8a35bee4b00f54eb3dbfce
CA_Truckee_300962_1955_24000,Truckee,24000,7.5 x 7.5 minute,1955,1955,1956,1953,,1955,,,,Y,600 PPI,NAD27,Polyconic,-120.25,39.25,-120.125,39.375,false,8626530,public_domain,https://prd-tnm.s3.amazonaws.com/StagedProducts/Maps/HistoricalTopo/GeoTIFF/CA/CA_Truckee_300962_1955_24000_geo.tif,https://thor-f5.er.usgs.gov/ngtoc/metadata/waf/maps/historicaltopo/pdf/CA/24000/CA_Truckee_300962_1955_24000_geo.xml,https://www.sciencebase.gov/catalog/item/5a8a35bee4b00f54eb3dbff2,5a8a35bee4b00f54eb3dbff2
CA_Truckee_300963_1955_24000,Truckee,24000,7.5 x 7.5 minute,1955,1955,1960,1953,,1955,,,,Y,600 PPI,NAD27,Polyconic,-120.25,39.25,-120.125,39.375,false,9649512,public_domain,https://prd-tnm.s3.amazonaws.com/StagedProducts/Maps/HistoricalTopo/GeoTIFF/CA/CA_Truckee_300963_1955_24000_geo.tif,https://thor-f5.er.usgs.gov/ngtoc/metadata/waf/maps/historicaltopo/pdf/CA/24000/CA_Truckee_300963_1955_24000_geo.xml,https://www.sciencebase.gov/catalog/item/5a8a35bee4b00f54eb3dbff9,5a8a35bee4b00f54eb3dbff9
CA_Truckee_300964_1955_24000,Truckee,24000,7.5 x 7.5 minute,1955,1969,1970,1969,1969,1955,,,,Y,600 PPI,NAD27,Polyconic,-120.25,39.25,-120.125,39.375,false,7711556,public_domain,https://prd-tnm.s3.amazonaws.com/StagedProducts/Maps/HistoricalTopo/GeoTIFF/CA/CA_Truckee_300964_1955_24000_geo.tif,https://thor-f5.er.usgs.gov/ngtoc/metadata/waf/maps/historicaltopo/pdf/CA/24000/CA_Truckee_300964_1955_24000_geo.xml,https://www.sciencebase.gov/catalog/item/5a8a35bfe4b00f54eb3dc002,5a8a35bfe4b00f54eb3dc002
CA_Truckee_300965_1955_24000,Truckee,24000,7.5 x 7.5 minute,1955,1969,1971,1969,1969,1955,,,,Y,600 PPI,NAD27,Polyconic,-120.25,39.25,-120.125,39.375,false,8769698,public_domain,https://prd-tnm.s3.amazonaws.com/StagedProducts/Maps/HistoricalTopo/GeoTIFF/CA/CA_Truckee_300965_1955_24000_geo.tif,https://thor-f5.er.usgs.gov/ngtoc/metadata/waf/maps/historicaltopo/pdf/CA/24000/CA_Truckee_300965_1955_24000_geo.xml,https://www.sciencebase.gov/catalog/item/5a8a35bfe4b00f54eb3dc00a,5a8a35bfe4b00f54eb3dc00a
CA_Truckee_295531_1992_24000,Truckee,24000,7.5 x 7.5 minute,1992,1992,1994,1992,,,1994,,1955,Y,600 PPI,NAD27,Universal Transverse Mercator,-120.25,39.25,-120.125,39.375,false,9098248,public_domain,https://prd-tnm.s3.amazonaws.com/StagedProducts/Maps/HistoricalTopo/GeoTIFF/CA/CA_Truckee_295531_1992_24000_geo.tif,https://thor-f5.er.usgs.gov/ngtoc/metadata/waf/maps/historicaltopo/pdf/CA/24000/CA_Truckee_295531_1992_24000_geo.xml,https://www.sciencebase.gov/catalog/item/5a8a35bee4b00f54eb3dbfd7,5a8a35bee4b00f54eb3dbfd7
CA_Truckee_295532_1992_24000,Truckee,24000,7.5 x 7.5 minute,1992,1992,1994,1992,,,,,1955,Y,600 PPI,NAD27,Universal Transverse Mercator,-120.25,39.25,-120.125,39.375,false,9863758,public_domain,https://prd-tnm.s3.amazonaws.com/StagedProducts/Maps/HistoricalTopo/GeoTIFF/CA/CA_Truckee_295532_1992_24000_geo.tif,https://thor-f5.er.usgs.gov/ngtoc/metadata/waf/maps/historicaltopo/pdf/CA/24000/CA_Truckee_295532_1992_24000_geo.xml,https://www.sciencebase.gov/catalog/item/5a8a35bee4b00f54eb3dbfe1,5a8a35bee4b00f54eb3dbfe1
CA_Truckee_102062_2000_24000,Truckee,24000,7.5 x 7.5 minute,2000,2000,2003,1998,,,2000,,,Y,600 PPI,NAD27,Lambert Conformal Conic,-120.25,39.25,-120.125,39.375,false,13408274,public_domain,https://prd-tnm.s3.amazonaws.com/StagedProducts/Maps/HistoricalTopo/GeoTIFF/CA/CA_Truckee_102062_2000_24000_geo.tif,https://thor-f5.er.usgs.gov/ngtoc/metadata/waf/maps/historicaltopo/pdf/CA/24000/CA_Truckee_102062_2000_24000_geo.xml,https://www.sciencebase.gov/catalog/item/5a8a35bee4b00f54eb3dbfc5,5a8a35bee4b00f54eb3dbfc5
CA_Truckee_295533_2000_24000,Truckee,24000,7.5 x 7.5 minute,2000,2000,2003,1998,,,2000,,,Y,600 PPI,NAD27,Lambert Conformal Conic,-120.25,39.25,-120.125,39.375,false,13032161,public_domain,https://prd-tnm.s3.amazonaws.com/StagedProducts/Maps/HistoricalTopo/GeoTIFF/CA/CA_Truckee_295533_2000_24000_geo.tif,https://thor-f5.er.usgs.gov/ngtoc/metadata/waf/maps/historicaltopo/pdf/CA/24000/CA_Truckee_295533_2000_24000_geo.xml,https://www.sciencebase.gov/catalog/item/5a8a35bee4b00f54eb3dbfea,5a8a35bee4b00f54eb3dbfea
CA_Tunnel_Hill_102069_1950_24000,Tunnel Hill,24000,7.5 x 7.5 minute,1950,1973,1988,1973,1973,,,,,Y,600 PPI,NAD27,Polyconic,-120.75,38.875,-120.625,39.0,false,13961890,public_domain,https://prd-tnm.s3.amazonaws.com/StagedProducts/Maps/HistoricalTopo/GeoTIFF/CA/CA_Tunnel%20Hill_102069_1950_24000_geo.tif,https://thor-f5.er.usgs.gov/ngtoc/metadata/waf/maps/historicaltopo/pdf/CA/24000/CA_Tunnel_Hill_102069_1950_24000_geo.xml,https://www.sciencebase.gov/catalog/item/5a8a35cee4b00f54eb3dc171,5a8a35cee4b00f54eb3dc171
CA_Tunnel_Hill_295546_1950_24000,Tunnel Hill,24000,7.5 x 7.5 minute,1950,1973,1988,1973,1973,1950,,,,Y,600 PPI,NAD27,Polyconic,-120.75,38.875,-120.625,39.0,false,13118974,public_domain,https://prd-tnm.s3.amazonaws.com/StagedProducts/Maps/HistoricalTopo/GeoTIFF/CA/CA_Tunnel%20Hill_295546_1950_24000_geo.tif,https://thor-f5.er.usgs.gov/ngtoc/metadata/waf/maps/historicaltopo/pdf/CA/24000/CA_Tunnel_Hill_295546_1950_24000_geo.xml,https://www.sciencebase.gov/catalog/item/5a8a35cee4b00f54eb3dc178,5a8a35cee4b00f54eb3dc178
CA_Tunnel_Hill_300992_1950_24000,Tunnel Hill,24000,7.5 x 7.5 minute,1950,1950,1958,1948,,1950,,,,Y,600 PPI,NAD27,Polyconic,-120.75,38.875,-120.625,39.0,false,13389292,public_domain,https://prd-tnm.s3.amazonaws.com/StagedProducts/Maps/HistoricalTopo/GeoTIFF/CA/CA_Tunnel%20Hill_300992_1950_24000_geo.tif,https://thor-f5.er.usgs.gov/ngtoc/metadata/waf/maps/historicaltopo/pdf/CA/24000/CA_Tunnel_Hill_300992_1950_24000_geo.xml,https://www.sciencebase.gov/catalog/item/5a8a35cee4b00f54eb3dc17d,5a8a35cee4b00f54eb3dc17d
CA_Tunnel_Hill_300993_1950_24000,Tunnel Hill,24000,7.5 x 7.5 minute,1950,1950,1953,1948,,1950,,,,Y,600 PPI,NAD27,Polyconic,-120.75,38.875,-120.625,39.0,false,12783443,public_domain,https://prd-tnm.s3.amazonaws.com/StagedProducts/Maps/HistoricalTopo/GeoTIFF/CA/CA_Tunnel%20Hill_300993_1950_24000_geo.tif,https://thor-f5.er.usgs.gov/ngtoc/metadata/waf/maps/historicaltopo/pdf/CA/24000/CA_Tunnel_Hill_300993_1950_24000_geo.xml,https://www.sciencebase.gov/catalog/item/5a8a35cee4b00f54eb3dc184,5a8a35cee4b00f54eb3dc184
CA_Tunnel_Hill_300994_1950_24000,Tunnel Hill,24000,7.5 x 7.5 minute,1950,1950,1964,1948,,1950,,,,Y,600 PPI,NAD27,Polyconic,-120.75,38.875,-120.625,39.0,false,12843866,public_domain,https://prd-tnm.s3.amazonaws.com/StagedProducts/Maps/HistoricalTopo/GeoTIFF/CA/CA_Tunnel%20Hill_300994_1950_24000_geo.tif,https://thor-f5.er.usgs.gov/ngtoc/metadata/waf/maps/historicaltopo/pdf/CA/24000/CA_Tunnel_Hill_300994_1950_24000_geo.xml,https://www.sciencebase.gov/catalog/item/5a8a35cee4b00f54eb3dc18e,5a8a35cee4b00f54eb3dc18e
CA_Tunnel_Hill_300995_1950_24000,Tunnel Hill,24000,7.5 x 7.5 minute,1950,1973,1976,1973,1973,1950,,,,Y,600 PPI,NAD27,Polyconic,-120.75,38.875,-120.625,39.0,false,12262901,public_domain,https://prd-tnm.s3.amazonaws.com/StagedProducts/Maps/HistoricalTopo/GeoTIFF/CA/CA_Tunnel%20Hill_300995_1950_24000_geo.tif,https://thor-f5.er.usgs.gov/ngtoc/metadata/waf/maps/historicaltopo/pdf/CA/24000/CA_Tunnel_Hill_300995_1950_24000_geo.xml,https://www.sciencebase.gov/catalog/item/5a8a35cee4b00f54eb3dc196,5a8a35cee4b00f54eb3dc196
CA_Tunnel_Hill_466483_1950_24000,Tunnel Hill,24000,7.5 x 7.5 minute,1950,1950,1952,1948,,1950,,,,N,600 PPI,NAD27,Polyconic,-120.75,38.875,-120.625,39.0,false,10050455,public_domain,https://prd-tnm.s3.amazonaws.com/StagedProducts/Maps/HistoricalTopo/GeoTIFF/CA/CA_Tunnel%20Hill_466483_1950_24000_geo.tif,https://thor-f5.er.usgs.gov/ngtoc/metadata/waf/maps/historicaltopo/pdf/CA/24000/CA_Tunnel_Hill_466483_1950_24000_geo.xml,https://www.sciencebase.gov/catalog/item/5e148f0ee4b0ecf25c55b1e1,5e148f0ee4b0ecf25c55b1e1
CA_Washington_301223_1950_24000,Washington,24000,7.5 x 7.5 minute,1950,1950,1968,1946,,1950,,,,Y,600 PPI,NAD27,Polyconic,-120.875,39.25,-120.75,39.375,false,11329145,public_domain,https://prd-tnm.s3.amazonaws.com/StagedProducts/Maps/HistoricalTopo/GeoTIFF/CA/CA_Washington_301223_1950_24000_geo.tif,https://thor-f5.er.usgs.gov/ngtoc/metadata/waf/maps/historicaltopo/pdf/CA/24000/CA_Washington_301223_1950_24000_geo.xml,https://www.sciencebase.gov/catalog/item/5a8a3633e4b00f54eb3dccf8,5a8a3633e4b00f54eb3dccf8
CA_Washington_301224_1950_24000,Washington,24000,7.5 x 7.5 minute,1950,1950,1960,1946,,1950,,,,Y,600 PPI,NAD27,Polyconic,-120.875,39.25,-120.75,39.375,false,12980146,public_domain,https://prd-tnm.s3.amazonaws.com/StagedProducts/Maps/HistoricalTopo/GeoTIFF/CA/CA_Washington_301224_1950_24000_geo.tif,https://thor-f5.er.usgs.gov/ngtoc/metadata/waf/maps/historicaltopo/pdf/CA/24000/CA_Washington_301224_1950_24000_geo.xml,https://www.sciencebase.gov/catalog/item/5a8a3633e4b00f54eb3dcd01,5a8a3633e4b00f54eb3dcd01
CA_Washington_301225_1950_24000,Washington,24000,7.5 x 7.5 minute,1950,1950,1968,1946,,1950,,,,Y,600 PPI,NAD27,Polyconic,-120.875,39.25,-120.75,39.375,false,11323641,public_domain,https://prd-tnm.s3.amazonaws.com/StagedProducts/Maps/HistoricalTopo/GeoTIFF/CA/CA_Washington_301225_1950_24000_geo.tif,https://thor-f5.er.usgs.gov/ngtoc/metadata/waf/maps/historicaltopo/pdf/CA/24000/CA_Washington_301225_1950_24000_geo.xml,https://www.sciencebase.gov/catalog/item/5a8a3634e4b00f54eb3dcd0b,5a8a3634e4b00f54eb3dcd0b
CA_Washington_301228_1950_24000,Washington,24000,7.5 x 7.5 minute,1950,1979,1980,1976,1979,1950,1979,,,Y,600 PPI,NAD27,Polyconic,-120.875,39.25,-120.75,39.375,false,11816743,public_domain,https://prd-tnm.s3.amazonaws.com/StagedProducts/Maps/HistoricalTopo/GeoTIFF/CA/CA_Washington_301228_1950_24000_geo.tif,https://thor-f5.er.usgs.gov/ngtoc/metadata/waf/maps/historicaltopo/pdf/CA/24000/CA_Washington_301228_1950_24000_geo.xml,https://www.sciencebase.gov/catalog/item/5a8a3634e4b00f54eb3dcd19,5a8a3634e4b00f54eb3dcd19
CA_Washington_301229_1950_24000,Washington,24000,7.5 x 7.5 minute,1950,1979,1983,1976,1979,1950,1979,,,Y,600 PPI,NAD27,Polyconic,-120.875,39.25,-120.75,39.375,false,14969332,public_domain,https://prd-tnm.s3.amazonaws.com/StagedProducts/Maps/HistoricalTopo/GeoTIFF/CA/CA_Washington_301229_1950_24000_geo.tif,https://thor-f5.er.usgs.gov/ngtoc/metadata/waf/maps/historicaltopo/pdf/CA/24000/CA_Washington_301229_1950_24000_geo.xml,https://www.sciencebase.gov/catalog/item/5a8a3634e4b00f54eb3dcd1e,5a8a3634e4b00f54eb3dcd1e
CA_Washington_301226_1951_24000,Washington,24000,7.5 x 7.5 minute,1951,1951,,1946,,1950,,,,Y,600 PPI,NAD27,Polyconic,-120.875,39.25,-120.75,39.375,false,12482600,public_domain,https://prd-tnm.s3.amazonaws.com/StagedProducts/Maps/HistoricalTopo/GeoTIFF/CA/CA_Washington_301226_1951_24000_geo.tif,https://thor-f5.er.usgs.gov/ngtoc/metadata/waf/maps/historicaltopo/pdf/CA/24000/CA_Washington_301226_1951_24000_geo.xml,https://www.sciencebase.gov/catalog/item/5a8a3634e4b00f54eb3dcd10,5a8a3634e4b00f54eb3dcd10
CA_Washington_466548_1951_24000,Washington,24000,7.5 x 7.5 minute,1951,1951,,1946,,1950,,,,N,600 PPI,NAD27,Polyconic,-120.875,39.25,-120.75,39.375,false,9988678,public_domain,https://prd-tnm.s3.amazonaws.com/StagedProducts/Maps/HistoricalTopo/GeoTIFF/CA/CA_Washington_466548_1951_24000_geo.tif,https://thor-f5.er.usgs.gov/ngtoc/metadata/waf/maps/historicaltopo/pdf/CA/24000/CA_Washington_466548_1951_24000_geo.xml,https://www.sciencebase.gov/catalog/item/5e2c27f1e4b0a79317d399cf,5e2c27f1e4b0a79317d399cf
CA_Washington_295648_2000_24000,Washington,24000,7.5 x 7.5 minute,2000,2000,2003,1998,,,,,,Y,600 PPI,NAD27,Lambert Conformal Conic,-120.875,39.25,-120.75,39.375,false,16288958,public_domain,https://prd-tnm.s3.amazonaws.com/StagedProducts/Maps/HistoricalTopo/GeoTIFF/CA/CA_Washington_295648_2000_24000_geo.tif,https://thor-f5.er.usgs.gov/ngtoc/metadata/waf/maps/historicaltopo/pdf/CA/24000/CA_Washington_295648_2000_24000_geo.xml,https://www.sciencebase.gov/catalog/item/5a8a3633e4b00f54eb3dccf2,5a8a3633e4b00f54eb3dccf2
CA_Webber_Peak_295681_1981_24000,Webber Peak,24000,7.5 x 7.5 minute,1981,1981,1987,1974,,1975,1981,,,Y,600 PPI,NAD27,Lambert Conformal Conic,-120.5,39.375,-120.375,39.5,false,10069402,public_domain,https://prd-tnm.s3.amazonaws.com/StagedProducts/Maps/HistoricalTopo/GeoTIFF/CA/CA_Webber%20Peak_295681_1981_24000_geo.tif,https://thor-f5.er.usgs.gov/ngtoc/metadata/waf/maps/historicaltopo/pdf/CA/24000/CA_Webber_Peak_295681_1981_24000_geo.xml,https://www.sciencebase.gov/catalog/item/5a8a3643e4b00f54eb3dcf0b,5a8a3643e4b00f54eb3dcf0b
CA_Webber_Peak_295682_1981_24000,Webber Peak,24000,7.5 x 7.5 minute,1981,1981,1987,1974,,1975,1981,,,Y,600 PPI,NAD27,Lambert Conformal Conic,-120.5,39.375,-120.375,39.5,false,9206021,public_domain,https://prd-tnm.s3.amazonaws.com/StagedProducts/Maps/HistoricalTopo/GeoTIFF/CA/CA_Webber%20Peak_295682_1981_24000_geo.tif,https://thor-f5.er.usgs.gov/ngtoc/metadata/waf/maps/historicaltopo/pdf/CA/24000/CA_Webber_Peak_295682_1981_24000_geo.xml,https://www.sciencebase.gov/catalog/item/5a8a3643e4b00f54eb3dcf11,5a8a3643e4b00f54eb3dcf11
CA_Webber_Peak_301259_1981_24000,Webber Peak,24000,7.5 x 7.5 minute,1981,1981,1981,1974,,1975,1981,,,Y,600 PPI,NAD27,Polyconic,-120.5,39.375,-120.375,39.5,false,8347410,public_domain,https://prd-tnm.s3.amazonaws.com/StagedProducts/Maps/HistoricalTopo/GeoTIFF/CA/CA_Webber%20Peak_301259_1981_24000_geo.tif,https://thor-f5.er.usgs.gov/ngtoc/metadata/waf/maps/historicaltopo/pdf/CA/24000/CA_Webber_Peak_301259_1981_24000_geo.xml,https://www.sciencebase.gov/catalog/item/5a8a3643e4b00f54eb3dcf18,5a8a3643e4b00f54eb3dcf18
CA_Webber_Peak_102408_2000_24000,Webber Peak,24000,7.5 x 7.5 minute,2000,2000,2003,1998,,,2000,,,Y,600 PPI,NAD27,Lambert Conformal Conic,-120.5,39.375,-120.375,39.5,false,12946196,public_domain,https://prd-tnm.s3.amazonaws.com/StagedProducts/Maps/HistoricalTopo/GeoTIFF/CA/CA_Webber%20Peak_102408_2000_24000_geo.tif,https://thor-f5.er.usgs.gov/ngtoc/metadata/waf/maps/historicaltopo/pdf/CA/24000/CA_Webber_Peak_102408_2000_24000_geo.xml,https://www.sciencebase.gov/catalog/item/5a8a3643e4b00f54eb3dcf05,5a8a3643e4b00f54eb3dcf05
CA_Wentworth_Springs_102417_1953_24000,Wentworth Springs,24000,7.5 x 7.5 minute,1953,1973,1985,1973,1973,,,,,Y,600 PPI,NAD27,Polyconic,-120.375,39.0,-120.25,39.125,false,13126724,public_domain,https://prd-tnm.s3.amazonaws.com/StagedProducts/Maps/HistoricalTopo/GeoTIFF/CA/CA_Wentworth%20Springs_102417_1953_24000_geo.tif,https://thor-f5.er.usgs.gov/ngtoc/metadata/waf/maps/historicaltopo/pdf/CA/24000/CA_Wentworth_Springs_102417_1953_24000_geo.xml,https://www.sciencebase.gov/catalog/item/5a8a364ee4b00f54eb3dd036,5a8a364ee4b00f54eb3dd036
CA_Wentworth_Springs_301267_1953_24000,Wentworth Springs,24000,7.5 x 7.5 minute,1953,1953,1959,1948,,1953,,,,Y,600 PPI,NAD27,Polyconic,-120.375,39.0,-120.25,39.125,false,12031613,public_domain,https://prd-tnm.s3.amazonaws.com/StagedProducts/Maps/HistoricalTopo/GeoTIFF/CA/CA_Wentworth%20Springs_301267_1953_24000_geo.tif,https://thor-f5.er.usgs.gov/ngtoc/metadata/waf/maps/historicaltopo/pdf/CA/24000/CA_Wentworth_Springs_301267_1953_24000_geo.xml,https://www.sciencebase.gov/catalog/item/5a8a364ee4b00f54eb3dd03d,5a8a364ee4b00f54eb3dd03d
CA_Wentworth_Springs_301268_1953_24000,Wentworth Springs,24000,7.5 x 7.5 minute,1953,1953,1955,1948,,1953,,,,Y,600 PPI,NAD27,Polyconic,-120.375,39.0,-120.25,39.125,false,11731937,public_domain,https://prd-tnm.s3.amazonaws.com/StagedProducts/Maps/HistoricalTopo/GeoTIFF/CA/CA_Wentworth%20Springs_301268_1953_24000_geo.tif,https://thor-f5.er.usgs.gov/ngtoc/metadata/waf/maps/historicaltopo/pdf/CA/24000/CA_Wentworth_Springs_301268_1953_24000_geo.xml,https://www.sciencebase.gov/catalog/item/5a8a364ee4b00f54eb3dd045,5a8a364ee4b00f54eb3dd045
CA_Wentworth_Springs_301269_1953_24000,Wentworth Springs,24000,7.5 x 7.5 minute,1953,1953,1974,1948,,1953,,,,Y,600 PPI,NAD27,Polyconic,-120.375,39.0,-120.25,39.125,false,10939775,public_domain,https://prd-tnm.s3.amazonaws.com/StagedProducts/Maps/HistoricalTopo/GeoTIFF/CA/CA_Wentworth%20Springs_301269_1953_24000_geo.tif,https://thor-f5.er.usgs.gov/ngtoc/metadata/waf/maps/historicaltopo/pdf/CA/24000/CA_Wentworth_Springs_301269_1953_24000_geo.xml,https://www.sciencebase.gov/catalog/item/5a8a364ee4b00f54eb3dd04e,5a8a364ee4b00f54eb3dd04e
CA_Wentworth_Springs_301270_1953_24000,Wentworth Springs,24000,7.5 x 7.5 minute,1953,1973,1975,1973,1973,1953,,,,Y,600 PPI,NAD27,Polyconic,-120.375,39.0,-120.25,39.125,false,10170131,public_domain,https://prd-tnm.s3.amazonaws.com/StagedProducts/Maps/HistoricalTopo/GeoTIFF/CA/CA_Wentworth%20Springs_301270_1953_24000_geo.tif,https://thor-f5.er.usgs.gov/ngtoc/metadata/waf/maps/historicaltopo/pdf/CA/24000/CA_Wentworth_Springs_301270_1953_24000_geo.xml,https://www.sciencebase.gov/catalog/item/5a8a364ee4b00f54eb3dd056,5a8a364ee4b00f54eb3dd056
CA_Westville_301319_1952_24000,Westville,24000,7.5 x 7.5 minute,1952,1952,1957,1948,,1952,,,,Y,600 PPI,NAD27,Polyconic,-120.75,39.125,-120.625,39.25,false,12754819,public_domain,https://prd-tnm.s3.amazonaws.com/StagedProducts/Maps/HistoricalTopo/GeoTIFF/CA/CA_Westville_301319_1952_24000_geo.tif,https://thor-f5.er.usgs.gov/ngtoc/metadata/waf/maps/historicaltopo/pdf/CA/24000/CA_Westville_301319_1952_24000_geo.xml,https://www.sciencebase.gov/catalog/item/5a8a366be4b00f54eb3dd423,5a8a366be4b00f54eb3dd423
CA_Westville_301320_1952_24000,Westville,24000,7.5 x 7.5 minute,1952,1952,1954,1948,,1952,,,,Y,600 PPI,NAD27,Polyconic,-120.75,39.125,-120.625,39.25,false,12612025,public_domain,https://prd-tnm.s3.amazonaws.com/StagedProducts/Maps/HistoricalTopo/GeoTIFF/CA/CA_Westville_301320_1952_24000_geo.tif,https://thor-f5.er.usgs.gov/ngtoc/metadata/waf/maps/historicaltopo/pdf/CA/24000/CA_Westville_301320_1952_24000_geo.xml,https://www.sciencebase.gov/catalog/item/5a8a366be4b00f54eb3dd428,5a8a366be4b00f54eb3dd428
CA_Westville_301321_1952_24000,Westville,24000,7.5 x 7.5 minute,1952,1952,,1948,,1952,,,,Y,600 PPI,NAD27,Polyconic,-120.75,39.125,-120.625,39.25,false,11098163,public_domain,https://prd-tnm.s3.amazonaws.com/StagedProducts/Maps/HistoricalTopo/GeoTIFF/CA/CA_Westville_301321_1952_24000_geo.tif,https://thor-f5.er.usgs.gov/ngtoc/metadata/waf/maps/historicaltopo/pdf/CA/24000/CA_Westville_301321_1952_24000_geo.xml,https://www.sciencebase.gov/catalog/item/5a8a366ce4b00f54eb3dd42e,5a8a366ce4b00f54eb3dd42e
CA_Westville_301322_1952_24000,Westville,24000,7.5 x 7.5 minute,1952,1973,1976,1948,1973,1952,,,,Y,600 PPI,NAD27,Polyconic,-120.75,39.125,-120.625,39.25,false,12400198,public_domain,https://prd-tnm.s3.amazonaws.com/StagedProducts/Maps/HistoricalTopo/GeoTIFF/CA/CA_Westville_301322_1952_24000_geo.tif,https://thor-f5.er.usgs.gov/ngtoc/metadata/waf/maps/historicaltopo/pdf/CA/24000/CA_Westville_301322_1952_24000_geo.xml,https://www.sciencebase.gov/catalog/item/5a8a366ce4b00f54eb3dd435,5a8a366ce4b00f54eb3dd435
CA_Westville_301323_1952_24000,Westville,24000,7.5 x 7.5 minute,1952,1979,1983,1976,1979,1952,1979,,,Y,600 PPI,NAD27,Polyconic,-120.75,39.125,-120.625,39.25,false,12342984,public_domain,https://prd-tnm.s3.amazonaws.com/StagedProducts/Maps/HistoricalTopo/GeoTIFF/CA/CA_Westville_301323_1952_24000_geo.tif,https://thor-f5.er.usgs.gov/ngtoc/metadata/waf/maps/historicaltopo/pdf/CA/24000/CA_Westville_301323_1952_24000_geo.xml,https://www.sciencebase.gov/catalog/item/5a8a366ce4b00f54eb3dd43c,5a8a366ce4b00f54eb3dd43c
CA_Westville_301324_1952_24000,Westville,24000,7.5 x 7.5 minute,1952,1979,1980,1976,1979,1952,1979,,,Y,600 PPI,NAD27,Polyconic,-120.75,39.125,-120.625,39.25,false,12174520,public_domain,https://prd-tnm.s3.amazonaws.com/StagedProducts/Maps/HistoricalTopo/GeoTIFF/CA/CA_Westville_301324_1952_24000_geo.tif,https://thor-f5.er.usgs.gov/ngtoc/metadata/waf/maps/historicaltopo/pdf/CA/24000/CA_Westville_301324_1952_24000_geo.xml,https://www.sciencebase.gov/catalog/item/5a8a366ce4b00f54eb3dd440,5a8a366ce4b00f54eb3dd440
CA_Westville_301325_1952_24000,Westville,24000,7.5 x 7.5 minute,1952,1979,1983,1976,1979,1952,1979,,,Y,600 PPI,NAD27,Polyconic,-120.75,39.125,-120.625,39.25,false,13642444,public_domain,https://prd-tnm.s3.amazonaws.com/StagedProducts/Maps/HistoricalTopo/GeoTIFF/CA/CA_Westville_301325_1952_24000_geo.tif,https://thor-f5.er.usgs.gov/ngtoc/metadata/waf/maps/historicaltopo/pdf/CA/24000/CA_Westville_301325_1952_24000_geo.xml,https://www.sciencebase.gov/catalog/item/5a8a366ce4b00f54eb3dd444,5a8a366ce4b00f54eb3dd444
CA_Westville_466573_1952_24000,Westville,24000,7.5 x 7.5 minute,1952,1952,1954,1948,,1952,,,,N,600 PPI,NAD27,Polyconic,-120.75,39.125,-120.625,39.25,false,9587561,public_domain,https://prd-tnm.s3.amazonaws.com/StagedProducts/Maps/HistoricalTopo/GeoTIFF/CA/CA_Westville_466573_1952_24000_geo.tif,https://thor-f5.er.usgs.gov/ngtoc/metadata/waf/maps/historicaltopo/pdf/CA/24000/CA_Westville_466573_1952_24000_geo.xml,https://www.sciencebase.gov/catalog/item/5e2c2801e4b0a79317d399e3,5e2c2801e4b0a79317d399e3
CA_Westville_102142_2000_24000,Westville,24000,7.5 x 7.5 minute,2000,2000,2003,1998,,,2000,,,Y,600 PPI,NAD27,Lambert Conformal Conic,-120.75,39.125,-120.625,39.25,false,14832855,public_domain,https://prd-tnm.s3.amazonaws.com/StagedProducts/Maps/HistoricalTopo/GeoTIFF/CA/CA_Westville_102142_2000_24000_geo.tif,https://thor-f5.er.usgs.gov/ngtoc/metadata/waf/maps/historicaltopo/pdf/CA/24000/CA_Westville_102142_2000_24000_geo.xml,https://www.sciencebase.gov/catalog/item/5a8a366be4b00f54eb3dd41d,5a8a366be4b00f54eb3dd41d
CA_Wheatland_102147_1947_24000,Wheatland,24000,7.5 x 7.5 minute,1947,1973,1976,1973,1973,,,,1947,Y,600 PPI,NAD27,Polyconic,-121.5,39.0,-121.375,39.125,false,7786863,public_domain,https://prd-tnm.s3.amazonaws.com/StagedProducts/Maps/HistoricalTopo/GeoTIFF/CA/CA_Wheatland_102147_1947_24000_geo.tif,https://thor-f5.er.usgs.gov/ngtoc/metadata/waf/maps/historicaltopo/pdf/CA/24000/CA_Wheatland_102147_1947_24000_geo.xml,https://www.sciencebase.gov/catalog/item/5a8a366ee4b00f54eb3dd465,5a8a366ee4b00f54eb3dd465
CA_Wheatland_301329_1947_24000,Wheatland,24000,7.5 x 7.5 minute,1947,1947,1958,1943,,,,,1947,Y,600 PPI,NAD27,Polyconic,-121.5,39.0,-121.375,39.125,false,7176381,public_domain,https://prd-tnm.s3.amazonaws.com/StagedProducts/Maps/HistoricalTopo/GeoTIFF/CA/CA_Wheatland_301329_1947_24000_geo.tif,https://thor-f5.er.usgs.gov/ngtoc/metadata/waf/maps/historicaltopo/pdf/CA/24000/CA_Wheatland_301329_1947_24000_geo.xml,https://www.sciencebase.gov/catalog/item/5a8a366ee4b00f54eb3dd468,5a8a366ee4b00f54eb3dd468
CA_Wheatland_301330_1947_24000,Wheatland,24000,7.5 x 7.5 minute,1947,1947,1966,1943,,,,,1947,Y,600 PPI,NAD27,Polyconic,-121.5,39.0,-121.375,39.125,false,7299579,public_domain,https://prd-tnm.s3.amazonaws.com/StagedProducts/Maps/HistoricalTopo/GeoTIFF/CA/CA_Wheatland_301330_1947_24000_geo.tif,https://thor-f5.er.usgs.gov/ngtoc/metadata/waf/maps/historicaltopo/pdf/CA/24000/CA_Wheatland_301330_1947_24000_geo.xml,https://www.sciencebase.gov/catalog/item/5a8a366fe4b00f54eb3dd46d,5a8a366fe4b00f54eb3dd46d
CA_Wheatland_301332_1947_24000,Wheatland,24000,7.5 x 7.5 minute,1947,1973,1976,1973,1973,,,,1947,Y,600 PPI,NAD27,Polyconic,-121.5,39.0,-121.375,39.125,false,7586141,public_domain,https://prd-tnm.s3.amazonaws.com/StagedProducts/Maps/HistoricalTopo/GeoTIFF/CA/CA_Wheatland_301332_1947_24000_geo.tif,https://thor-f5.er.usgs.gov/ngtoc/metadata/waf/maps/historicaltopo/pdf/CA/24000/CA_Wheatland_301332_1947_24000_geo.xml,https://www.sciencebase.gov/catalog/item/5a8a366fe4b00f54eb3dd479,5a8a366fe4b00f54eb3dd479
CA_Wheatland_301331_1949_24000,Wheatland,24000,7.5 x 7.5 minute,1949,1949,,1943,,,,,1947,Y,600 PPI,NAD27,Polyconic,-121.5,39.0,-121.375,39.125,false,7025399,public_domain,https://prd-tnm.s3.amazonaws.com/StagedProducts/Maps/HistoricalTopo/GeoTIFF/CA/CA_Wheatland_301331_1949_24000_geo.tif,https://thor-f5.er.usgs.gov/ngtoc/metadata/waf/maps/historicaltopo/pdf/CA/24000/CA_Wheatland_301331_1949_24000_geo.xml,https://www.sciencebase.gov/catalog/item/5a8a366fe4b00f54eb3dd473,5a8a366fe4b00f54eb3dd473
CA_Wolf_301416_1949_24000,Wolf,24000,7.5 x 7.5 minute,1949,1949,1954,1947,,1949,,,,Y,600 PPI,NAD27,Polyconic,-121.25,39.0,-121.125,39.125,false,12906111,public_domain,https://prd-tnm.s3.amazonaws.com/StagedProducts/Maps/HistoricalTopo/GeoTIFF/CA/CA_Wolf_301416_1949_24000_geo.tif,https://thor-f5.er.usgs.gov/ngtoc/metadata/waf/maps/historicaltopo/pdf/CA/24000/CA_Wolf_301416_1949_24000_geo.xml,https://www.sciencebase.gov/catalog/item/5a8a36b7e4b00f54eb3dda50,5a8a36b7e4b00f54eb3dda50
CA_Wolf_301418_1949_24000,Wolf,24000,7.5 x 7.5 minute,1949,1973,1977,1973,1973,1949,,,,Y,600 PPI,NAD27,Polyconic,-121.25,39.0,-121.125,39.125,false,12372303,public_domain,https://prd-tnm.s3.amazonaws.com/StagedProducts/Maps/HistoricalTopo/GeoTIFF/CA/CA_Wolf_301418_1949_24000_geo.tif,https://thor-f5.er.usgs.gov/ngtoc/metadata/waf/maps/historicaltopo/pdf/CA/24000/CA_Wolf_301418_1949_24000_geo.xml,https://www.sciencebase.gov/catalog/item/5a8a36b7e4b00f54eb3dda5d,5a8a36b7e4b00f54eb3dda5d
CA_Wolf_466608_1949_24000,Wolf,24000,7.5 x 7.5 minute,1949,1949,1954,1947,,1949,,,,N,600 PPI,NAD27,Polyconic,-121.25,39.0,-121.125,39.125,false,9929702,public_domain,https://prd-tnm.s3.amazonaws.com/StagedProducts/Maps/HistoricalTopo/GeoTIFF/CA/CA_Wolf_466608_1949_24000_geo.tif,https://thor-f5.er.usgs.gov/ngtoc/metadata/waf/maps/historicaltopo/pdf/CA/24000/CA_Wolf_466608_1949_24000_geo.xml,https://www.sciencebase.gov/catalog/item/5e2b757fe4b0a79317d19652,5e2b757fe4b0a79317d19652
CA_Wolf_301417_1950_24000,Wolf,24000,7.5 x 7.5 minute,1950,1950,,1947,,1949,,,,Y,600 PPI,NAD27,Polyconic,-121.25,39.0,-121.125,39.125,false,11014642,public_domain,https://prd-tnm.s3.amazonaws.com/StagedProducts/Maps/HistoricalTopo/GeoTIFF/CA/CA_Wolf_301417_1950_24000_geo.tif,https://thor-f5.er.usgs.gov/ngtoc/metadata/waf/maps/historicaltopo/pdf/CA/24000/CA_Wolf_301417_1950_24000_geo.xml,https://www.sciencebase.gov/catalog/item/5a8a36b7e4b00f54eb3dda55,5a8a36b7e4b00f54eb3dda55
CA_Wolf_466609_1950_24000,Wolf,24000,7.5 x 7.5 minute,1950,1950,,1946,,1949,,,,N,600 PPI,NAD27,Polyconic,-121.25,39.0,-121.125,39.125,false,8774548,public_domain,https://prd-tnm.s3.amazonaws.com/StagedProducts/Maps/HistoricalTopo/GeoTIFF/CA/CA_Wolf_466609_1950_24000_geo.tif,https://thor-f5.er.usgs.gov/ngtoc/metadata/waf/maps/historicaltopo/pdf/CA/24000/CA_Wolf_466609_1950_24000_geo.xml,https://www.sciencebase.gov/catalog/item/5e2b7580e4b0a79317d19654,5e2b7580e4b0a79317d19654
CA_Wolf_295828_1995_24000,Wolf,24000,7.5 x 7.5 minute,1995,1995,1995,1987,,1989,1995,,,Y,600 PPI,NAD27,Lambert Conformal Conic,-121.25,39.0,-121.125,39.125,false,12108791,public_domain,https://prd-tnm.s3.amazonaws.com/StagedProducts/Maps/HistoricalTopo/GeoTIFF/CA/CA_Wolf_295828_1995_24000_geo.tif,https://thor-f5.er.usgs.gov/ngtoc/metadata/waf/maps/historicaltopo/pdf/CA/24000/CA_Wolf_295828_1995_24000_geo.xml,https://www.sciencebase.gov/catalog/item/5a8a36b7e4b00f54eb3dda4b,5a8a36b7e4b00f54eb3dda4b
CA_Wolf_102579_1998_24000,Wolf,24000,7.5 x 7.5 minute,1998,1998,2002,1987,,,,1998,,Y,600 PPI,NAD83,Transverse Mercator,-121.25,39.0,-121.125,39.125,false,12826618,public_domain,https://prd-tnm.s3.amazonaws.com/StagedProducts/Maps/HistoricalTopo/GeoTIFF/CA/CA_Wolf_102579_1998_24000_geo.tif,https://thor-f5.er.usgs.gov/ngtoc/metadata/waf/maps/historicaltopo/pdf/CA/24000/CA_Wolf_102579_1998_24000_geo.xml,https://www.sciencebase.gov/catalog/item/5a8a36b7e4b00f54eb3dda45,5a8a36b7e4b00f54eb3dda45
CA_Antelope_295894_1911_31680,Antelope,31680,7.5 x 7.5 minute,1911,1911,,,,,,,1909,N,600 PPI,Unstated,Unstated,-121.375,38.625,-121.25,38.75,false,6428661,public_domain,https://prd-tnm.s3.amazonaws.com/StagedProducts/Maps/HistoricalTopo/GeoTIFF/CA/CA_Antelope_295894_1911_31680_geo.tif,https://thor-f5.er.usgs.gov/ngtoc/metadata/waf/maps/historicaltopo/pdf/CA/31680/CA_Antelope_295894_1911_31680_geo.xml,https://www.sciencebase.gov/catalog/item/5a8a5146e4b00f54eb40b69a,5a8a5146e4b00f54eb40b69a
CA_Arcade_295900_1911_31680,Arcade,31680,7.5 x 7.5 minute,1911,1911,,,,,,,1909,N,600 PPI,Unstated,Unstated,-121.5,38.625,-121.375,38.75,false,4624747,public_domain,https://prd-tnm.s3.amazonaws.com/StagedProducts/Maps/HistoricalTopo/GeoTIFF/CA/CA_Arcade_295900_1911_31680_geo.tif,https://thor-f5.er.usgs.gov/ngtoc/metadata/waf/maps/historicaltopo/pdf/CA/31680/CA_Arcade_295900_1911_31680_geo.xml,https://www.sciencebase.gov/catalog/item/5a8a5147e4b00f54eb40b6ad,5a8a5147e4b00f54eb40b6ad
CA_Arcade_295901_1911_31680,Arcade,31680,7.5 x 7.5 minute,1911,1911,1942,,,,,,1909,N,600 PPI,NAD,Polyconic,-121.5,38.625,-121.375,38.75,false,4975019,public_domain,https://prd-tnm.s3.amazonaws.com/StagedProducts/Maps/HistoricalTopo/GeoTIFF/CA/CA_Arcade_295901_1911_31680_geo.tif,https://thor-f5.er.usgs.gov/ngtoc/metadata/waf/maps/historicaltopo/pdf/CA/31680/CA_Arcade_295901_1911_31680_geo.xml,https://www.sciencebase.gov/catalog/item/5a8a5147e4b00f54eb40b6b3,5a8a5147e4b00f54eb40b6b3
CA_Folsom_296098_1914_31680,Folsom,31680,7.5 x 7.5 minute,1914,1914,,,,,,,1908,N,600 PPI,Unstated,Unstated,-121.25,38.625,-121.125,38.75,false,3001412,public_domain,https://prd-tnm.s3.amazonaws.com/StagedProducts/Maps/HistoricalTopo/GeoTIFF/CA/CA_Folsom_296098_1914_31680_geo.tif,https://thor-f5.er.usgs.gov/ngtoc/metadata/waf/maps/historicaltopo/pdf/CA/31680/CA_Folsom_296098_1914_31680_geo.xml,https://www.sciencebase.gov/catalog/item/5a8a5184e4b00f54eb40be70,5a8a5184e4b00f54eb40be70
CA_Folsom_296099_1914_31680,Folsom,31680,7.5 x 7.5 minute,1914,1914,1922,,,,,,1908,N,600 PPI,NAD,Polyconic,-121.25,38.625,-121.125,38.75,false,2707664,public_domain,https://prd-tnm.s3.amazonaws.com/StagedProducts/Maps/HistoricalTopo/GeoTIFF/CA/CA_Folsom_296099_1914_31680_geo.tif,https://thor-f5.er.usgs.gov/ngtoc/metadata/waf/maps/historicaltopo/pdf/CA/31680/CA_Folsom_296099_1914_31680_geo.xml,https://www.sciencebase.gov/catalog/item/5a8a5184e4b00f54eb40be77,5a8a5184e4b00f54eb40be77
CA_Lincoln_296246_1910_31680,Lincoln,31680,7.5 x 7.5 minute,1910,1910,,,,,,,1908,N,600 PPI,NAD,Polyconic,-121.375,38.875,-121.25,39.0,false,6064891,public_domain,https://prd-tnm.s3.amazonaws.com/StagedProducts/Maps/HistoricalTopo/GeoTIFF/CA/CA_Lincoln_296246_1910_31680_geo.tif,https://thor-f5.er.usgs.gov/ngtoc/metadata/waf/maps/historicaltopo/pdf/CA/31680/CA_Lincoln_296246_1910_31680_geo.xml,https://www.sciencebase.gov/catalog/item/5a8a51b3e4b00f54eb40c385,5a8a51b3e4b00f54eb40c385
CA_Lincoln_296247_1910_31680,Lincoln,31680,7.5 x 7.5 minute,1910,1910,1947,,,,,,1908,N,600 PPI,NAD,Polyconic,-121.375,38.875,-121.25,39.0,false,5517086,public_domain,https://prd-tnm.s3.amazonaws.com/StagedProducts/Maps/HistoricalTopo/GeoTIFF/CA/CA_Lincoln_296247_1910_31680_geo.tif,https://thor-f5.er.usgs.gov/ngtoc/metadata/waf/maps/historicaltopo/pdf/CA/31680/CA_Lincoln_296247_1910_31680_geo.xml,https://www.sciencebase.gov/catalog/item/5a8a51b4e4b00f54eb40c38d,5a8a51b4e4b00f54eb40c38d
CA_Pleasant_Grove_296419_1910_31680,Pleasant Grove,31680,7.5 x 7.5 minute,1910,1910,,,,,,,1908,N,600 PPI,Unstated,Unstated,-121.5,38.75,-121.375,38.875,false,4460408,public_domain,https://prd-tnm.s3.amazonaws.com/StagedProducts/Maps/HistoricalTopo/GeoTIFF/CA/CA_Pleasant%20Grove_296419_1910_31680_geo.tif,https://thor-f5.er.usgs.gov/ngtoc/metadata/waf/maps/historicaltopo/pdf/CA/31680/CA_Pleasant_Grove_296419_1910_31680_geo.xml,https://www.sciencebase.gov/catalog/item/5a8a51e4e4b00f54eb40c944,5a8a51e4e4b00f54eb40c944
CA_Pleasant_Grove_466158_1910_31680,Pleasant Grove,31680,7.5 x 7.5 minute,1910,1910,,,,,,,1908,N,600 PPI,Unstated,Unstated,-121.5,38.75,-121.375,38.875,false,3726267,public_domain,https://prd-tnm.s3.amazonaws.com/StagedProducts/Maps/HistoricalTopo/GeoTIFF/CA/CA_Pleasant%20Grove_466158_1910_31680_geo.tif,https://thor-f5.er.usgs.gov/ngtoc/metadata/waf/maps/historicaltopo/pdf/CA/31680/CA_Pleasant_Grove_466158_1910_31680_geo.xml,https://www.sciencebase.gov/catalog/item/5e06537de4b0b207aa0b46c5,5e06537de4b0b207aa0b46c5
CA_Roseville_296485_1910_31680,Roseville,31680,7.5 x 7.5 minute,1910,1910,,,,,,,1908,N,600 PPI,Unstated,Unstated,-121.375,38.75,-121.25,38.875,false,6893658,public_domain,https://prd-tnm.s3.amazonaws.com/StagedProducts/Maps/HistoricalTopo/GeoTIFF/CA/CA_Roseville_296485_1910_31680_geo.tif,https://thor-f5.er.usgs.gov/ngtoc/metadata/waf/maps/historicaltopo/pdf/CA/31680/CA_Roseville_296485_1910_31680_geo.xml,https://www.sciencebase.gov/catalog/item/5a8a51f4e4b00f54eb40cb65,5a8a51f4e4b00f54eb40cb65
CA_Roseville_296486_1910_31680,Roseville,31680,7.5 x 7.5 minute,1910,1910,1947,,,,,,1908,N,600 PPI,NAD,Polyconic,-121.375,38.75,-121.25,38.875,false,6615227,public_domain,https://prd-tnm.s3.amazonaws.com/StagedProducts/Maps/HistoricalTopo/GeoTIFF/CA/CA_Roseville_296486_1910_31680_geo.tif,https://thor-f5.er.usgs.gov/ngtoc/metadata/waf/maps/historicaltopo/pdf/CA/31680/CA_Roseville_296486_1910_31680_geo.xml,https://www.sciencebase.gov/catalog/item/5a8a51f4e4b00f54eb40cb6b,5a8a51f4e4b00f54eb40cb6b
CA_Sheridan_296508_1910_31680,Sheridan,31680,7.5 x 7.5 minute,1910,1910,,,,,,,1908,N,600 PPI,Unstated,Unstated,-121.5,38.875,-121.375,39.0,false,3861092,public_domain,https://prd-tnm.s3.amazonaws.com/StagedProducts/Maps/HistoricalTopo/GeoTIFF/CA/CA_Sheridan_296508_1910_31680_geo.tif,https://thor-f5.er.usgs.gov/ngtoc/metadata/waf/maps/historicaltopo/pdf/CA/31680/CA_Sheridan_296508_1910_31680_geo.xml,https://www.sciencebase.gov/catalog/item/5a8a51ffe4b00f54eb40cc7d,5a8a51ffe4b00f54eb40cc7d
CA_Sheridan_296509_1910_31680,Sheridan,31680,7.5 x 7.5 minute,1910,1910,,,,,,,1908,N,600 PPI,Unstated,Unstated,-121.5,38.875,-121.375,39.0,false,3184842,public_domain,https://prd-tnm.s3.amazonaws.com/StagedProducts/Maps/HistoricalTopo/GeoTIFF/CA/CA_Sheridan_296509_1910_31680_geo.tif,https://thor-f5.er.usgs.gov/ngtoc/metadata/waf/maps/historicaltopo/pdf/CA/31680/CA_Sheridan_296509_1910_31680_geo.xml,https://www.sciencebase.gov/catalog/item/5a8a5200e4b00f54eb40cc87,5a8a5200e4b00f54eb40cc87
CA_Spenceville_296518_1915_31680,Spenceville,31680,7.5 x 7.5 minute,1915,1915,,,,,,,1909,N,600 PPI,Unstated,Unstated,-121.375,39.0,-121.25,39.125,false,3818616,public_domain,https://prd-tnm.s3.amazonaws.com/StagedProducts/Maps/HistoricalTopo/GeoTIFF/CA/CA_Spenceville_296518_1915_31680_geo.tif,https://thor-f5.er.usgs.gov/ngtoc/metadata/waf/maps/historicaltopo/pdf/CA/31680/CA_Spenceville_296518_1915_31680_geo.xml,https://www.sciencebase.gov/catalog/item/5a8a5203e4b00f54eb40ccfa,5a8a5203e4b00f54eb40ccfa
CA_Spenceville_296519_1915_31680,Spenceville,31680,7.5 x 7.5 minute,1915,1915,1921,,,,,,1909,N,600 PPI,Unstated,Unstated,-121.375,39.0,-121.25,39.125,false,4565361,public_domain,https://prd-tnm.s3.amazonaws.com/StagedProducts/Maps/HistoricalTopo/GeoTIFF/CA/CA_Spenceville_296519_1915_31680_geo.tif,https://thor-f5.er.usgs.gov/ngtoc/metadata/waf/maps/historicaltopo/pdf/CA/31680/CA_Spenceville_296519_1915_31680_geo.xml,https://www.sciencebase.gov/catalog/item/5a8a5203e4b00f54eb40cd03,5a8a5203e4b00f54eb40cd03
CA_Wheatland_296603_1910_31680,Wheatland,31680,7.5 x 7.5 minute,1910,1910,,,,,,,1908,N,600 PPI,Unstated,Unstated,-121.5,39.0,-121.375,39.125,false,4831153,public_domain,https://prd-tnm.s3.amazonaws.com/StagedProducts/Maps/HistoricalTopo/GeoTIFF/CA/CA_Wheatland_296603_1910_31680_geo.tif,https://thor-f5.er.usgs.gov/ngtoc/metadata/waf/maps/historicaltopo/pdf/CA/31680/CA_Wheatland_296603_1910_31680_geo.xml,https://www.sciencebase.gov/catalog/item/5a8a5222e4b00f54eb40d0e7,5a8a5222e4b00f54eb40d0e7
CA_Wheatland_301567_1910_31680,Wheatland,31680,7.5 x 7.5 minute,1910,1910,1947,,,,,,1908,N,600 PPI,NAD,Polyconic,-121.5,39.0,-121.375,39.125,false,4079406,public_domain,https://prd-tnm.s3.amazonaws.com/StagedProducts/Maps/HistoricalTopo/GeoTIFF/CA/CA_Wheatland_301567_1910_31680_geo.tif,https://thor-f5.er.usgs.gov/ngtoc/metadata/waf/maps/historicaltopo/pdf/CA/31680/CA_Wheatland_301567_1910_31680_geo.xml,https://www.sciencebase.gov/catalog/item/5a8a5222e4b00f54eb40d0f0,5a8a5222e4b00f54eb40d0f0
CA_Alleghany_296675_1950_62500,Alleghany,62500,15 x 15 minute,1950,1950,1972,1946,,,,,,Y,600 PPI,NAD27,Polyconic,-121.0,39.25,-120.75,39.5,false,8540144,public_domain,https://prd-tnm.s3.amazonaws.com/StagedProducts/Maps/HistoricalTopo/GeoTIFF/CA/CA_Alleghany_296675_1950_62500_geo.tif,https://thor-f5.er.usgs.gov/ngtoc/metadata/waf/maps/historicaltopo/pdf/CA/62500/CA_Alleghany_296675_1950_62500_geo.xml,https://www.sciencebase.gov/catalog/item/5a8a3f7fe4b00f54eb3eba7a,5a8a3f7fe4b00f54eb3eba7a
CA_Alleghany_296676_1950_62500,Alleghany,62500,15 x 15 minute,1950,1950,1966,1946,,,,,,Y,600 PPI,NAD27,Polyconic,-121.0,39.25,-120.75,39.5,false,8252161,public_domain,https://prd-tnm.s3.amazonaws.com/StagedProducts/Maps/HistoricalTopo/GeoTIFF/CA/CA_Alleghany_296676_1950_62500_geo.tif,https://thor-f5.er.usgs.gov/ngtoc/metadata/waf/maps/historicaltopo/pdf/CA/62500/CA_Alleghany_296676_1950_62500_geo.xml,https://www.sciencebase.gov/catalog/item/5a8a3f7fe4b00f54eb3eba7f,5a8a3f7fe4b00f54eb3eba7f
CA_Alleghany_296677_1950_62500,Alleghany,62500,15 x 15 minute,1950,1950,1959,1946,,,,,,Y,600 PPI,NAD27,Polyconic,-121.0,39.25,-120.75,39.5,false,8002111,public_domain,https://prd-tnm.s3.amazonaws.com/StagedProducts/Maps/HistoricalTopo/GeoTIFF/CA/CA_Alleghany_296677_1950_62500_geo.tif,https://thor-f5.er.usgs.gov/ngtoc/metadata/waf/maps/historicaltopo/pdf/CA/62500/CA_Alleghany_296677_1950_62500_geo.xml,https://www.sciencebase.gov/catalog/item/5a8a3f7fe4b00f54eb3eba85,5a8a3f7fe4b00f54eb3eba85
CA_Alleghany_296678_1950_62500,Alleghany,62500,15 x 15 minute,1950,1950,1980,1946,,,,,,Y,600 PPI,NAD27,Polyconic,-121.0,39.25,-120.75,39.5,false,7520087,public_domain,https://prd-tnm.s3.amazonaws.com/StagedProducts/Maps/HistoricalTopo/GeoTIFF/CA/CA_Alleghany_296678_1950_62500_geo.tif,https://thor-f5.er.usgs.gov/ngtoc/metadata/waf/maps/historicaltopo/pdf/CA/62500/CA_Alleghany_296678_1950_62500_geo.xml,https://www.sciencebase.gov/catalog/item/5a8a3f80e4b00f54eb3eba8b,5a8a3f80e4b00f54eb3eba8b
CA_Auburn_296741_1944_62500,Auburn,62500,15 x 15 minute,1944,1944,,,,,,,1941,Y,600 PPI,NAD27,Polyconic,-121.25,38.75,-121.0,39.0,true,8057515,public_domain,https://prd-tnm.s3.amazonaws.com/StagedProducts/Maps/HistoricalTopo/GeoTIFF/CA/CA_Auburn_296741_1944_62500_geo.tif,https://thor-f5.er.usgs.gov/ngtoc/metadata/waf/maps/historicaltopo/pdf/CA/62500/CA_Auburn_296741_1944_62500_geo.xml,https://www.sciencebase.gov/catalog/item/5a8a3f95e4b00f54eb3ebcbc,5a8a3f95e4b00f54eb3ebcbc
CA_Auburn_296742_1944_62500,Auburn,62500,15 x 15 minute,1944,1944,1948,,,,,,1941,N,600 PPI,NAD27,Polyconic,-121.25,38.75,-121.0,39.0,true,7396402,public_domain,https://prd-tnm.s3.amazonaws.com/StagedProducts/Maps/HistoricalTopo/GeoTIFF/CA/CA_Auburn_296742_1944_62500_geo.tif,https://thor-f5.er.usgs.gov/ngtoc/metadata/waf/maps/historicaltopo/pdf/CA/62500/CA_Auburn_296742_1944_62500_geo.xml,https://www.sciencebase.gov/catalog/item/5a8a3f95e4b00f54eb3ebcc2,5a8a3f95e4b00f54eb3ebcc2
CA_Auburn_465317_1944_62500,Auburn,62500,15 x 15 minute,1944,1944,,,,,,,1941,N,600 PPI,NAD27,Polyconic,-121.25,38.75,-121.0,39.0,true,6881509,public_domain,https://prd-tnm.s3.amazonaws.com/StagedProducts/Maps/HistoricalTopo/GeoTIFF/CA/CA_Auburn_465317_1944_62500_geo.tif,https://thor-f5.er.usgs.gov/ngtoc/metadata/waf/maps/historicaltopo/pdf/CA/62500/CA_Auburn_465317_1944_62500_geo.xml,https://www.sciencebase.gov/catalog/item/5cbaec0be4b0c3b0066377b4,5cbaec0be4b0c3b0066377b4
CA_Auburn_296743_1954_62500,Auburn,62500,15 x 15 minute,1954,1954,1959,1952,,,,,,Y,600 PPI,NAD27,Polyconic,-121.25,38.75,-121.0,39.0,true,7673121,public_domain,https://prd-tnm.s3.amazonaws.com/StagedProducts/Maps/HistoricalTopo/GeoTIFF/CA/CA_Auburn_296743_1954_62500_geo.tif,https://thor-f5.er.usgs.gov/ngtoc/metadata/waf/maps/historicaltopo/pdf/CA/62500/CA_Auburn_296743_1954_62500_geo.xml,https://www.sciencebase.gov/catalog/item/5a8a3f95e4b00f54eb3ebcc7,5a8a3f95e4b00f54eb3ebcc7
CA_Auburn_296744_1954_62500,Auburn,62500,15 x 15 minute,1954,1954,1965,1952,,,,,,Y,600 PPI,NAD27,Polyconic,-121.25,38.75,-121.0,39.0,true,7087813,public_domain,https://prd-tnm.s3.amazonaws.com/StagedProducts/Maps/HistoricalTopo/GeoTIFF/CA/CA_Auburn_296744_1954_62500_geo.tif,https://thor-f5.er.usgs.gov/ngtoc/metadata/waf/maps/historicaltopo/pdf/CA/62500/CA_Auburn_296744_1954_62500_geo.xml,https://www.sciencebase.gov/catalog/item/5a8a3f96e4b00f54eb3ebccd,5a8a3f96e4b00f54eb3ebccd
CA_Bangor_296761_1941_62500,Bangor,62500,15 x 15 minute,1941,1941,1958,,,,,,1941,Y,600 PPI,NAD27,Polyconic,-121.5,39.25,-121.25,39.5,false,7823864,public_domain,https://prd-tnm.s3.amazonaws.com/StagedProducts/Maps/HistoricalTopo/GeoTIFF/CA/CA_Bangor_296761_1941_62500_geo.tif,https://thor-f5.er.usgs.gov/ngtoc/metadata/waf/maps/historicaltopo/pdf/CA/62500/CA_Bangor_296761_1941_62500_geo.xml,https://www.sciencebase.gov/catalog/item/5a8a3fa1e4b00f54eb3ebe13,5a8a3fa1e4b00f54eb3ebe13
CA_Bangor_296762_1944_62500,Bangor,62500,15 x 15 minute,1944,1944,,,,,,,1941,Y,600 PPI,NAD27,Polyconic,-121.5,39.25,-121.25,39.5,false,8189824,public_domain,https://prd-tnm.s3.amazonaws.com/StagedProducts/Maps/HistoricalTopo/GeoTIFF/CA/CA_Bangor_296762_1944_62500_geo.tif,https://thor-f5.er.usgs.gov/ngtoc/metadata/waf/maps/historicaltopo/pdf/CA/62500/CA_Bangor_296762_1944_62500_geo.xml,https://www.sciencebase.gov/catalog/item/5a8a3fa1e4b00f54eb3ebe19,5a8a3fa1e4b00f54eb3ebe19
CA_Bangor_465324_1944_62500,Bangor,62500,15 x 15 minute,1944,1944,,,,,,,1941,N,600 PPI,NAD27,Polyconic,-121.5,39.25,-121.25,39.5,false,6448547,public_domain,https://prd-tnm.s3.amazonaws.com/StagedProducts/Maps/HistoricalTopo/GeoTIFF/CA/CA_Bangor_465324_1944_62500_geo.tif,https://thor-f5.er.usgs.gov/ngtoc/metadata/waf/maps/historicaltopo/pdf/CA/62500/CA_Bangor_465324_1944_62500_geo.xml,https://www.sciencebase.gov/catalog/item/5cc0a3c4e4b09b8c0b72515d,5cc0a3c4e4b09b8c0b72515d
CA_Colfax_297133_1950_62500,Colfax,62500,15 x 15 minute,1950,1950,1961,1946,,1950,,,,Y,600 PPI,NAD27,Polyconic,-121.0,39.0,-120.75,39.25,true,8593752,public_domain,https://prd-tnm.s3.amazonaws.com/StagedProducts/Maps/HistoricalTopo/GeoTIFF/CA/CA_Colfax_297133_1950_62500_geo.tif,https://thor-f5.er.usgs.gov/ngtoc/metadata/waf/maps/historicaltopo/pdf/CA/62500/CA_Colfax_297133_1950_62500_geo.xml,https://www.sciencebase.gov/catalog/item/5a8a402ee4b00f54eb3ecc36,5a8a402ee4b00f54eb3ecc36
CA_Colfax_297134_1950_62500,Colfax,62500,15 x 15 minute,1950,1950,1953,1946,,1950,,,,Y,600 PPI,NAD27,Polyconic,-121.0,39.0,-120.75,39.25,true,9311434,public_domain,https://prd-tnm.s3.amazonaws.com/StagedProducts/Maps/HistoricalTopo/GeoTIFF/CA/CA_Colfax_297134_1950_62500_geo.tif,https://thor-f5.er.usgs.gov/ngtoc/metadata/waf/maps/historicaltopo/pdf/CA/62500/CA_Colfax_297134_1950_62500_geo.xml,https://www.sciencebase.gov/catalog/item/5a8a402ee4b00f54eb3ecc3f,5a8a402ee4b00f54eb3ecc3f
CA_Colfax_297136_1950_62500,Colfax,62500,15 x 15 minute,1950,1950,1966,1946,,1950,,,,Y,600 PPI,NAD27,Polyconic,-121.0,39.0,-120.75,39.25,true,8413638,public_domain,https://prd-tnm.s3.amazonaws.com/StagedProducts/Maps/HistoricalTopo/GeoTIFF/CA/CA_Colfax_297136_1950_62500_geo.tif,https://thor-f5.er.usgs.gov/ngtoc/metadata/waf/maps/historicaltopo/pdf/CA/62500/CA_Colfax_297136_1950_62500_geo.xml,https://www.sciencebase.gov/catalog/item/5a8a402ee4b00f54eb3ecc4a,5a8a402ee4b00f54eb3ecc4a
CA_Colfax_299299_1950_62500,Colfax,62500,15 x 15 minute,1950,1950,1953,1946,,1950,,,,N,600 PPI,NAD27,Polyconic,-121.0,39.0,-120.75,39.25,true,9342874,public_domain,https://prd-tnm.s3.amazonaws.com/StagedProducts/Maps/HistoricalTopo/GeoTIFF/CA/CA_Colfax_299299_1950_62500_geo.tif,https://thor-f5.er.usgs.gov/ngtoc/metadata/waf/maps/historicaltopo/pdf/CA/62500/CA_Colfax_299299_1950_62500_geo.xml,https://www.sciencebase.gov/catalog/item/5a8a402ee4b00f54eb3ecc52,5a8a402ee4b00f54eb3ecc52
CA_Donner_Pass_297316_1955_62500,Donner Pass,62500,15 x 15 minute,1955,1955,1964,1953,,1955,,,,Y,600 PPI,NAD27,Polyconic,-120.5,39.25,-120.25,39.5,false,7650936,public_domain,https://prd-tnm.s3.amazonaws.com/StagedProducts/Maps/HistoricalTopo/GeoTIFF/CA/CA_Donner%20Pass_297316_1955_62500_geo.tif,https://thor-f5.er.usgs.gov/ngtoc/metadata/waf/maps/historicaltopo/pdf/CA/62500/CA_Donner_Pass_297316_1955_62500_geo.xml,https://www.sciencebase.gov/catalog/item/5a8a4069e4b00f54eb3ed2e1,5a8a4069e4b00f54eb3ed2e1
CA_Donner_Pass_297317_1955_62500,Donner Pass,62500,15 x 15 minute,1955,1955,1960,1953,,1955,,,,Y,600 PPI,NAD27,Polyconic,-120.5,39.25,-120.25,39.5,false,7821591,public_domain,https://prd-tnm.s3.amazonaws.com/StagedProducts/Maps/HistoricalTopo/GeoTIFF/CA/CA_Donner%20Pass_297317_1955_62500_geo.tif,https://thor-f5.er.usgs.gov/ngtoc/metadata/waf/maps/historicaltopo/pdf/CA/62500/CA_Donner_Pass_297317_1955_62500_geo.xml,https://www.sciencebase.gov/catalog/item/5a8a406ae4b00f54eb3ed2e8,5a8a406ae4b00f54eb3ed2e8
CA_Donner_Pass_297318_1955_62500,Donner Pass,62500,15 x 15 minute,1955,1955,1957,1953,,1955,,,,Y,600 PPI,NAD27,Polyconic,-120.5,39.25,-120.25,39.5,false,6855400,public_domain,https://prd-tnm.s3.amazonaws.com/StagedProducts/Maps/HistoricalTopo/GeoTIFF/CA/CA_Donner%20Pass_297318_1955_62500_geo.tif,https://thor-f5.er.usgs.gov/ngtoc/metadata/waf/maps/historicaltopo/pdf/CA/62500/CA_Donner_Pass_297318_1955_62500_geo.xml,https://www.sciencebase.gov/catalog/item/5a8a406ae4b00f54eb3ed2f0,5a8a406ae4b00f54eb3ed2f0
CA_Donner_Pass_297319_1955_62500,Donner Pass,62500,15 x 15 minute,1955,1955,1971,1953,,1955,,,,Y,600 PPI,NAD27,Polyconic,-120.5,39.25,-120.25,39.5,false,6670216,public_domain,https://prd-tnm.s3.amazonaws.com/StagedProducts/Maps/HistoricalTopo/GeoTIFF/CA/CA_Donner%20Pass_297319_1955_62500_geo.tif,https://thor-f5.er.usgs.gov/ngtoc/metadata/waf/maps/historicaltopo/pdf/CA/62500/CA_Donner_Pass_297319_1955_62500_geo.xml,https://www.sciencebase.gov/catalog/item/5a8a406ae4b00f54eb3ed2f9,5a8a406ae4b00f54eb3ed2f9
CA_Duncan_Peak_297351_1952_62500,Duncan Peak,62500,15 x 15 minute,1952,1952,1965,1948,,,,,1952,Y,600 PPI,NAD27,Polyconic,-120.75,39.0,-120.5,39.25,false,8512890,public_domain,https://prd-tnm.s3.amazonaws.com/StagedProducts/Maps/HistoricalTopo/GeoTIFF/CA/CA_Duncan%20Peak_297351_1952_62500_geo.tif,https://thor-f5.er.usgs.gov/ngtoc/metadata/waf/maps/historicaltopo/pdf/CA/62500/CA_Duncan_Peak_297351_1952_62500_geo.xml,https://www.sciencebase.gov/catalog/item/5a8a4076e4b00f54eb3ed46e,5a8a4076e4b00f54eb3ed46e
CA_Duncan_Peak_297352_1952_62500,Duncan Peak,62500,15 x 15 minute,1952,1952,1958,1948,,,,,1952,Y,600 PPI,NAD27,Polyconic,-120.75,39.0,-120.5,39.25,false,8472713,public_domain,https://prd-tnm.s3.amazonaws.com/StagedProducts/Maps/HistoricalTopo/GeoTIFF/CA/CA_Duncan%20Peak_297352_1952_62500_geo.tif,https://thor-f5.er.usgs.gov/ngtoc/metadata/waf/maps/historicaltopo/pdf/CA/62500/CA_Duncan_Peak_297352_1952_62500_geo.xml,https://www.sciencebase.gov/catalog/item/5a8a4076e4b00f54eb3ed478,5a8a4076e4b00f54eb3ed478
CA_Emigrant_Gap_297418_1955_62500,Emigrant Gap,62500,15 x 15 minute,1955,1955,1974,1953,,1955,,,,Y,600 PPI,NAD27,Polyconic,-120.75,39.25,-120.5,39.5,false,7976421,public_domain,https://prd-tnm.s3.amazonaws.com/StagedProducts/Maps/HistoricalTopo/GeoTIFF/CA/CA_Emigrant%20Gap_297418_1955_62500_geo.tif,https://thor-f5.er.usgs.gov/ngtoc/metadata/waf/maps/historicaltopo/pdf/CA/62500/CA_Emigrant_Gap_297418_1955_62500_geo.xml,https://www.sciencebase.gov/catalog/item/5a8a4089e4b00f54eb3ed6db,5a8a4089e4b00f54eb3ed6db
CA_Emigrant_Gap_297419_1955_62500,Emigrant Gap,62500,15 x 15 minute,1955,1955,1957,1953,,1955,,,,Y,600 PPI,NAD27,Polyconic,-120.75,39.25,-120.5,39.5,false,7934789,public_domain,https://prd-tnm.s3.amazonaws.com/StagedProducts/Maps/HistoricalTopo/GeoTIFF/CA/CA_Emigrant%20Gap_297419_1955_62500_geo.tif,https://thor-f5.er.usgs.gov/ngtoc/metadata/waf/maps/historicaltopo/pdf/CA/62500/CA_Emigrant_Gap_297419_1955_62500_geo.xml,https://www.sciencebase.gov/catalog/item/5a8a4089e4b00f54eb3ed6e1,5a8a4089e4b00f54eb3ed6e1
CA_Emigrant_Gap_297420_1955_62500,Emigrant Gap,62500,15 x 15 minute,1955,1955,1965,1953,,1955,,,,Y,600 PPI,NAD27,Polyconic,-120.75,39.25,-120.5,39.5,false,8381146,public_domain,https://prd-tnm.s3.amazonaws.com/StagedProducts/Maps/HistoricalTopo/GeoTIFF/CA/CA_Emigrant%20Gap_297420_1955_62500_geo.tif,https://thor-f5.er.usgs.gov/ngtoc/metadata/waf/maps/historicaltopo/pdf/CA/62500/CA_Emigrant_Gap_297420_1955_62500_geo.xml,https://www.sciencebase.gov/catalog/item/5a8a4089e4b00f54eb3ed6e8,5a8a4089e4b00f54eb3ed6e8
CA_Emigrant_Gap_297421_1955_62500,Emigrant Gap,62500,15 x 15 minute,1955,1955,1960,1953,,1955,,,,Y,600 PPI,NAD27,Polyconic,-120.75,39.25,-120.5,39.5,false,8153598,public_domain,https://prd-tnm.s3.amazonaws.com/StagedProducts/Maps/HistoricalTopo/GeoTIFF/CA/CA_Emigrant%20Gap_297421_1955_62500_geo.tif,https://thor-f5.er.usgs.gov/ngtoc/metadata/waf/maps/historicaltopo/pdf/CA/62500/CA_Emigrant_Gap_297421_1955_62500_geo.xml,https://www.sciencebase.gov/catalog/item/5a8a4089e4b00f54eb3ed6f0,5a8a4089e4b00f54eb3ed6f0
CA_Fair_Oaks_297447_1954_62500,Fair Oaks,62500,15 x 15 minute,1954,1954,1957,,,,,,1951,Y,600 PPI,NAD27,Polyconic,-121.5,38.5,-121.25,38.75,false,7656287,public_domain,https://prd-tnm.s3.amazonaws.com/StagedProducts/Maps/HistoricalTopo/GeoTIFF/CA/CA_Fair%20Oaks_297447_1954_62500_geo.tif,https://thor-f5.er.usgs.gov/ngtoc/metadata/waf/maps/historicaltopo/pdf/CA/62500/CA_Fair_Oaks_297447_1954_62500_geo.xml,https://www.sciencebase.gov/catalog/item/5a8a4093e4b00f54eb3ed809,5a8a4093e4b00f54eb3ed809
CA_Fair_Oaks_297448_1954_62500,Fair Oaks,62500,15 x 15 minute,1954,1954,1965,,,,,,1951,Y,600 PPI,NAD27,Polyconic,-121.5,38.5,-121.25,38.75,false,6737041,public_domain,https://prd-tnm.s3.amazonaws.com/StagedProducts/Maps/HistoricalTopo/GeoTIFF/CA/CA_Fair%20Oaks_297448_1954_62500_geo.tif,https://thor-f5.er.usgs.gov/ngtoc/metadata/waf/maps/historicaltopo/pdf/CA/62500/CA_Fair_Oaks_297448_1954_62500_geo.xml,https://www.sciencebase.gov/catalog/item/5a8a4093e4b00f54eb3ed812,5a8a4093e4b00f54eb3ed812
CA_Fairoaks_297449_1902_62500,Fairoaks,62500,15 x 15 minute,1902,1902,,,,,,,1901,N,600 PPI,Unstated,Unstated,-121.5,38.5,-121.25,38.75,false,5034923,public_domain,https://prd-tnm.s3.amazonaws.com/StagedProducts/Maps/HistoricalTopo/GeoTIFF/CA/CA_Fairoaks_297449_1902_62500_geo.tif,https://thor-f5.er.usgs.gov/ngtoc/metadata/waf/maps/historicaltopo/pdf/CA/62500/CA_Fairoaks_297449_1902_62500_geo.xml,https://www.sciencebase.gov/catalog/item/5a8a4094e4b00f54eb3ed81e,5a8a4094e4b00f54eb3ed81e
CA_Fairoaks_297450_1902_62500,Fairoaks,62500,15 x 15 minute,1902,1902,1910,,,,,,1901,N,600 PPI,Unstated,Unstated,-121.5,38.5,-121.25,38.75,false,5188989,public_domain,https://prd-tnm.s3.amazonaws.com/StagedProducts/Maps/HistoricalTopo/GeoTIFF/CA/CA_Fairoaks_297450_1902_62500_geo.tif,https://thor-f5.er.usgs.gov/ngtoc/metadata/waf/maps/historicaltopo/pdf/CA/62500/CA_Fairoaks_297450_1902_62500_geo.xml,https://www.sciencebase.gov/catalog/item/5a8a4094e4b00f54eb3ed823,5a8a4094e4b00f54eb3ed823
CA_Folsom_297475_1941_62500,Folsom,62500,15 x 15 minute,1941,1941,1957,,,,,,1941,Y,600 PPI,NAD27,Polyconic,-121.25,38.5,-121.0,38.75,false,7006879,public_domain,https://prd-tnm.s3.amazonaws.com/StagedProducts/Maps/HistoricalTopo/GeoTIFF/CA/CA_Folsom_297475_1941_62500_geo.tif,https://thor-f5.er.usgs.gov/ngtoc/metadata/waf/maps/historicaltopo/pdf/CA/62500/CA_Folsom_297475_1941_62500_geo.xml,https://www.sciencebase.gov/catalog/item/5a8a4098e4b00f54eb3ed8e7,5a8a4098e4b00f54eb3ed8e7
CA_Folsom_297476_1941_62500,Folsom,62500,15 x 15 minute,1941,1941,1961,,,,,,1941,Y,600 PPI,NAD27,Polyconic,-121.25,38.5,-121.0,38.75,false,7314137,public_domain,https://prd-tnm.s3.amazonaws.com/StagedProducts/Maps/HistoricalTopo/GeoTIFF/CA/CA_Folsom_297476_1941_62500_geo.tif,https://thor-f5.er.usgs.gov/ngtoc/metadata/waf/maps/historicaltopo/pdf/CA/62500/CA_Folsom_297476_1941_62500_geo.xml,https://www.sciencebase.gov/catalog/item/5a8a4098e4b00f54eb3ed8ef,5a8a4098e4b00f54eb3ed8ef
CA_Folsom_297477_1944_62500,Folsom,62500,15 x 15 minute,1944,1944,,,,,,,1941,Y,600 PPI,NAD27,Polyconic,-121.25,38.5,-121.0,38.75,false,7883279,public_domain,https://prd-tnm.s3.amazonaws.com/StagedProducts/Maps/HistoricalTopo/GeoTIFF/CA/CA_Folsom_297477_1944_62500_geo.tif,https://thor-f5.er.usgs.gov/ngtoc/metadata/waf/maps/historicaltopo/pdf/CA/62500/CA_Folsom_297477_1944_62500_geo.xml,https://www.sciencebase.gov/catalog/item/5a8a4098e4b00f54eb3ed8f7,5a8a4098e4b00f54eb3ed8f7
CA_Folsom_465653_1944_62500,Folsom,62500,15 x 15 minute,1944,1944,,,,,,,1941,N,600 PPI,NAD27,Polyconic,-121.25,38.5,-121.0,38.75,false,6602723,public_domain,https://prd-tnm.s3.amazonaws.com/StagedProducts/Maps/HistoricalTopo/GeoTIFF/CA/CA_Folsom_465653_1944_62500_geo.tif,https://thor-f5.er.usgs.gov/ngtoc/metadata/waf/maps/historicaltopo/pdf/CA/62500/CA_Folsom_465653_1944_62500_geo.xml,https://www.sciencebase.gov/catalog/item/5d29582ae4b038fabe1d137d,5d29582ae4b038fabe1d137d
CA_Georgetown_297545_1949_62500,Georgetown,62500,15 x 15 minute,1949,1949,1953,1946,,1949,,,,N,600 PPI,NAD27,Polyconic,-121.0,38.75,-120.75,39.0,false,8584802,public_domain,https://prd-tnm.s3.amazonaws.com/StagedProducts/Maps/HistoricalTopo/GeoTIFF/CA/CA_Georgetown_297545_1949_62500_geo.tif,https://thor-f5.er.usgs.gov/ngtoc/metadata/waf/maps/historicaltopo/pdf/CA/62500/CA_Georgetown_297545_1949_62500_geo.xml,https://www.sciencebase.gov/catalog/item/5a8a40ace4b00f54eb3edb56,5a8a40ace4b00f54eb3edb56
CA_Georgetown_297546_1949_62500,Georgetown,62500,15 x 15 minute,1949,1949,1975,1946,,1949,,,,Y,600 PPI,NAD27,Polyconic,-121.0,38.75,-120.75,39.0,false,6587268,public_domain,https://prd-tnm.s3.amazonaws.com/StagedProducts/Maps/HistoricalTopo/GeoTIFF/CA/CA_Georgetown_297546_1949_62500_geo.tif,https://thor-f5.er.usgs.gov/ngtoc/metadata/waf/maps/historicaltopo/pdf/CA/62500/CA_Georgetown_297546_1949_62500_geo.xml,https://www.sciencebase.gov/catalog/item/5a8a40ace4b00f54eb3edb5b,5a8a40ace4b00f54eb3edb5b
CA_Georgetown_297547_1949_62500,Georgetown,62500,15 x 15 minute,1949,1949,1966,1946,,1949,,,,Y,600 PPI,NAD27,Polyconic,-121.0,38.75,-120.75,39.0,false,8260521,public_domain,https://prd-tnm.s3.amazonaws.com/StagedProducts/Maps/HistoricalTopo/GeoTIFF/CA/CA_Georgetown_297547_1949_62500_geo.tif,https://thor-f5.er.usgs.gov/ngtoc/metadata/waf/maps/historicaltopo/pdf/CA/62500/CA_Georgetown_297547_1949_62500_geo.xml,https://www.sciencebase.gov/catalog/item/5a8a40ace4b00f54eb3edb5f,5a8a40ace4b00f54eb3edb5f
CA_Georgetown_297548_1949_62500,Georgetown,62500,15 x 15 minute,1949,1949,1957,1946,,1949,,,,Y,600 PPI,NAD27,Polyconic,-121.0,38.75,-120.75,39.0,false,8783876,public_domain,https://prd-tnm.s3.amazonaws.com/StagedProducts/Maps/HistoricalTopo/GeoTIFF/CA/CA_Georgetown_297548_1949_62500_geo.tif,https://thor-f5.er.usgs.gov/ngtoc/metadata/waf/maps/historicaltopo/pdf/CA/62500/CA_Georgetown_297548_1949_62500_geo.xml,https://www.sciencebase.gov/catalog/item/5a8a40ade4b00f54eb3edb64,5a8a40ade4b00f54eb3edb64
CA_Georgetown_297549_1949_62500,Georgetown,62500,15 x 15 minute,1949,1949,,1946,,1949,,,,Y,600 PPI,NAD27,Polyconic,-121.0,38.75,-120.75,39.0,false,8656979,public_domain,https://prd-tnm.s3.amazonaws.com/StagedProducts/Maps/HistoricalTopo/GeoTIFF/CA/CA_Georgetown_297549_1949_62500_geo.tif,https://thor-f5.er.usgs.gov/ngtoc/metadata/waf/maps/historicaltopo/pdf/CA/62500/CA_Georgetown_297549_1949_62500_geo.xml,https://www.sciencebase.gov/catalog/item/5a8a40ade4b00f54eb3edb69,5a8a40ade4b00f54eb3edb69
CA_Granite_Chief_297589_1953_62500,Granite Chief,62500,15 x 15 minute,1953,1953,1966,1948,,1953,,,,Y,600 PPI,NAD27,Polyconic,-120.5,39.0,-120.25,39.25,false,7787229,public_domain,https://prd-tnm.s3.amazonaws.com/StagedProducts/Maps/HistoricalTopo/GeoTIFF/CA/CA_Granite%20Chief_297589_1953_62500_geo.tif,https://thor-f5.er.usgs.gov/ngtoc/metadata/waf/maps/historicaltopo/pdf/CA/62500/CA_Granite_Chief_297589_1953_62500_geo.xml,https://www.sciencebase.gov/catalog/item/5a8a40b8e4b00f54eb3edce0,5a8a40b8e4b00f54eb3edce0
CA_Granite_Chief_297590_1953_62500,Granite Chief,62500,15 x 15 minute,1953,1953,1962,1948,,1953,,,,Y,600 PPI,NAD27,Polyconic,-120.5,39.0,-120.25,39.25,false,7441940,public_domain,https://prd-tnm.s3.amazonaws.com/StagedProducts/Maps/HistoricalTopo/GeoTIFF/CA/CA_Granite%20Chief_297590_1953_62500_geo.tif,https://thor-f5.er.usgs.gov/ngtoc/metadata/waf/maps/historicaltopo/pdf/CA/62500/CA_Granite_Chief_297590_1953_62500_geo.xml,https://www.sciencebase.gov/catalog/item/5a8a40b9e4b00f54eb3edced,5a8a40b9e4b00f54eb3edced
CA_Granite_Chief_297591_1953_62500,Granite Chief,62500,15 x 15 minute,1953,1953,1959,1948,,1953,,,,Y,600 PPI,NAD27,Polyconic,-120.5,39.0,-120.25,39.25,false,7958380,public_domain,https://prd-tnm.s3.amazonaws.com/StagedProducts/Maps/HistoricalTopo/GeoTIFF/CA/CA_Granite%20Chief_297591_1953_62500_geo.tif,https://thor-f5.er.usgs.gov/ngtoc/metadata/waf/maps/historicaltopo/pdf/CA/62500/CA_Granite_Chief_297591_1953_62500_geo.xml,https://www.sciencebase.gov/catalog/item/5a8a40b9e4b00f54eb3edcf3,5a8a40b9e4b00f54eb3edcf3
CA_Granite_Chief_297592_1953_62500,Granite Chief,62500,15 x 15 minute,1953,1953,1974,1948,,1953,,,,Y,600 PPI,NAD27,Polyconic,-120.5,39.0,-120.25,39.25,false,7055605,public_domain,https://prd-tnm.s3.amazonaws.com/StagedProducts/Maps/HistoricalTopo/GeoTIFF/CA/CA_Granite%20Chief_297592_1953_62500_geo.tif,https://thor-f5.er.usgs.gov/ngtoc/metadata/waf/maps/historicaltopo/pdf/CA/62500/CA_Granite_Chief_297592_1953_62500_geo.xml,https://www.sciencebase.gov/catalog/item/5a8a40b9e4b00f54eb3edcfd,5a8a40b9e4b00f54eb3edcfd
CA_Granite_Chief_465703_1953_62500,Granite Chief,62500,15 x 15 minute,1953,1953,1968,1948,,1953,,,1953,Y,600 PPI,NAD27,Polyconic,-120.5,39.0,-120.25,39.25,false,5806779,public_domain,https://prd-tnm.s3.amazonaws.com/StagedProducts/Maps/HistoricalTopo/GeoTIFF/CA/CA_Granite%20Chief_465703_1953_62500_geo.tif,https://thor-f5.er.usgs.gov/ngtoc/metadata/waf/maps/historicaltopo/pdf/CA/62500/CA_Granite_Chief_465703_1953_62500_geo.xml,https://www.sciencebase.gov/catalog/item/5d295838e4b038fabe1d13ab,5d295838e4b038fabe1d13ab
CA_Grass_Valley_297597_1949_62500,Grass Valley,62500,15 x 15 minute,1949,1949,1968,1947,,1949,,,,Y,600 PPI,NAD27,Polyconic,-121.25,39.0,-121.0,39.25,true,8682733,public_domain,https://prd-tnm.s3.amazonaws.com/StagedProducts/Maps/HistoricalTopo/GeoTIFF/CA/CA_Grass%20Valley_297597_1949_62500_geo.tif,https://thor-f5.er.usgs.gov/ngtoc/metadata/waf/maps/historicaltopo/pdf/CA/62500/CA_Grass_Valley_297597_1949_62500_geo.xml,https://www.sciencebase.gov/catalog/item/5a8a40bae4b00f54eb3edd11,5a8a40bae4b00f54eb3edd11
CA_Grass_Valley_297598_1949_62500,Grass Valley,62500,15 x 15 minute,1949,1949,1962,1947,,1949,,,,Y,600 PPI,NAD27,Polyconic,-121.25,39.0,-121.0,39.25,true,8721829,public_domain,https://prd-tnm.s3.amazonaws.com/StagedProducts/Maps/HistoricalTopo/GeoTIFF/CA/CA_Grass%20Valley_297598_1949_62500_geo.tif,https://thor-f5.er.usgs.gov/ngtoc/metadata/waf/maps/historicaltopo/pdf/CA/62500/CA_Grass_Valley_297598_1949_62500_geo.xml,https://www.sciencebase.gov/catalog/item/5a8a40bae4b00f54eb3edd17,5a8a40bae4b00f54eb3edd17
CA_Grass_Valley_297599_1949_62500,Grass Valley,62500,15 x 15 minute,1949,1949,1953,1947,,1949,,,,Y,600 PPI,NAD27,Polyconic,-121.25,39.0,-121.0,39.25,true,9064497,public_domain,https://prd-tnm.s3.amazonaws.com/StagedProducts/Maps/HistoricalTopo/GeoTIFF/CA/CA_Grass%20Valley_297599_1949_62500_geo.tif,https://thor-f5.er.usgs.gov/ngtoc/metadata/waf/maps/historicaltopo/pdf/CA/62500/CA_Grass_Valley_297599_1949_62500_geo.xml,https://www.sciencebase.gov/catalog/item/5a8a40bae4b00f54eb3edd1d,5a8a40bae4b00f54eb3edd1d
CA_Grass_Valley_297600_1949_62500,Grass Valley,62500,15 x 15 minute,1949,1949,1984,1947,,1949,,,,Y,600 PPI,NAD27,Polyconic,-121.25,39.0,-121.0,39.25,true,9013153,public_domain,https://prd-tnm.s3.amazonaws.com/StagedProducts/Maps/HistoricalTopo/GeoTIFF/CA/CA_Grass%20Valley_297600_1949_62500_geo.tif,https://thor-f5.er.usgs.gov/ngtoc/metadata/waf/maps/historicaltopo/pdf/CA/62500/CA_Grass_Valley_297600_1949_62500_geo.xml,https://www.sciencebase.gov/catalog/item/5a8a40bae4b00f54eb3edd22,5a8a40bae4b00f54eb3edd22
CA_Grass_Valley_465709_1949_62500,Grass Valley,62500,15 x 15 minute,1949,1949,1953,1947,,1949,,,,N,600 PPI,NAD27,Polyconic,-121.25,39.0,-121.0,39.25,true,7148766,public_domain,https://prd-tnm.s3.amazonaws.com/StagedProducts/Maps/HistoricalTopo/GeoTIFF/CA/CA_Grass%20Valley_465709_1949_62500_geo.tif,https://thor-f5.er.usgs.gov/ngtoc/metadata/waf/maps/historicaltopo/pdf/CA/62500/CA_Grass_Valley_465709_1949_62500_geo.xml,https://www.sciencebase.gov/catalog/item/5d295839e4b038fabe1d13af,5d295839e4b038fabe1d13af
CA_Lincoln_298017_1953_62500,Lincoln,62500,15 x 15 minute,1953,1953,1968,,,1953,,,1953,Y,600 PPI,NAD27,Polyconic,-121.5,38.75,-121.25,39.0,false,4762553,public_domain,https://prd-tnm.s3.amazonaws.com/StagedProducts/Maps/HistoricalTopo/GeoTIFF/CA/CA_Lincoln_298017_1953_62500_geo.tif,https://thor-f5.er.usgs.gov/ngtoc/metadata/waf/maps/historicaltopo/pdf/CA/62500/CA_Lincoln_298017_1953_62500_geo.xml,https://www.sciencebase.gov/catalog/item/5a8a413be4b00f54eb3eebe5,5a8a413be4b00f54eb3eebe5
CA_Lincoln_298018_1953_62500,Lincoln,62500,15 x 15 minute,1953,1953,1959,,,1953,1953,,1953,Y,600 PPI,NAD27,Polyconic,-121.5,38.75,-121.25,39.0,false,4941991,public_domain,https://prd-tnm.s3.amazonaws.com/StagedProducts/Maps/HistoricalTopo/GeoTIFF/CA/CA_Lincoln_298018_1953_62500_geo.tif,https://thor-f5.er.usgs.gov/ngtoc/metadata/waf/maps/historicaltopo/pdf/CA/62500/CA_Lincoln_298018_1953_62500_geo.xml,https://www.sciencebase.gov/catalog/item/5a8a413be4b00f54eb3eebeb,5a8a413be4b00f54eb3eebeb
CA_Markham_Ravine_298133_1942_62500,Markham Ravine,62500,15 x 15 minute,1942,1942,,1939,,,,,,Y,600 PPI,NAD27,Polyconic,-121.5,38.75,-121.25,39.0,false,7878258,public_domain,https://prd-tnm.s3.amazonaws.com/StagedProducts/Maps/HistoricalTopo/GeoTIFF/CA/CA_Markham%20Ravine_298133_1942_62500_geo.tif,https://thor-f5.er.usgs.gov/ngtoc/metadata/waf/maps/historicaltopo/pdf/CA/62500/CA_Markham_Ravine_298133_1942_62500_geo.xml,https://www.sciencebase.gov/catalog/item/5a8a4159e4b00f54eb3eef84,5a8a4159e4b00f54eb3eef84
CA_Nevada_City_298348_1948_62500,Nevada City,62500,15 x 15 minute,1948,1948,1966,1947,,1948,,,,Y,600 PPI,NAD27,Polyconic,-121.25,39.25,-121.0,39.5,false,7946356,public_domain,https://prd-tnm.s3.amazonaws.com/StagedProducts/Maps/HistoricalTopo/GeoTIFF/CA/CA_Nevada%20City_298348_1948_62500_geo.tif,https://thor-f5.er.usgs.gov/ngtoc/metadata/waf/maps/historicaltopo/pdf/CA/62500/CA_Nevada_City_298348_1948_62500_geo.xml,https://www.sciencebase.gov/catalog/item/5a8a4196e4b00f54eb3ef740,5a8a4196e4b00f54eb3ef740
CA_Nevada_City_298349_1948_62500,Nevada City,62500,15 x 15 minute,1948,1948,1961,1946,,1948,,,,Y,600 PPI,NAD27,Polyconic,-121.25,39.25,-121.0,39.5,false,8664659,public_domain,https://prd-tnm.s3.amazonaws.com/StagedProducts/Maps/HistoricalTopo/GeoTIFF/CA/CA_Nevada%20City_298349_1948_62500_geo.tif,https://thor-f5.er.usgs.gov/ngtoc/metadata/waf/maps/historicaltopo/pdf/CA/62500/CA_Nevada_City_298349_1948_62500_geo.xml,https://www.sciencebase.gov/catalog/item/5a8a4196e4b00f54eb3ef74a,5a8a4196e4b00f54eb3ef74a
CA_Nevada_City_298350_1948_62500,Nevada City,62500,15 x 15 minute,1948,1948,1953,1947,,1948,,,,Y,600 PPI,NAD27,Polyconic,-121.25,39.25,-121.0,39.5,false,7973546,public_domain,https://prd-tnm.s3.amazonaws.com/StagedProducts/Maps/HistoricalTopo/GeoTIFF/CA/CA_Nevada%20City_298350_1948_62500_geo.tif,https://thor-f5.er.usgs.gov/ngtoc/metadata/waf/maps/historicaltopo/pdf/CA/62500/CA_Nevada_City_298350_1948_62500_geo.xml,https://www.sciencebase.gov/catalog/item/5a8a4196e4b00f54eb3ef755,5a8a4196e4b00f54eb3ef755
CA_Nevada_City_298351_1948_62500,Nevada City,62500,15 x 15 minute,1948,1948,1976,1947,,1948,,,,Y,600 PPI,NAD27,Polyconic,-121.25,39.25,-121.0,39.5,false,7454198,public_domain,https://prd-tnm.s3.amazonaws.com/StagedProducts/Maps/HistoricalTopo/GeoTIFF/CA/CA_Nevada%20City_298351_1948_62500_geo.tif,https://thor-f5.er.usgs.gov/ngtoc/metadata/waf/maps/historicaltopo/pdf/CA/62500/CA_Nevada_City_298351_1948_62500_geo.xml,https://www.sciencebase.gov/catalog/item/5a8a4197e4b00f54eb3ef75d,5a8a4197e4b00f54eb3ef75d
CA_Robbs_Peak_298786_1952_62500,Robbs Peak,62500,15 x 15 minute,1952,1952,1961,1948,,,,,,Y,600 PPI,NAD27,Polyconic,-120.5,38.75,-120.25,39.0,false,7390785,public_domain,https://prd-tnm.s3.amazonaws.com/StagedProducts/Maps/HistoricalTopo/GeoTIFF/CA/CA_Robbs%20Peak_298786_1952_62500_geo.tif,https://thor-f5.er.usgs.gov/ngtoc/metadata/waf/maps/historicaltopo/pdf/CA/62500/CA_Robbs_Peak_298786_1952_62500_geo.xml,https://www.sciencebase.gov/catalog/item/5a8a422de4b00f54eb3f0688,5a8a422de4b00f54eb3f0688
CA_Robbs_Peak_298787_1952_62500,Robbs Peak,62500,15 x 15 minute,1952,1952,1958,1948,,,,,,Y,600 PPI,NAD27,Polyconic,-120.5,38.75,-120.25,39.0,false,7467295,public_domain,https://prd-tnm.s3.amazonaws.com/StagedProducts/Maps/HistoricalTopo/GeoTIFF/CA/CA_Robbs%20Peak_298787_1952_62500_geo.tif,https://thor-f5.er.usgs.gov/ngtoc/metadata/waf/maps/historicaltopo/pdf/CA/62500/CA_Robbs_Peak_298787_1952_62500_geo.xml,https://www.sciencebase.gov/catalog/item/5a8a422ee4b00f54eb3f068e,5a8a422ee4b00f54eb3f068e
CA_Robbs_Peak_298788_1952_62500,Robbs Peak,62500,15 x 15 minute,1952,1952,1976,1948,,,,,,Y,600 PPI,NAD27,Polyconic,-120.5,38.75,-120.25,39.0,false,6663708,public_domain,https://prd-tnm.s3.amazonaws.com/StagedProducts/Maps/HistoricalTopo/GeoTIFF/CA/CA_Robbs%20Peak_298788_1952_62500_geo.tif,https://thor-f5.er.usgs.gov/ngtoc/metadata/waf/maps/historicaltopo/pdf/CA/62500/CA_Robbs_Peak_298788_1952_62500_geo.xml,https://www.sciencebase.gov/catalog/item/5a8a422ee4b00f54eb3f0695,5a8a422ee4b00f54eb3f0695
CA_Robbs_Peak_466243_1952_62500,Robbs Peak,62500,15 x 15 minute,1952,1952,1968,1948,,,,,1952,Y,600 PPI,NAD27,Polyconic,-120.5,38.75,-120.25,39.0,false,5789887,public_domain,https://prd-tnm.s3.amazonaws.com/StagedProducts/Maps/HistoricalTopo/GeoTIFF/CA/CA_Robbs%20Peak_466243_1952_62500_geo.tif,https://thor-f5.er.usgs.gov/ngtoc/metadata/waf/maps/historicaltopo/pdf/CA/62500/CA_Robbs_Peak_466243_1952_62500_geo.xml,https://www.sciencebase.gov/catalog/item/5e148fcbe4b0ecf25c55b1f1,5e148fcbe4b0ecf25c55b1f1
CA_Saddle_Mountain_298811_1950_62500,Saddle Mountain,62500,15 x 15 minute,1950,1950,1966,,,,,,1950,Y,600 PPI,NAD27,Polyconic,-120.75,38.75,-120.5,39.0,false,7153564,public_domain,https://prd-tnm.s3.amazonaws.com/StagedProducts/Maps/HistoricalTopo/GeoTIFF/CA/CA_Saddle%20Mountain_298811_1950_62500_geo.tif,https://thor-f5.er.usgs.gov/ngtoc/metadata/waf/maps/historicaltopo/pdf/CA/62500/CA_Saddle_Mountain_298811_1950_62500_geo.xml,https://www.sciencebase.gov/catalog/item/5a8a4234e4b00f54eb3f0740,5a8a4234e4b00f54eb3f0740
CA_Saddle_Mountain_298812_1950_62500,Saddle Mountain,62500,15 x 15 minute,1950,1950,1957,,,,,,1950,Y,600 PPI,NAD27,Polyconic,-120.75,38.75,-120.5,39.0,false,8512172,public_domain,https://prd-tnm.s3.amazonaws.com/StagedProducts/Maps/HistoricalTopo/GeoTIFF/CA/CA_Saddle%20Mountain_298812_1950_62500_geo.tif,https://thor-f5.er.usgs.gov/ngtoc/metadata/waf/maps/historicaltopo/pdf/CA/62500/CA_Saddle_Mountain_298812_1950_62500_geo.xml,https://www.sciencebase.gov/catalog/item/5a8a4234e4b00f54eb3f0749,5a8a4234e4b00f54eb3f0749
CA_Saddle_Mountain_298813_1950_62500,Saddle Mountain,62500,15 x 15 minute,1950,1950,1955,,,,,,1950,Y,600 PPI,NAD27,Polyconic,-120.75,38.75,-120.5,39.0,false,8262804,public_domain,https://prd-tnm.s3.amazonaws.com/StagedProducts/Maps/HistoricalTopo/GeoTIFF/CA/CA_Saddle%20Mountain_298813_1950_62500_geo.tif,https://thor-f5.er.usgs.gov/ngtoc/metadata/waf/maps/historicaltopo/pdf/CA/62500/CA_Saddle_Mountain_298813_1950_62500_geo.xml,https://www.sciencebase.gov/catalog/item/5a8a4234e4b00f54eb3f0750,5a8a4234e4b00f54eb3f0750
CA_Saddle_Mountain_298814_1950_62500,Saddle Mountain,62500,15 x 15 minute,1950,1950,1980,,,,,,1950,Y,600 PPI,NAD27,Polyconic,-120.75,38.75,-120.5,39.0,false,7817448,public_domain,https://prd-tnm.s3.amazonaws.com/StagedProducts/Maps/HistoricalTopo/GeoTIFF/CA/CA_Saddle%20Mountain_298814_1950_62500_geo.tif,https://thor-f5.er.usgs.gov/ngtoc/metadata/waf/maps/historicaltopo/pdf/CA/62500/CA_Saddle_Mountain_298814_1950_62500_geo.xml,https://www.sciencebase.gov/catalog/item/5a8a4235e4b00f54eb3f0756,5a8a4235e4b00f54eb3f0756
CA_Saddle_Mountain_466268_1950_62500,Saddle Mountain,62500,15 x 15 minute,1950,1950,1955,,,,,,1950,N,600 PPI,NAD27,Polyconic,-120.75,38.75,-120.5,39.0,false,6788250,public_domain,https://prd-tnm.s3.amazonaws.com/StagedProducts/Maps/HistoricalTopo/GeoTIFF/CA/CA_Saddle%20Mountain_466268_1950_62500_geo.tif,https://thor-f5.er.usgs.gov/ngtoc/metadata/waf/maps/historicaltopo/pdf/CA/62500/CA_Saddle_Mountain_466268_1950_62500_geo.xml,https://www.sciencebase.gov/catalog/item/5e164d78e4b0ecf25c57bf75,5e164d78e4b0ecf25c57bf75
CA_Sierra_City_301711_1955_62500,Sierra City,62500,15 x 15 minute,1955,1955,1969,1953,,1955,,,,Y,600 PPI,NAD27,Polyconic,-120.75,39.5,-120.5,39.75,false,7988114,public_domain,https://prd-tnm.s3.amazonaws.com/StagedProducts/Maps/HistoricalTopo/GeoTIFF/CA/CA_Sierra%20City_301711_1955_62500_geo.tif,https://thor-f5.er.usgs.gov/ngtoc/metadata/waf/maps/historicaltopo/pdf/CA/62500/CA_Sierra_City_301711_1955_62500_geo.xml,https://www.sciencebase.gov/catalog/item/5a8a429ae4b00f54eb3f11aa,5a8a429ae4b00f54eb3f11aa
CA_Sierra_City_301712_1955_62500,Sierra City,62500,15 x 15 minute,1955,1955,1964,1953,,1955,,,,Y,600 PPI,NAD27,Polyconic,-120.75,39.5,-120.5,39.75,false,8769297,public_domain,https://prd-tnm.s3.amazonaws.com/StagedProducts/Maps/HistoricalTopo/GeoTIFF/CA/CA_Sierra%20City_301712_1955_62500_geo.tif,https://thor-f5.er.usgs.gov/ngtoc/metadata/waf/maps/historicaltopo/pdf/CA/62500/CA_Sierra_City_301712_1955_62500_geo.xml,https://www.sciencebase.gov/catalog/item/5a8a429ae4b00f54eb3f11b2,5a8a429ae4b00f54eb3f11b2
CA_Sierra_City_301713_1955_62500,Sierra City,62500,15 x 15 minute,1955,1955,1960,1953,,1955,,,,Y,600 PPI,NAD27,Polyconic,-120.75,39.5,-120.5,39.75,false,8425826,public_domain,https://prd-tnm.s3.amazonaws.com/StagedProducts/Maps/HistoricalTopo/GeoTIFF/CA/CA_Sierra%20City_301713_1955_62500_geo.tif,https://thor-f5.er.usgs.gov/ngtoc/metadata/waf/maps/historicaltopo/pdf/CA/62500/CA_Sierra_City_301713_1955_62500_geo.xml,https://www.sciencebase.gov/catalog/item/5a8a429ae4b00f54eb3f11ba,5a8a429ae4b00f54eb3f11ba
CA_Sierra_City_301714_1955_62500,Sierra City,62500,15 x 15 minute,1955,1955,1957,1953,,1955,,,,Y,600 PPI,NAD27,Polyconic,-120.75,39.5,-120.5,39.75,false,8498797,public_domain,https://prd-tnm.s3.amazonaws.com/StagedProducts/Maps/HistoricalTopo/GeoTIFF/CA/CA_Sierra%20City_301714_1955_62500_geo.tif,https://thor-f5.er.usgs.gov/ngtoc/metadata/waf/maps/historicaltopo/pdf/CA/62500/CA_Sierra_City_301714_1955_62500_geo.xml,https://www.sciencebase.gov/catalog/item/5a8a429be4b00f54eb3f11c5,5a8a429be4b00f54eb3f11c5
CA_Sierra_City_301715_1955_62500,Sierra City,62500,15 x 15 minute,1955,1955,1977,1953,,1955,,,,Y,600 PPI,NAD27,Polyconic,-120.75,39.5,-120.5,39.75,false,8927530,public_domain,https://prd-tnm.s3.amazonaws.com/StagedProducts/Maps/HistoricalTopo/GeoTIFF/CA/CA_Sierra%20City_301715_1955_62500_geo.tif,https://thor-f5.er.usgs.gov/ngtoc/metadata/waf/maps/historicaltopo/pdf/CA/62500/CA_Sierra_City_301715_1955_62500_geo.xml,https://www.sciencebase.gov/catalog/item/5a8a429be4b00f54eb3f11d3,5a8a429be4b00f54eb3f11d3
CA_Tahoe_301784_1955_62500,Tahoe,62500,15 x 15 minute,1955,1955,1966,1953,,1955,,,1955,Y,600 PPI,NAD27,Polyconic,-120.25,39.0,-120.0,39.25,false,5822789,public_domain,https://prd-tnm.s3.amazonaws.com/StagedProducts/Maps/HistoricalTopo/GeoTIFF/CA/CA_Tahoe_301784_1955_62500_geo.tif,https://thor-f5.er.usgs.gov/ngtoc/metadata/waf/maps/historicaltopo/pdf/CA/62500/CA_Tahoe_301784_1955_62500_geo.xml,https://www.sciencebase.gov/catalog/item/5a8a42b0e4b00f54eb3f1429,5a8a42b0e4b00f54eb3f1429
CA_Tahoe_301785_1955_62500,Tahoe,62500,15 x 15 minute,1955,1955,1961,1953,,1955,,,1955,Y,600 PPI,NAD27,Polyconic,-120.25,39.0,-120.0,39.25,false,5674106,public_domain,https://prd-tnm.s3.amazonaws.com/StagedProducts/Maps/HistoricalTopo/GeoTIFF/CA/CA_Tahoe_301785_1955_62500_geo.tif,https://thor-f5.er.usgs.gov/ngtoc/metadata/waf/maps/historicaltopo/pdf/CA/62500/CA_Tahoe_301785_1955_62500_geo.xml,https://www.sciencebase.gov/catalog/item/5a8a42b0e4b00f54eb3f142d,5a8a42b0e4b00f54eb3f142d
CA_Tahoe_301786_1955_62500,Tahoe,62500,15 x 15 minute,1955,1955,1958,1953,,1955,,,1955,Y,600 PPI,NAD27,Polyconic,-120.25,39.0,-120.0,39.25,false,5798389,public_domain,https://prd-tnm.s3.amazonaws.com/StagedProducts/Maps/HistoricalTopo/GeoTIFF/CA/CA_Tahoe_301786_1955_62500_geo.tif,https://thor-f5.er.usgs.gov/ngtoc/metadata/waf/maps/historicaltopo/pdf/CA/62500/CA_Tahoe_301786_1955_62500_geo.xml,https://www.sciencebase.gov/catalog/item/5a8a42b1e4b00f54eb3f1432,5a8a42b1e4b00f54eb3f1432
CA_Truckee_301868_1955_62500,Truckee,62500,15 x 15 minute,1955,1955,1974,1953,,1955,,,,Y,600 PPI,NAD27,Polyconic,-120.25,39.25,-120.0,39.5,false,6537971,public_domain,https://prd-tnm.s3.amazonaws.com/StagedProducts/Maps/HistoricalTopo/GeoTIFF/CA/CA_Truckee_301868_1955_62500_geo.tif,https://thor-f5.er.usgs.gov/ngtoc/metadata/waf/maps/historicaltopo/pdf/CA/62500/CA_Truckee_301868_1955_62500_geo.xml,https://www.sciencebase.gov/catalog/item/5a8a42d1e4b00f54eb3f180c,5a8a42d1e4b00f54eb3f180c
CA_Truckee_301869_1955_62500,Truckee,62500,15 x 15 minute,1955,1955,1965,1953,,1955,,,,Y,600 PPI,NAD27,Polyconic,-120.25,39.25,-120.0,39.5,false,7392828,public_domain,https://prd-tnm.s3.amazonaws.com/StagedProducts/Maps/HistoricalTopo/GeoTIFF/CA/CA_Truckee_301869_1955_62500_geo.tif,https://thor-f5.er.usgs.gov/ngtoc/metadata/waf/maps/historicaltopo/pdf/CA/62500/CA_Truckee_301869_1955_62500_geo.xml,https://www.sciencebase.gov/catalog/item/5a8a42d1e4b00f54eb3f1812,5a8a42d1e4b00f54eb3f1812
CA_Truckee_301870_1955_62500,Truckee,62500,15 x 15 minute,1955,1955,1959,1953,,1955,,,,Y,600 PPI,NAD27,Polyconic,-120.25,39.25,-120.0,39.5,false,7309836,public_domain,https://prd-tnm.s3.amazonaws.com/StagedProducts/Maps/HistoricalTopo/GeoTIFF/CA/CA_Truckee_301870_1955_62500_geo.tif,https://thor-f5.er.usgs.gov/ngtoc/metadata/waf/maps/historicaltopo/pdf/CA/62500/CA_Truckee_301870_1955_62500_geo.xml,https://www.sciencebase.gov/catalog/item/5a8a42d1e4b00f54eb3f1819,5a8a42d1e4b00f54eb3f1819
CA_Truckee_301871_1955_62500,Truckee,62500,15 x 15 minute,1955,1955,1957,1953,,1955,,,,Y,600 PPI,NAD27,Polyconic,-120.25,39.25,-120.0,39.5,false,7273470,public_domain,https://prd-tnm.s3.amazonaws.com/StagedProducts/Maps/HistoricalTopo/GeoTIFF/CA/CA_Truckee_301871_1955_62500_geo.tif,https://thor-f5.er.usgs.gov/ngtoc/metadata/waf/maps/historicaltopo/pdf/CA/62500/CA_Truckee_301871_1955_62500_geo.xml,https://www.sciencebase.gov/catalog/item/5a8a42d1e4b00f54eb3f181c,5a8a42d1e4b00f54eb3f181c
CA_Wheatland_301972_1949_62500,Wheatland,62500,15 x 15 minute,1949,1949,1953,1947,,1949,,,1947,Y,600 PPI,NAD27,Polyconic,-121.5,39.0,-121.25,39.25,false,6956276,public_domain,https://prd-tnm.s3.amazonaws.com/StagedProducts/Maps/HistoricalTopo/GeoTIFF/CA/CA_Wheatland_301972_1949_62500_geo.tif,https://thor-f5.er.usgs.gov/ngtoc/metadata/waf/maps/historicaltopo/pdf/CA/62500/CA_Wheatland_301972_1949_62500_geo.xml,https://www.sciencebase.gov/catalog/item/5a8a42fde4b00f54eb3f1cec,5a8a42fde4b00f54eb3f1cec
CA_Wheatland_301973_1949_62500,Wheatland,62500,15 x 15 minute,1949,1949,1964,1947,,1949,,,1947,Y,600 PPI,NAD27,Polyconic,-121.5,39.0,-121.25,39.25,false,6698810,public_domain,https://prd-tnm.s3.amazonaws.com/StagedProducts/Maps/HistoricalTopo/GeoTIFF/CA/CA_Wheatland_301973_1949_62500_geo.tif,https://thor-f5.er.usgs.gov/ngtoc/metadata/waf/maps/historicaltopo/pdf/CA/62500/CA_Wheatland_301973_1949_62500_geo.xml,https://www.sciencebase.gov/catalog/item/5a8a42fee4b00f54eb3f1cf3,5a8a42fee4b00f54eb3f1cf3
CA_Wheatland_466580_1949_62500,Wheatland,62500,15 x 15 minute,1949,1949,1953,1947,,1949,,,1947,N,600 PPI,NAD27,Polyconic,-121.5,39.0,-121.25,39.25,false,5758689,public_domain,https://prd-tnm.s3.amazonaws.com/StagedProducts/Maps/HistoricalTopo/GeoTIFF/CA/CA_Wheatland_466580_1949_62500_geo.tif,https://thor-f5.er.usgs.gov/ngtoc/metadata/waf/maps/historicaltopo/pdf/CA/62500/CA_Wheatland_466580_1949_62500_geo.xml,https://www.sciencebase.gov/catalog/item/5e2c2af6e4b0a79317d39a0d,5e2c2af6e4b0a79317d39a0d
CA_Truckee_299043_1932_96000,Truckee,96000,30 x 30 minute,1932,1932,,,,,1932,,,N,600 PPI,NAD27,Polyconic,-120.5,39.0,-120.0,39.5,false,14458594,public_domain,https://prd-tnm.s3.amazonaws.com/StagedProducts/Maps/HistoricalTopo/GeoTIFF/CA/CA_Truckee_299043_1932_96000_geo.tif,https://thor-f5.er.usgs.gov/ngtoc/metadata/waf/maps/historicaltopo/pdf/CA/96000/CA_Truckee_299043_1932_96000_geo.xml,https://www.sciencebase.gov/catalog/item/5a8a2bdde4b00f54eb3cae5d,5a8a2bdde4b00f54eb3cae5d
CA_Placerville_299141_1976_100000,Placerville,100000,30 x 60 minute,1976,1976,1994,1976,,,1976,1988,,Y,600 PPI,NAD27,Universal Transverse Mercator,-121.0,38.5,-120.0,39.0,false,23456612,public_domain,https://prd-tnm.s3.amazonaws.com/StagedProducts/Maps/HistoricalTopo/GeoTIFF/CA/CA_Placerville_299141_1976_100000_geo.tif,https://thor-f5.er.usgs.gov/ngtoc/metadata/waf/maps/historicaltopo/pdf/CA/100000/CA_Placerville_299141_1976_100000_geo.xml,https://www.sciencebase.gov/catalog/item/5a8a4dc4e4b00f54eb40482c,5a8a4dc4e4b00f54eb40482c
CA_Placerville_299142_1976_100000,Placerville,100000,30 x 60 minute,1976,1976,1994,1976,,,1976,1988,,Y,600 PPI,NAD27,Universal Transverse Mercator,-121.0,38.5,-120.0,39.0,false,23663743,public_domain,https://prd-tnm.s3.amazonaws.com/StagedProducts/Maps/HistoricalTopo/GeoTIFF/CA/CA_Placerville_299142_1976_100000_geo.tif,https://thor-f5.er.usgs.gov/ngtoc/metadata/waf/maps/historicaltopo/pdf/CA/100000/CA_Placerville_299142_1976_100000_geo.xml,https://www.sciencebase.gov/catalog/item/5a8a4dc4e4b00f54eb404831,5a8a4dc4e4b00f54eb404831
CA_Portola_299150_1979_100000,Portola,100000,30 x 60 minute,1979,1979,1993,1975,,,1979,1990,,Y,600 PPI,NAD27,Universal Transverse Mercator,-121.0,39.5,-120.0,40.0,false,21794284,public_domain,https://prd-tnm.s3.amazonaws.com/StagedProducts/Maps/HistoricalTopo/GeoTIFF/CA/CA_Portola_299150_1979_100000_geo.tif,https://thor-f5.er.usgs.gov/ngtoc/metadata/waf/maps/historicaltopo/pdf/CA/100000/CA_Portola_299150_1979_100000_geo.xml,https://www.sciencebase.gov/catalog/item/5a8a4dcde4b00f54eb404945,5a8a4dcde4b00f54eb404945
CA_Portola_299151_1979_100000,Portola,100000,30 x 60 minute,1979,1979,1993,1975,,,1979,1990,,Y,600 PPI,NAD27,Universal Transverse Mercator,-121.0,39.5,-120.0,40.0,false,22355272,public_domain,https://prd-tnm.s3.amazonaws.com/StagedProducts/Maps/HistoricalTopo/GeoTIFF/CA/CA_Portola_299151_1979_100000_geo.tif,https://thor-f5.er.usgs.gov/ngtoc/metadata/waf/maps/historicaltopo/pdf/CA/100000/CA_Portola_299151_1979_100000_geo.xml,https://www.sciencebase.gov/catalog/item/5a8a4dcde4b00f54eb404949,5a8a4dcde4b00f54eb404949
CA_Sacramento_299157_1994_100000,Sacramento,100000,30 x 60 minute,1994,1994,1994,1987,,,1994,,,Y,600 PPI,NAD27,Universal Transverse Mercator,-122.0,38.5,-121.0,39.0,true,20019247,public_domain,https://prd-tnm.s3.amazonaws.com/StagedProducts/Maps/HistoricalTopo/GeoTIFF/CA/CA_Sacramento_299157_1994_100000_geo.tif,https://thor-f5.er.usgs.gov/ngtoc/metadata/waf/maps/historicaltopo/pdf/CA/100000/CA_Sacramento_299157_1994_100000_geo.xml,https://www.sciencebase.gov/catalog/item/5a8a4dcee4b00f54eb404976,5a8a4dcee4b00f54eb404976
CA_Sacramento_299158_1994_100000,Sacramento,100000,30 x 60 minute,1994,1994,1994,1987,,,1994,,,Y,600 PPI,NAD27,Universal Transverse Mercator,-122.0,38.5,-121.0,39.0,true,20865825,public_domain,https://prd-tnm.s3.amazonaws.com/StagedProducts/Maps/HistoricalTopo/GeoTIFF/CA/CA_Sacramento_299158_1994_100000_geo.tif,https://thor-f5.er.usgs.gov/ngtoc/metadata/waf/maps/historicaltopo/pdf/CA/100000/CA_Sacramento_299158_1994_100000_geo.xml,https://www.sciencebase.gov/catalog/item/5a8a4dcee4b00f54eb40497b,5a8a4dcee4b00f54eb40497b
CA_Truckee_302055_1977_100000,Truckee,100000,30 x 60 minute,1977,1977,1978,1973,,,1977,,,Y,600 PPI,NAD27,Universal Transverse Mercator,-121.0,39.0,-120.0,39.5,true,26098370,public_domain,https://prd-tnm.s3.amazonaws.com/StagedProducts/Maps/HistoricalTopo/GeoTIFF/CA/CA_Truckee_302055_1977_100000_geo.tif,https://thor-f5.er.usgs.gov/ngtoc/metadata/waf/maps/historicaltopo/pdf/CA/100000/CA_Truckee_302055_1977_100000_geo.xml,https://www.sciencebase.gov/catalog/item/5a8a4dd7e4b00f54eb404a7c,5a8a4dd7e4b00f54eb404a7c
CA_Truckee_302056_1977_100000,Truckee,100000,30 x 60 minute,1977,1977,1978,1973,,,1977,,,Y,600 PPI,NAD27,Universal Transverse Mercator,-121.0,39.0,-120.0,39.5,true,27219621,public_domain,https://prd-tnm.s3.amazonaws.com/StagedProducts/Maps/HistoricalTopo/GeoTIFF/CA/CA_Truckee_302056_1977_100000_geo.tif,https://thor-f5.er.usgs.gov/ngtoc/metadata/waf/maps/historicaltopo/pdf/CA/100000/CA_Truckee_302056_1977_100000_geo.xml,https://www.sciencebase.gov/catalog/item/5a8a4dd7e4b00f54eb404a83,5a8a4dd7e4b00f54eb404a83
CA_Yuba_City_299194_1993_100000,Yuba City,100000,30 x 60 minute,1993,1993,1994,1987,,,1993,,,Y,600 PPI,NAD27,Universal Transverse Mercator,-122.0,39.0,-121.0,39.5,true,21685292,public_domain,https://prd-tnm.s3.amazonaws.com/StagedProducts/Maps/HistoricalTopo/GeoTIFF/CA/CA_Yuba%20City_299194_1993_100000_geo.tif,https://thor-f5.er.usgs.gov/ngtoc/metadata/waf/maps/historicaltopo/pdf/CA/100000/CA_Yuba_City_299194_1993_100000_geo.xml,https://www.sciencebase.gov/catalog/item/5a8a4ddae4b00f54eb404af7,5a8a4ddae4b00f54eb404af7
CA_Colfax_299286_1891_125000,Colfax,125000,30 x 30 minute,1891,1891,1891,,,,,,1887,N,600 PPI,Unstated,Unstated,-121.0,39.0,-120.5,39.5,true,7437789,public_domain,https://prd-tnm.s3.amazonaws.com/StagedProducts/Maps/HistoricalTopo/GeoTIFF/CA/CA_Colfax_299286_1891_125000_geo.tif,https://thor-f5.er.usgs.gov/ngtoc/metadata/waf/maps/historicaltopo/pdf/CA/125000/CA_Colfax_299286_1891_125000_geo.xml,https://www.sciencebase.gov/catalog/item/5a8a5383e4b00f54eb40fbc1,5a8a5383e4b00f54eb40fbc1
CA_Colfax_299287_1892_125000,Colfax,125000,30 x 30 minute,1892,1892,1892,,,,,,1887,N,600 PPI,Unstated,Unstated,-121.0,39.0,-120.5,39.5,true,8037923,public_domain,https://prd-tnm.s3.amazonaws.com/StagedProducts/Maps/HistoricalTopo/GeoTIFF/CA/CA_Colfax_299287_1892_125000_geo.tif,https://thor-f5.er.usgs.gov/ngtoc/metadata/waf/maps/historicaltopo/pdf/CA/125000/CA_Colfax_299287_1892_125000_geo.xml,https://www.sciencebase.gov/catalog/item/5a8a5383e4b00f54eb40fbc8,5a8a5383e4b00f54eb40fbc8
CA_Colfax_299288_1894_125000,Colfax,125000,30 x 30 minute,1894,1894,1894,,,,,,1887,N,600 PPI,Unstated,Unstated,-121.0,39.0,-120.5,39.5,true,7975269,public_domain,https://prd-tnm.s3.amazonaws.com/StagedProducts/Maps/HistoricalTopo/GeoTIFF/CA/CA_Colfax_299288_1894_125000_geo.tif,https://thor-f5.er.usgs.gov/ngtoc/metadata/waf/maps/historicaltopo/pdf/CA/125000/CA_Colfax_299288_1894_125000_geo.xml,https://www.sciencebase.gov/catalog/item/5a8a5383e4b00f54eb40fbd0,5a8a5383e4b00f54eb40fbd0
CA_Colfax_299290_1898_125000,Colfax,125000,30 x 30 minute,1898,1898,1898,,,,,,1887,N,600 PPI,Unstated,Unstated,-121.0,39.0,-120.5,39.5,true,9058902,public_domain,https://prd-tnm.s3.amazonaws.com/StagedProducts/Maps/HistoricalTopo/GeoTIFF/CA/CA_Colfax_299290_1898_125000_geo.tif,https://thor-f5.er.usgs.gov/ngtoc/metadata/waf/maps/historicaltopo/pdf/CA/125000/CA_Colfax_299290_1898_125000_geo.xml,https://www.sciencebase.gov/catalog/item/5a8a5383e4b00f54eb40fbd6,5a8a5383e4b00f54eb40fbd6
CA_Colfax_465512_1900_125000,Colfax,125000,30 x 30 minute,1900,1900,,,,,,,1887,N,600 PPI,Unstated,Unstated,-121.0,39.0,-120.5,39.5,true,8318201,public_domain,https://prd-tnm.s3.amazonaws.com/StagedProducts/Maps/HistoricalTopo/GeoTIFF/CA/CA_Colfax_465512_1900_125000_geo.tif,https://thor-f5.er.usgs.gov/ngtoc/metadata/waf/maps/historicaltopo/pdf/CA/125000/CA_Colfax_465512_1900_125000_geo.xml,https://www.sciencebase.gov/catalog/item/5d149adfe4b0941bde5b72b5,5d149adfe4b0941bde5b72b5
CA_Colfax_299291_1902_125000,Colfax,125000,30 x 30 minute,1902,1902,1902,,,,,,1887,N,600 PPI,Unstated,Unstated,-121.0,39.0,-120.5,39.5,true,8835625,public_domain,https://prd-tnm.s3.amazonaws.com/StagedProducts/Maps/HistoricalTopo/GeoTIFF/CA/CA_Colfax_299291_1902_125000_geo.tif,https://thor-f5.er.usgs.gov/ngtoc/metadata/waf/maps/historicaltopo/pdf/CA/125000/CA_Colfax_299291_1902_125000_geo.xml,https://www.sciencebase.gov/catalog/item/5a8a5383e4b00f54eb40fbdf,5a8a5383e4b00f54eb40fbdf
CA_Colfax_299292_1902_125000,Colfax,125000,30 x 30 minute,1902,1902,1905,,,,,,1887,N,600 PPI,Unstated,Unstated,-121.0,39.0,-120.5,39.5,true,8176896,public_domain,https://prd-tnm.s3.amazonaws.com/StagedProducts/Maps/HistoricalTopo/GeoTIFF/CA/CA_Colfax_299292_1902_125000_geo.tif,https://thor-f5.er.usgs.gov/ngtoc/metadata/waf/maps/historicaltopo/pdf/CA/125000/CA_Colfax_299292_1902_125000_geo.xml,https://www.sciencebase.gov/catalog/item/5a8a5383e4b00f54eb40fbe5,5a8a5383e4b00f54eb40fbe5
CA_Colfax_299293_1902_125000,Colfax,125000,30 x 30 minute,1902,1902,1910,,,,,,1887,N,600 PPI,Unstated,Unstated,-121.0,39.0,-120.5,39.5,true,8505720,public_domain,https://prd-tnm.s3.amazonaws.com/StagedProducts/Maps/HistoricalTopo/GeoTIFF/CA/CA_Colfax_299293_1902_125000_geo.tif,https://thor-f5.er.usgs.gov/ngtoc/metadata/waf/maps/historicaltopo/pdf/CA/125000/CA_Colfax_299293_1902_125000_geo.xml,https://www.sciencebase.gov/catalog/item/5a8a5383e4b00f54eb40fbeb,5a8a5383e4b00f54eb40fbeb
CA_Colfax_299294_1902_125000,Colfax,125000,30 x 30 minute,1902,1902,1914,,,,,,1887,N,600 PPI,Unstated,Unstated,-121.0,39.0,-120.5,39.5,true,8483831,public_domain,https://prd-tnm.s3.amazonaws.com/StagedProducts/Maps/HistoricalTopo/GeoTIFF/CA/CA_Colfax_299294_1902_125000_geo.tif,https://thor-f5.er.usgs.gov/ngtoc/metadata/waf/maps/historicaltopo/pdf/CA/125000/CA_Colfax_299294_1902_125000_geo.xml,https://www.sciencebase.gov/catalog/item/5a8a5384e4b00f54eb40fbf1,5a8a5384e4b00f54eb40fbf1
CA_Colfax_299295_1902_125000,Colfax,125000,30 x 30 minute,1902,1902,1922,,,,,,1887,N,600 PPI,Unstated,Unstated,-121.0,39.0,-120.5,39.5,true,8669086,public_domain,https://prd-tnm.s3.amazonaws.com/StagedProducts/Maps/HistoricalTopo/GeoTIFF/CA/CA_Colfax_299295_1902_125000_geo.tif,https://thor-f5.er.usgs.gov/ngtoc/metadata/waf/maps/historicaltopo/pdf/CA/125000/CA_Colfax_299295_1902_125000_geo.xml,https://www.sciencebase.gov/catalog/item/5a8a5384e4b00f54eb40fbf9,5a8a5384e4b00f54eb40fbf9
CA_Colfax_299296_1902_125000,Colfax,125000,30 x 30 minute,1902,1902,1930,,,,,,1887,N,600 PPI,Unstated,Polyconic,-121.0,39.0,-120.5,39.5,true,9180931,public_domain,https://prd-tnm.s3.amazonaws.com/StagedProducts/Maps/HistoricalTopo/GeoTIFF/CA/CA_Colfax_299296_1902_125000_geo.tif,https://thor-f5.er.usgs.gov/ngtoc/metadata/waf/maps/historicaltopo/pdf/CA/125000/CA_Colfax_299296_1902_125000_geo.xml,https://www.sciencebase.gov/catalog/item/5a8a5384e4b00f54eb40fbfd,5a8a5384e4b00f54eb40fbfd
CA_Colfax_299297_1902_125000,Colfax,125000,30 x 30 minute,1902,1902,1934,,,,,,1887,N,600 PPI,Unstated,Polyconic,-121.0,39.0,-120.5,39.5,true,8479329,public_domain,https://prd-tnm.s3.amazonaws.com/StagedProducts/Maps/HistoricalTopo/GeoTIFF/CA/CA_Colfax_299297_1902_125000_geo.tif,https://thor-f5.er.usgs.gov/ngtoc/metadata/waf/maps/historicaltopo/pdf/CA/125000/CA_Colfax_299297_1902_125000_geo.xml,https://www.sciencebase.gov/catalog/item/5a8a538ae4b00f54eb40fc5f,5a8a538ae4b00f54eb40fc5f
CA_Colfax_297132_1938_125000,Colfax,125000,30 x 30 minute,1938,1938,1941,,,,,,1887,N,600 PPI,Unstated,Polyconic,-121.0,39.0,-120.5,39.5,true,9851168,public_domain,https://prd-tnm.s3.amazonaws.com/StagedProducts/Maps/HistoricalTopo/GeoTIFF/CA/CA_Colfax_297132_1938_125000_geo.tif,https://thor-f5.er.usgs.gov/ngtoc/metadata/waf/maps/historicaltopo/pdf/CA/125000/CA_Colfax_297132_1938_125000_geo.xml,https://www.sciencebase.gov/catalog/item/5a8a5383e4b00f54eb40fbb4,5a8a5383e4b00f54eb40fbb4
CA_Colfax_297135_1938_125000,Colfax,125000,30 x 30 minute,1938,1938,1950,,,,,,1932,N,600 PPI,Unstated,Polyconic,-121.0,39.0,-120.5,39.5,true,9043644,public_domain,https://prd-tnm.s3.amazonaws.com/StagedProducts/Maps/HistoricalTopo/GeoTIFF/CA/CA_Colfax_297135_1938_125000_geo.tif,https://thor-f5.er.usgs.gov/ngtoc/metadata/waf/maps/historicaltopo/pdf/CA/125000/CA_Colfax_297135_1938_125000_geo.xml,https://www.sciencebase.gov/catalog/item/5a8a5383e4b00f54eb40fbbb,5a8a5383e4b00f54eb40fbbb
CA_Colfax_299298_1938_125000,Colfax,125000,30 x 30 minute,1938,1938,1938,,,,,,1887,Y,600 PPI,NAD27,Polyconic,-121.0,39.0,-120.5,39.5,true,9550029,public_domain,https://prd-tnm.s3.amazonaws.com/StagedProducts/Maps/HistoricalTopo/GeoTIFF/CA/CA_Colfax_299298_1938_125000_geo.tif,https://thor-f5.er.usgs.gov/ngtoc/metadata/waf/maps/historicaltopo/pdf/CA/125000/CA_Colfax_299298_1938_125000_geo.xml,https://www.sciencebase.gov/catalog/item/5a8a538be4b00f54eb40fc67,5a8a538be4b00f54eb40fc67
CA_Downieville_299328_1891_125000,Downieville,125000,30 x 30 minute,1891,1891,,,,,,,1888,N,600 PPI,Unstated,Unstated,-121.0,39.5,-120.5,40.0,false,7527152,public_domain,https://prd-tnm.s3.amazonaws.com/StagedProducts/Maps/HistoricalTopo/GeoTIFF/CA/CA_Downieville_299328_1891_125000_geo.tif,https://thor-f5.er.usgs.gov/ngtoc/metadata/waf/maps/historicaltopo/pdf/CA/125000/CA_Downieville_299328_1891_125000_geo.xml,https://www.sciencebase.gov/catalog/item/5a8a538ee4b00f54eb40fd55,5a8a538ee4b00f54eb40fd55
CA_Downieville_299329_1893_125000,Downieville,125000,30 x 30 minute,1893,1893,1893,,,,,,1888,N,600 PPI,Unstated,Unstated,-121.0,39.5,-120.5,40.0,false,7306607,public_domain,https://prd-tnm.s3.amazonaws.com/StagedProducts/Maps/HistoricalTopo/GeoTIFF/CA/CA_Downieville_299329_1893_125000_geo.tif,https://thor-f5.er.usgs.gov/ngtoc/metadata/waf/maps/historicaltopo/pdf/CA/125000/CA_Downieville_299329_1893_125000_geo.xml,https://www.sciencebase.gov/catalog/item/5a8a538ee4b00f54eb40fd5d,5a8a538ee4b00f54eb40fd5d
CA_Downieville_299330_1895_125000,Downieville,125000,30 x 30 minute,1895,1895,1895,,,,,,1888,N,600 PPI,Unstated,Unstated,-121.0,39.5,-120.5,40.0,false,7001218,public_domain,https://prd-tnm.s3.amazonaws.com/StagedProducts/Maps/HistoricalTopo/GeoTIFF/CA/CA_Downieville_299330_1895_125000_geo.tif,https://thor-f5.er.usgs.gov/ngtoc/metadata/waf/maps/historicaltopo/pdf/CA/125000/CA_Downieville_299330_1895_125000_geo.xml,https://www.sciencebase.gov/catalog/item/5a8a538fe4b00f54eb40fd64,5a8a538fe4b00f54eb40fd64
CA_Downieville_299331_1896_125000,Downieville,125000,30 x 30 minute,1896,1896,1896,,,,,,1888,N,600 PPI,Unstated,Unstated,-121.0,39.5,-120.5,40.0,false,8369614,public_domain,https://prd-tnm.s3.amazonaws.com/StagedProducts/Maps/HistoricalTopo/GeoTIFF/CA/CA_Downieville_299331_1896_125000_geo.tif,https://thor-f5.er.usgs.gov/ngtoc/metadata/waf/maps/historicaltopo/pdf/CA/125000/CA_Downieville_299331_1896_125000_geo.xml,https://www.sciencebase.gov/catalog/item/5a8a538fe4b00f54eb40fd6c,5a8a538fe4b00f54eb40fd6c
CA_Downieville_299332_1897_125000,Downieville,125000,30 x 30 minute,1897,1897,1897,,,,,,1886,N,600 PPI,Unstated,Unstated,-121.0,39.5,-120.5,40.0,false,7321609,public_domain,https://prd-tnm.s3.amazonaws.com/StagedProducts/Maps/HistoricalTopo/GeoTIFF/CA/CA_Downieville_299332_1897_125000_geo.tif,https://thor-f5.er.usgs.gov/ngtoc/metadata/waf/maps/historicaltopo/pdf/CA/125000/CA_Downieville_299332_1897_125000_geo.xml,https://www.sciencebase.gov/catalog/item/5a8a538fe4b00f54eb40fd74,5a8a538fe4b00f54eb40fd74
CA_Downieville_299333_1897_125000,Downieville,125000,30 x 30 minute,1897,1897,1902,,,,,,1888,N,600 PPI,Unstated,Unstated,-121.0,39.5,-120.5,40.0,false,7544316,public_domain,https://prd-tnm.s3.amazonaws.com/StagedProducts/Maps/HistoricalTopo/GeoTIFF/CA/CA_Downieville_299333_1897_125000_geo.tif,https://thor-f5.er.usgs.gov/ngtoc/metadata/waf/maps/historicaltopo/pdf/CA/125000/CA_Downieville_299333_1897_125000_geo.xml,https://www.sciencebase.gov/catalog/item/5a8a538fe4b00f54eb40fd7f,5a8a538fe4b00f54eb40fd7f
CA_Downieville_299334_1897_125000,Downieville,125000,30 x 30 minute,1897,1897,1907,,,,,,1888,N,600 PPI,Unstated,Unstated,-121.0,39.5,-120.5,40.0,false,8102096,public_domain,https://prd-tnm.s3.amazonaws.com/StagedProducts/Maps/HistoricalTopo/GeoTIFF/CA/CA_Downieville_299334_1897_125000_geo.tif,https://thor-f5.er.usgs.gov/ngtoc/metadata/waf/maps/historicaltopo/pdf/CA/125000/CA_Downieville_299334_1897_125000_geo.xml,https://www.sciencebase.gov/catalog/item/5a8a538fe4b00f54eb40fd86,5a8a538fe4b00f54eb40fd86
CA_Downieville_299335_1897_125000,Downieville,125000,30 x 30 minute,1897,1897,1912,,,,,,1888,N,600 PPI,Unstated,Unstated,-121.0,39.5,-120.5,40.0,false,7410974,public_domain,https://prd-tnm.s3.amazonaws.com/StagedProducts/Maps/HistoricalTopo/GeoTIFF/CA/CA_Downieville_299335_1897_125000_geo.tif,https://thor-f5.er.usgs.gov/ngtoc/metadata/waf/maps/historicaltopo/pdf/CA/125000/CA_Downieville_299335_1897_125000_geo.xml,https://www.sciencebase.gov/catalog/item/5a8a538fe4b00f54eb40fd8d,5a8a538fe4b00f54eb40fd8d
CA_Downieville_299336_1897_125000,Downieville,125000,30 x 30 minute,1897,1897,1922,,,,,,1888,N,600 PPI,Unstated,Unstated,-121.0,39.5,-120.5,40.0,false,7320523,public_domain,https://prd-tnm.s3.amazonaws.com/StagedProducts/Maps/HistoricalTopo/GeoTIFF/CA/CA_Downieville_299336_1897_125000_geo.tif,https://thor-f5.er.usgs.gov/ngtoc/metadata/waf/maps/historicaltopo/pdf/CA/125000/CA_Downieville_299336_1897_125000_geo.xml,https://www.sciencebase.gov/catalog/item/5a8a5390e4b00f54eb40fd96,5a8a5390e4b00f54eb40fd96
CA_Downieville_299338_1897_125000,Downieville,125000,30 x 30 minute,1897,1897,1932,,,,,,1888,N,600 PPI,Unstated,Unstated,-121.0,39.5,-120.5,40.0,false,7387080,public_domain,https://prd-tnm.s3.amazonaws.com/StagedProducts/Maps/HistoricalTopo/GeoTIFF/CA/CA_Downieville_299338_1897_125000_geo.tif,https://thor-f5.er.usgs.gov/ngtoc/metadata/waf/maps/historicaltopo/pdf/CA/125000/CA_Downieville_299338_1897_125000_geo.xml,https://www.sciencebase.gov/catalog/item/5a8a5390e4b00f54eb40fd9e,5a8a5390e4b00f54eb40fd9e
CA_Downieville_299339_1897_125000,Downieville,125000,30 x 30 minute,1897,1897,1946,,,,,,1888,N,600 PPI,Unstated,Polyconic,-121.0,39.5,-120.5,40.0,false,9177624,public_domain,https://prd-tnm.s3.amazonaws.com/StagedProducts/Maps/HistoricalTopo/GeoTIFF/CA/CA_Downieville_299339_1897_125000_geo.tif,https://thor-f5.er.usgs.gov/ngtoc/metadata/waf/maps/historicaltopo/pdf/CA/125000/CA_Downieville_299339_1897_125000_geo.xml,https://www.sciencebase.gov/catalog/item/5a8a5390e4b00f54eb40fda6,5a8a5390e4b00f54eb40fda6
CA_Placerville_299543_1891_125000,Placerville,125000,30 x 30 minute,1891,1891,1891,,,,,,1887,N,600 PPI,Unstated,Unstated,-121.0,38.5,-120.5,39.0,false,7411522,public_domain,https://prd-tnm.s3.amazonaws.com/StagedProducts/Maps/HistoricalTopo/GeoTIFF/CA/CA_Placerville_299543_1891_125000_geo.tif,https://thor-f5.er.usgs.gov/ngtoc/metadata/waf/maps/historicaltopo/pdf/CA/125000/CA_Placerville_299543_1891_125000_geo.xml,https://www.sciencebase.gov/catalog/item/5a8a53c4e4b00f54eb410547,5a8a53c4e4b00f54eb410547
CA_Placerville_299544_1892_125000,Placerville,125000,30 x 30 minute,1892,1892,1892,,,,,,1887,N,600 PPI,Unstated,Unstated,-121.0,38.5,-120.5,39.0,false,6983590,public_domain,https://prd-tnm.s3.amazonaws.com/StagedProducts/Maps/HistoricalTopo/GeoTIFF/CA/CA_Placerville_299544_1892_125000_geo.tif,https://thor-f5.er.usgs.gov/ngtoc/metadata/waf/maps/historicaltopo/pdf/CA/125000/CA_Placerville_299544_1892_125000_geo.xml,https://www.sciencebase.gov/catalog/item/5a8a53c4e4b00f54eb41054d,5a8a53c4e4b00f54eb41054d
CA_Placerville_299545_1893_125000,Placerville,125000,30 x 30 minute,1893,1893,1893,,,,,,1887,N,600 PPI,Unstated,Unstated,-121.0,38.5,-120.5,39.0,false,7462624,public_domain,https://prd-tnm.s3.amazonaws.com/StagedProducts/Maps/HistoricalTopo/GeoTIFF/CA/CA_Placerville_299545_1893_125000_geo.tif,https://thor-f5.er.usgs.gov/ngtoc/metadata/waf/maps/historicaltopo/pdf/CA/125000/CA_Placerville_299545_1893_125000_geo.xml,https://www.sciencebase.gov/catalog/item/5a8a53c4e4b00f54eb410555,5a8a53c4e4b00f54eb410555
CA_Placerville_299546_1893_125000,Placerville,125000,30 x 30 minute,1893,1893,1898,,,,,,1887,N,600 PPI,Unstated,Unstated,-121.0,38.5,-120.5,39.0,false,7382960,public_domain,https://prd-tnm.s3.amazonaws.com/StagedProducts/Maps/HistoricalTopo/GeoTIFF/CA/CA_Placerville_299546_1893_125000_geo.tif,https://thor-f5.er.usgs.gov/ngtoc/metadata/waf/maps/historicaltopo/pdf/CA/125000/CA_Placerville_299546_1893_125000_geo.xml,https://www.sciencebase.gov/catalog/item/5a8a53c4e4b00f54eb41055f,5a8a53c4e4b00f54eb41055f
CA_Placerville_299547_1893_125000,Placerville,125000,30 x 30 minute,1893,1893,1905,,,,,,1887,N,600 PPI,Unstated,Unstated,-121.0,38.5,-120.5,39.0,false,6439946,public_domain,https://prd-tnm.s3.amazonaws.com/StagedProducts/Maps/HistoricalTopo/GeoTIFF/CA/CA_Placerville_299547_1893_125000_geo.tif,https://thor-f5.er.usgs.gov/ngtoc/metadata/waf/maps/historicaltopo/pdf/CA/125000/CA_Placerville_299547_1893_125000_geo.xml,https://www.sciencebase.gov/catalog/item/5a8a53c4e4b00f54eb410565,5a8a53c4e4b00f54eb410565
CA_Placerville_299548_1893_125000,Placerville,125000,30 x 30 minute,1893,1893,1908,,,,,,1887,N,600 PPI,Unstated,Unstated,-121.0,38.5,-120.5,39.0,false,7766770,public_domain,https://prd-tnm.s3.amazonaws.com/StagedProducts/Maps/HistoricalTopo/GeoTIFF/CA/CA_Placerville_299548_1893_125000_geo.tif,https://thor-f5.er.usgs.gov/ngtoc/metadata/waf/maps/historicaltopo/pdf/CA/125000/CA_Placerville_299548_1893_125000_geo.xml,https://www.sciencebase.gov/catalog/item/5a8a53c4e4b00f54eb41056e,5a8a53c4e4b00f54eb41056e
CA_Placerville_299549_1893_125000,Placerville,125000,30 x 30 minute,1893,1893,1913,,,,,,1887,N,600 PPI,Unstated,Unstated,-121.0,38.5,-120.5,39.0,false,7931946,public_domain,https://prd-tnm.s3.amazonaws.com/StagedProducts/Maps/HistoricalTopo/GeoTIFF/CA/CA_Placerville_299549_1893_125000_geo.tif,https://thor-f5.er.usgs.gov/ngtoc/metadata/waf/maps/historicaltopo/pdf/CA/125000/CA_Placerville_299549_1893_125000_geo.xml,https://www.sciencebase.gov/catalog/item/5a8a53c4e4b00f54eb410575,5a8a53c4e4b00f54eb410575
CA_Placerville_299550_1893_125000,Placerville,125000,30 x 30 minute,1893,1893,1921,,,,,,1887,N,600 PPI,Unstated,Unstated,-121.0,38.5,-120.5,39.0,false,7900221,public_domain,https://prd-tnm.s3.amazonaws.com/StagedProducts/Maps/HistoricalTopo/GeoTIFF/CA/CA_Placerville_299550_1893_125000_geo.tif,https://thor-f5.er.usgs.gov/ngtoc/metadata/waf/maps/historicaltopo/pdf/CA/125000/CA_Placerville_299550_1893_125000_geo.xml,https://www.sciencebase.gov/catalog/item/5a8a53c4e4b00f54eb41057d,5a8a53c4e4b00f54eb41057d
CA_Placerville_299551_1893_125000,Placerville,125000,30 x 30 minute,1893,1893,1928,,,,,,1887,N,600 PPI,Unstated,Polyconic,-121.0,38.5,-120.5,39.0,false,7542521,public_domain,https://prd-tnm.s3.amazonaws.com/StagedProducts/Maps/HistoricalTopo/GeoTIFF/CA/CA_Placerville_299551_1893_125000_geo.tif,https://thor-f5.er.usgs.gov/ngtoc/metadata/waf/maps/historicaltopo/pdf/CA/125000/CA_Placerville_299551_1893_125000_geo.xml,https://www.sciencebase.gov/catalog/item/5a8a53c5e4b00f54eb410585,5a8a53c5e4b00f54eb410585
CA_Placerville_299552_1893_125000,Placerville,125000,30 x 30 minute,1893,1893,1931,,,,,,1887,N,600 PPI,Unstated,Polyconic,-121.0,38.5,-120.5,39.0,false,7853247,public_domain,https://prd-tnm.s3.amazonaws.com/StagedProducts/Maps/HistoricalTopo/GeoTIFF/CA/CA_Placerville_299552_1893_125000_geo.tif,https://thor-f5.er.usgs.gov/ngtoc/metadata/waf/maps/historicaltopo/pdf/CA/125000/CA_Placerville_299552_1893_125000_geo.xml,https://www.sciencebase.gov/catalog/item/5a8a53c5e4b00f54eb41058d,5a8a53c5e4b00f54eb41058d
CA_Placerville_299553_1893_125000,Placerville,125000,30 x 30 minute,1893,1893,1947,,,,,,1887,N,600 PPI,Unstated,Polyconic,-121.0,38.5,-120.5,39.0,false,8541175,public_domain,https://prd-tnm.s3.amazonaws.com/StagedProducts/Maps/HistoricalTopo/GeoTIFF/CA/CA_Placerville_299553_1893_125000_geo.tif,https://thor-f5.er.usgs.gov/ngtoc/metadata/waf/maps/historicaltopo/pdf/CA/125000/CA_Placerville_299553_1893_125000_geo.xml,https://www.sciencebase.gov/catalog/item/5a8a53c5e4b00f54eb410596,5a8a53c5e4b00f54eb410596
CA_Pyramid_Peak_299571_1889_125000,Pyramid Peak,125000,30 x 30 minute,1889,1889,1954,,,,,,1889,N,600 PPI,Unstated,Polyconic,-120.5,38.5,-120.0,39.0,false,8286421,public_domain,https://prd-tnm.s3.amazonaws.com/StagedProducts/Maps/HistoricalTopo/GeoTIFF/CA/CA_Pyramid%20Peak_299571_1889_125000_geo.tif,https://thor-f5.er.usgs.gov/ngtoc/metadata/waf/maps/historicaltopo/pdf/CA/125000/CA_Pyramid_Peak_299571_1889_125000_geo.xml,https://www.sciencebase.gov/catalog/item/5a8a53cee4b00f54eb410645,5a8a53cee4b00f54eb410645
CA_Pyramid_Peak_299563_1891_125000,Pyramid Peak,125000,30 x 30 minute,1891,1891,1891,,,,,,1889,N,600 PPI,Unstated,Unstated,-120.5,38.5,-120.0,39.0,false,7318529,public_domain,https://prd-tnm.s3.amazonaws.com/StagedProducts/Maps/HistoricalTopo/GeoTIFF/CA/CA_Pyramid%20Peak_299563_1891_125000_geo.tif,https://thor-f5.er.usgs.gov/ngtoc/metadata/waf/maps/historicaltopo/pdf/CA/125000/CA_Pyramid_Peak_299563_1891_125000_geo.xml,https://www.sciencebase.gov/catalog/item/5a8a53cde4b00f54eb41060f,5a8a53cde4b00f54eb41060f
CA_Pyramid_Peak_299564_1895_125000,Pyramid Peak,125000,30 x 30 minute,1895,1895,1899,,,,,,1889,N,600 PPI,Unstated,Unstated,-120.5,38.5,-120.0,39.0,false,7018363,public_domain,https://prd-tnm.s3.amazonaws.com/StagedProducts/Maps/HistoricalTopo/GeoTIFF/CA/CA_Pyramid%20Peak_299564_1895_125000_geo.tif,https://thor-f5.er.usgs.gov/ngtoc/metadata/waf/maps/historicaltopo/pdf/CA/125000/CA_Pyramid_Peak_299564_1895_125000_geo.xml,https://www.sciencebase.gov/catalog/item/5a8a53cde4b00f54eb410614,5a8a53cde4b00f54eb410614
CA_Pyramid_Peak_299565_1895_125000,Pyramid Peak,125000,30 x 30 minute,1895,1895,,,,,,,1889,N,600 PPI,Unstated,Unstated,-120.5,38.5,-120.0,39.0,false,7636107,public_domain,https://prd-tnm.s3.amazonaws.com/StagedProducts/Maps/HistoricalTopo/GeoTIFF/CA/CA_Pyramid%20Peak_299565_1895_125000_geo.tif,https://thor-f5.er.usgs.gov/ngtoc/metadata/waf/maps/historicaltopo/pdf/CA/125000/CA_Pyramid_Peak_299565_1895_125000_geo.xml,https://www.sciencebase.gov/catalog/item/5a8a53cee4b00f54eb41061a,5a8a53cee4b00f54eb41061a
CA_Pyramid_Peak_299566_1896_125000,Pyramid Peak,125000,30 x 30 minute,1896,1896,1905,,,,,,1889,N,600 PPI,Unstated,Unstated,-120.5,38.5,-120.0,39.0,false,7772732,public_domain,https://prd-tnm.s3.amazonaws.com/StagedProducts/Maps/HistoricalTopo/GeoTIFF/CA/CA_Pyramid%20Peak_299566_1896_125000_geo.tif,https://thor-f5.er.usgs.gov/ngtoc/metadata/waf/maps/historicaltopo/pdf/CA/125000/CA_Pyramid_Peak_299566_1896_125000_geo.xml,https://www.sciencebase.gov/catalog/item/5a8a53cee4b00f54eb410621,5a8a53cee4b00f54eb410621
CA_Pyramid_Peak_299567_1896_125000,Pyramid Peak,125000,30 x 30 minute,1896,1896,1909,,,,,,1889,N,600 PPI,Unstated,Unstated,-120.5,38.5,-120.0,39.0,false,7182125,public_domain,https://prd-tnm.s3.amazonaws.com/StagedProducts/Maps/HistoricalTopo/GeoTIFF/CA/CA_Pyramid%20Peak_299567_1896_125000_geo.tif,https://thor-f5.er.usgs.gov/ngtoc/metadata/waf/maps/historicaltopo/pdf/CA/125000/CA_Pyramid_Peak_299567_1896_125000_geo.xml,https://www.sciencebase.gov/catalog/item/5a8a53cee4b00f54eb410627,5a8a53cee4b00f54eb410627
CA_Pyramid_Peak_299568_1896_125000,Pyramid Peak,125000,30 x 30 minute,1896,1896,1913,,,,,,1889,N,600 PPI,Unstated,Unstated,-120.5,38.5,-120.0,39.0,false,7471020,public_domain,https://prd-tnm.s3.amazonaws.com/StagedProducts/Maps/HistoricalTopo/GeoTIFF/CA/CA_Pyramid%20Peak_299568_1896_125000_geo.tif,https://thor-f5.er.usgs.gov/ngtoc/metadata/waf/maps/historicaltopo/pdf/CA/125000/CA_Pyramid_Peak_299568_1896_125000_geo.xml,https://www.sciencebase.gov/catalog/item/5a8a53cee4b00f54eb41062d,5a8a53cee4b00f54eb41062d
CA_Pyramid_Peak_299569_1896_125000,Pyramid Peak,125000,30 x 30 minute,1896,1896,1923,,,,,,1889,N,600 PPI,Unstated,Unstated,-120.5,38.5,-120.0,39.0,false,7533042,public_domain,https://prd-tnm.s3.amazonaws.com/StagedProducts/Maps/HistoricalTopo/GeoTIFF/CA/CA_Pyramid%20Peak_299569_1896_125000_geo.tif,https://thor-f5.er.usgs.gov/ngtoc/metadata/waf/maps/historicaltopo/pdf/CA/125000/CA_Pyramid_Peak_299569_1896_125000_geo.xml,https://www.sciencebase.gov/catalog/item/5a8a53cee4b00f54eb410635,5a8a53cee4b00f54eb410635
CA_Pyramid_Peak_299570_1896_125000,Pyramid Peak,125000,30 x 30 minute,1896,1896,1932,,,,,,1889,N,600 PPI,Unstated,Polyconic,-120.5,38.5,-120.0,39.0,false,7109738,public_domain,https://prd-tnm.s3.amazonaws.com/StagedProducts/Maps/HistoricalTopo/GeoTIFF/CA/CA_Pyramid%20Peak_299570_1896_125000_geo.tif,https://thor-f5.er.usgs.gov/ngtoc/metadata/waf/maps/historicaltopo/pdf/CA/125000/CA_Pyramid_Peak_299570_1896_125000_geo.xml,https://www.sciencebase.gov/catalog/item/5a8a53cee4b00f54eb41063b,5a8a53cee4b00f54eb41063b
CA_Pyramid_Peak_299572_1896_125000,Pyramid Peak,125000,30 x 30 minute,1896,1896,1940,,,,,,1889,N,600 PPI,Unstated,Polyconic,-120.5,38.5,-120.0,39.0,false,8985118,public_domain,https://prd-tnm.s3.amazonaws.com/StagedProducts/Maps/HistoricalTopo/GeoTIFF/CA/CA_Pyramid%20Peak_299572_1896_125000_geo.tif,https://thor-f5.er.usgs.gov/ngtoc/metadata/waf/maps/historicaltopo/pdf/CA/125000/CA_Pyramid_Peak_299572_1896_125000_geo.xml,https://www.sciencebase.gov/catalog/item/5a8a53cee4b00f54eb41064c,5a8a53cee4b00f54eb41064c
CA_Pyramid_Peak_299573_1896_125000,Pyramid Peak,125000,30 x 30 minute,1896,1896,1947,,,,,,1889,N,600 PPI,Unstated,Unstated,-120.5,38.5,-120.0,39.0,false,8205810,public_domain,https://prd-tnm.s3.amazonaws.com/StagedProducts/Maps/HistoricalTopo/GeoTIFF/CA/CA_Pyramid%20Peak_299573_1896_125000_geo.tif,https://thor-f5.er.usgs.gov/ngtoc/metadata/waf/maps/historicaltopo/pdf/CA/125000/CA_Pyramid_Peak_299573_1896_125000_geo.xml,https://www.sciencebase.gov/catalog/item/5a8a53cfe4b00f54eb410655,5a8a53cfe4b00f54eb410655
CA_Sacramento_299588_1891_125000,Sacramento,125000,30 x 30 minute,1891,1891,,,,,,,1888,N,600 PPI,Unstated,Unstated,-121.5,38.5,-121.0,39.0,true,4379097,public_domain,https://prd-tnm.s3.amazonaws.com/StagedProducts/Maps/HistoricalTopo/GeoTIFF/CA/CA_Sacramento_299588_1891_125000_geo.tif,https://thor-f5.er.usgs.gov/ngtoc/metadata/waf/maps/historicaltopo/pdf/CA/125000/CA_Sacramento_299588_1891_125000_geo.xml,https://www.sciencebase.gov/catalog/item/5a8a53d1e4b00f54eb4106c4,5a8a53d1e4b00f54eb4106c4
CA_Sacramento_299590_1892_125000,Sacramento,125000,30 x 30 minute,1892,1892,1892,,,,,,1888,N,600 PPI,Unstated,Unstated,-121.5,38.5,-121.0,39.0,true,5036471,public_domain,https://prd-tnm.s3.amazonaws.com/StagedProducts/Maps/HistoricalTopo/GeoTIFF/CA/CA_Sacramento_299590_1892_125000_geo.tif,https://thor-f5.er.usgs.gov/ngtoc/metadata/waf/maps/historicaltopo/pdf/CA/125000/CA_Sacramento_299590_1892_125000_geo.xml,https://www.sciencebase.gov/catalog/item/5a8a53d1e4b00f54eb4106cc,5a8a53d1e4b00f54eb4106cc
CA_Sacramento_299592_1892_125000,Sacramento,125000,30 x 30 minute,1892,1892,1906,,,,,,1888,N,600 PPI,Unstated,Unstated,-121.5,38.5,-121.0,39.0,true,5801549,public_domain,https://prd-tnm.s3.amazonaws.com/StagedProducts/Maps/HistoricalTopo/GeoTIFF/CA/CA_Sacramento_299592_1892_125000_geo.tif,https://thor-f5.er.usgs.gov/ngtoc/metadata/waf/maps/historicaltopo/pdf/CA/125000/CA_Sacramento_299592_1892_125000_geo.xml,https://www.sciencebase.gov/catalog/item/5a8a53d1e4b00f54eb4106d7,5a8a53d1e4b00f54eb4106d7
CA_Sacramento_299593_1892_125000,Sacramento,125000,30 x 30 minute,1892,1892,1908,,,,,,1888,N,600 PPI,Unstated,Unstated,-121.5,38.5,-121.0,39.0,true,5106339,public_domain,https://prd-tnm.s3.amazonaws.com/StagedProducts/Maps/HistoricalTopo/GeoTIFF/CA/CA_Sacramento_299593_1892_125000_geo.tif,https://thor-f5.er.usgs.gov/ngtoc/metadata/waf/maps/historicaltopo/pdf/CA/125000/CA_Sacramento_299593_1892_125000_geo.xml,https://www.sciencebase.gov/catalog/item/5a8a53d1e4b00f54eb4106df,5a8a53d1e4b00f54eb4106df
CA_Sacramento_299594_1892_125000,Sacramento,125000,30 x 30 minute,1892,1892,1916,,,,,,1888,N,600 PPI,Unstated,Unstated,-121.5,38.5,-121.0,39.0,true,5361643,public_domain,https://prd-tnm.s3.amazonaws.com/StagedProducts/Maps/HistoricalTopo/GeoTIFF/CA/CA_Sacramento_299594_1892_125000_geo.tif,https://thor-f5.er.usgs.gov/ngtoc/metadata/waf/maps/historicaltopo/pdf/CA/125000/CA_Sacramento_299594_1892_125000_geo.xml,https://www.sciencebase.gov/catalog/item/5a8a53d1e4b00f54eb4106e6,5a8a53d1e4b00f54eb4106e6
CA_Sacramento_299595_1892_125000,Sacramento,125000,30 x 30 minute,1892,1892,,,,,,,1888,N,600 PPI,Unstated,Polyconic,-121.5,38.5,-121.0,39.0,true,5404698,public_domain,https://prd-tnm.s3.amazonaws.com/StagedProducts/Maps/HistoricalTopo/GeoTIFF/CA/CA_Sacramento_299595_1892_125000_geo.tif,https://thor-f5.er.usgs.gov/ngtoc/metadata/waf/maps/historicaltopo/pdf/CA/125000/CA_Sacramento_299595_1892_125000_geo.xml,https://www.sciencebase.gov/catalog/item/5a8a53d2e4b00f54eb4106f0,5a8a53d2e4b00f54eb4106f0
CA_Sacramento_299591_1893_125000,Sacramento,125000,30 x 30 minute,1893,1893,1900,,,,,,1888,N,600 PPI,Unstated,Unstated,-121.5,38.5,-121.0,39.0,true,5744066,public_domain,https://prd-tnm.s3.amazonaws.com/StagedProducts/Maps/HistoricalTopo/GeoTIFF/CA/CA_Sacramento_299591_1893_125000_geo.tif,https://thor-f5.er.usgs.gov/ngtoc/metadata/waf/maps/historicaltopo/pdf/CA/125000/CA_Sacramento_299591_1893_125000_geo.xml,https://www.sciencebase.gov/catalog/item/5a8a53d1e4b00f54eb4106d0,5a8a53d1e4b00f54eb4106d0
CA_Smartsville_299639_1888_125000,Smartsville,125000,30 x 30 minute,1888,1888,1888,,,,,,,N,600 PPI,Unstated,Unstated,-121.5,39.0,-121.0,39.5,true,5379641,public_domain,https://prd-tnm.s3.amazonaws.com/StagedProducts/Maps/HistoricalTopo/GeoTIFF/CA/CA_Smartsville_299639_1888_125000_geo.tif,https://thor-f5.er.usgs.gov/ngtoc/metadata/waf/maps/historicaltopo/pdf/CA/125000/CA_Smartsville_299639_1888_125000_geo.xml,https://www.sciencebase.gov/catalog/item/5a8a53e3e4b00f54eb41091d,5a8a53e3e4b00f54eb41091d
CA_Smartsville_299640_1891_125000,Smartsville,125000,30 x 30 minute,1891,1891,1891,,,,,,1886,N,600 PPI,Unstated,Unstated,-121.5,39.0,-121.0,39.5,true,5454702,public_domain,https://prd-tnm.s3.amazonaws.com/StagedProducts/Maps/HistoricalTopo/GeoTIFF/CA/CA_Smartsville_299640_1891_125000_geo.tif,https://thor-f5.er.usgs.gov/ngtoc/metadata/waf/maps/historicaltopo/pdf/CA/125000/CA_Smartsville_299640_1891_125000_geo.xml,https://www.sciencebase.gov/catalog/item/5a8a53e3e4b00f54eb410922,5a8a53e3e4b00f54eb410922
CA_Smartsville_299641_1892_125000,Smartsville,125000,30 x 30 minute,1892,1892,1892,,,,,,1886,N,600 PPI,Unstated,Unstated,-121.5,39.0,-121.0,39.5,true,5120339,public_domain,https://prd-tnm.s3.amazonaws.com/StagedProducts/Maps/HistoricalTopo/GeoTIFF/CA/CA_Smartsville_299641_1892_125000_geo.tif,https://thor-f5.er.usgs.gov/ngtoc/metadata/waf/maps/historicaltopo/pdf/CA/125000/CA_Smartsville_299641_1892_125000_geo.xml,https://www.sciencebase.gov/catalog/item/5a8a53e3e4b00f54eb410927,5a8a53e3e4b00f54eb410927
CA_Smartsville_299642_1894_125000,Smartsville,125000,30 x 30 minute,1894,1894,1894,,,,,,1886,N,600 PPI,Unstated,Unstated,-121.5,39.0,-121.0,39.5,true,6139995,public_domain,https://prd-tnm.s3.amazonaws.com/StagedProducts/Maps/HistoricalTopo/GeoTIFF/CA/CA_Smartsville_299642_1894_125000_geo.tif,https://thor-f5.er.usgs.gov/ngtoc/metadata/waf/maps/historicaltopo/pdf/CA/125000/CA_Smartsville_299642_1894_125000_geo.xml,https://www.sciencebase.gov/catalog/item/5a8a53eae4b00f54eb4109ad,5a8a53eae4b00f54eb4109ad
CA_Smartsville_299643_1895_125000,Smartsville,125000,30 x 30 minute,1895,1895,1895,,,,,,1886,N,600 PPI,Unstated,Unstated,-121.5,39.0,-121.0,39.5,true,5062336,public_domain,https://prd-tnm.s3.amazonaws.com/StagedProducts/Maps/HistoricalTopo/GeoTIFF/CA/CA_Smartsville_299643_1895_125000_geo.tif,https://thor-f5.er.usgs.gov/ngtoc/metadata/waf/maps/historicaltopo/pdf/CA/125000/CA_Smartsville_299643_1895_125000_geo.xml,https://www.sciencebase.gov/catalog/item/5a8a53eae4b00f54eb4109b3,5a8a53eae4b00f54eb4109b3
CA_Smartsville_299644_1895_125000,Smartsville,125000,30 x 30 minute,1895,1895,1900,,,,,,1886,N,600 PPI,Unstated,Unstated,-121.5,39.0,-121.0,39.5,true,6079504,public_domain,https://prd-tnm.s3.amazonaws.com/StagedProducts/Maps/HistoricalTopo/GeoTIFF/CA/CA_Smartsville_299644_1895_125000_geo.tif,https://thor-f5.er.usgs.gov/ngtoc/metadata/waf/maps/historicaltopo/pdf/CA/125000/CA_Smartsville_299644_1895_125000_geo.xml,https://www.sciencebase.gov/catalog/item/5a8a53eae4b00f54eb4109b8,5a8a53eae4b00f54eb4109b8
CA_Smartsville_299645_1895_125000,Smartsville,125000,30 x 30 minute,1895,1895,1904,,,,,,1886,N,600 PPI,Unstated,Unstated,-121.5,39.0,-121.0,39.5,true,5834671,public_domain,https://prd-tnm.s3.amazonaws.com/StagedProducts/Maps/HistoricalTopo/GeoTIFF/CA/CA_Smartsville_299645_1895_125000_geo.tif,https://thor-f5.er.usgs.gov/ngtoc/metadata/waf/maps/historicaltopo/pdf/CA/125000/CA_Smartsville_299645_1895_125000_geo.xml,https://www.sciencebase.gov/catalog/item/5a8a53eae4b00f54eb4109bf,5a8a53eae4b00f54eb4109bf
CA_Smartsville_299646_1895_125000,Smartsville,125000,30 x 30 minute,1895,1895,1909,,,,,,1886,N,600 PPI,Unstated,Unstated,-121.5,39.0,-121.0,39.5,true,5978538,public_domain,https://prd-tnm.s3.amazonaws.com/StagedProducts/Maps/HistoricalTopo/GeoTIFF/CA/CA_Smartsville_299646_1895_125000_geo.tif,https://thor-f5.er.usgs.gov/ngtoc/metadata/waf/maps/historicaltopo/pdf/CA/125000/CA_Smartsville_299646_1895_125000_geo.xml,https://www.sciencebase.gov/catalog/item/5a8a53ebe4b00f54eb4109c6,5a8a53ebe4b00f54eb4109c6
CA_Smartsville_299648_1895_125000,Smartsville,125000,30 x 30 minute,1895,1895,1917,,,,,,1886,N,600 PPI,Unstated,Unstated,-121.5,39.0,-121.0,39.5,true,5459064,public_domain,https://prd-tnm.s3.amazonaws.com/StagedProducts/Maps/HistoricalTopo/GeoTIFF/CA/CA_Smartsville_299648_1895_125000_geo.tif,https://thor-f5.er.usgs.gov/ngtoc/metadata/waf/maps/historicaltopo/pdf/CA/125000/CA_Smartsville_299648_1895_125000_geo.xml,https://www.sciencebase.gov/catalog/item/5a8a53ebe4b00f54eb4109cd,5a8a53ebe4b00f54eb4109cd
CA_Smartsville_302080_1895_125000,Smartsville,125000,30 x 30 minute,1895,1895,1943,,,,,,1886,N,600 PPI,Unstated,Polyconic,-121.5,39.0,-121.0,39.5,true,7198400,public_domain,https://prd-tnm.s3.amazonaws.com/StagedProducts/Maps/HistoricalTopo/GeoTIFF/CA/CA_Smartsville_302080_1895_125000_geo.tif,https://thor-f5.er.usgs.gov/ngtoc/metadata/waf/maps/historicaltopo/pdf/CA/125000/CA_Smartsville_302080_1895_125000_geo.xml,https://www.sciencebase.gov/catalog/item/5a8a53ebe4b00f54eb4109d7,5a8a53ebe4b00f54eb4109d7
CA_Truckee_299675_1891_125000,Truckee,125000,30 x 30 minute,1891,1891,,,,,,,1889,N,600 PPI,Unstated,Unstated,-120.5,39.0,-120.0,39.5,false,7669751,public_domain,https://prd-tnm.s3.amazonaws.com/StagedProducts/Maps/HistoricalTopo/GeoTIFF/CA/CA_Truckee_299675_1891_125000_geo.tif,https://thor-f5.er.usgs.gov/ngtoc/metadata/waf/maps/historicaltopo/pdf/CA/125000/CA_Truckee_299675_1891_125000_geo.xml,https://www.sciencebase.gov/catalog/item/5a8a53f1e4b00f54eb410ae1,5a8a53f1e4b00f54eb410ae1
CA_Truckee_299676_1893_125000,Truckee,125000,30 x 30 minute,1893,1893,,,,,,,1889,N,600 PPI,Unstated,Unstated,-120.5,39.0,-120.0,39.5,false,8861810,public_domain,https://prd-tnm.s3.amazonaws.com/StagedProducts/Maps/HistoricalTopo/GeoTIFF/CA/CA_Truckee_299676_1893_125000_geo.tif,https://thor-f5.er.usgs.gov/ngtoc/metadata/waf/maps/historicaltopo/pdf/CA/125000/CA_Truckee_299676_1893_125000_geo.xml,https://www.sciencebase.gov/catalog/item/5a8a53f1e4b00f54eb410aeb,5a8a53f1e4b00f54eb410aeb
CA_Truckee_299673_1895_125000,Truckee,125000,30 x 30 minute,1895,1895,,,,,,,,N,600 PPI,Unstated,Unstated,-120.5,39.0,-120.0,39.5,false,7931527,public_domain,https://prd-tnm.s3.amazonaws.com/StagedProducts/Maps/HistoricalTopo/GeoTIFF/CA/CA_Truckee_299673_1895_125000_geo.tif,https://thor-f5.er.usgs.gov/ngtoc/metadata/waf/maps/historicaltopo/pdf/CA/125000/CA_Truckee_299673_1895_125000_geo.xml,https://www.sciencebase.gov/catalog/item/5a8a53f0e4b00f54eb410ad0,5a8a53f0e4b00f54eb410ad0
CA_Truckee_299674_1895_125000,Truckee,125000,30 x 30 minute,1895,1895,1897,,,,,,1889,N,600 PPI,Unstated,Unstated,-120.5,39.0,-120.0,39.5,false,7694496,public_domain,https://prd-tnm.s3.amazonaws.com/StagedProducts/Maps/HistoricalTopo/GeoTIFF/CA/CA_Truckee_299674_1895_125000_geo.tif,https://thor-f5.er.usgs.gov/ngtoc/metadata/waf/maps/historicaltopo/pdf/CA/125000/CA_Truckee_299674_1895_125000_geo.xml,https://www.sciencebase.gov/catalog/item/5a8a53f0e4b00f54eb410ad8,5a8a53f0e4b00f54eb410ad8
CA_Truckee_299677_1895_125000,Truckee,125000,30 x 30 minute,1895,1895,,,,,,,1889,N,600 PPI,Unstated,Unstated,-120.5,39.0,-120.0,39.5,false,7714398,public_domain,https://prd-tnm.s3.amazonaws.com/StagedProducts/Maps/HistoricalTopo/GeoTIFF/CA/CA_Truckee_299677_1895_125000_geo.tif,https://thor-f5.er.usgs.gov/ngtoc/metadata/waf/maps/historicaltopo/pdf/CA/125000/CA_Truckee_299677_1895_125000_geo.xml,https://www.sciencebase.gov/catalog/item/5a8a53f1e4b00f54eb410aef,5a8a53f1e4b00f54eb410aef
CA_Truckee_299678_1895_125000,Truckee,125000,30 x 30 minute,1895,1895,1902,,,,,,1889,N,600 PPI,Unstated,Unstated,-120.5,39.0,-120.0,39.5,false,7059870,public_domain,https://prd-tnm.s3.amazonaws.com/StagedProducts/Maps/HistoricalTopo/GeoTIFF/CA/CA_Truckee_299678_1895_125000_geo.tif,https://thor-f5.er.usgs.gov/ngtoc/metadata/waf/maps/historicaltopo/pdf/CA/125000/CA_Truckee_299678_1895_125000_geo.xml,https://www.sciencebase.gov/catalog/item/5a8a53f1e4b00f54eb410af6,5a8a53f1e4b00f54eb410af6
CA_Truckee_299679_1895_125000,Truckee,125000,30 x 30 minute,1895,1895,1906,,,,,,1889,N,600 PPI,Unstated,Unstated,-120.5,39.0,-120.0,39.5,false,8140440,public_domain,https://prd-tnm.s3.amazonaws.com/StagedProducts/Maps/HistoricalTopo/GeoTIFF/CA/CA_Truckee_299679_1895_125000_geo.tif,https://thor-f5.er.usgs.gov/ngtoc/metadata/waf/maps/historicaltopo/pdf/CA/125000/CA_Truckee_299679_1895_125000_geo.xml,https://www.sciencebase.gov/catalog/item/5a8a53f1e4b00f54eb410afe,5a8a53f1e4b00f54eb410afe
CA_Truckee_299680_1895_125000,Truckee,125000,30 x 30 minute,1895,1895,1910,,,,,,1889,N,600 PPI,Unstated,Unstated,-120.5,39.0,-120.0,39.5,false,8071702,public_domain,https://prd-tnm.s3.amazonaws.com/StagedProducts/Maps/HistoricalTopo/GeoTIFF/CA/CA_Truckee_299680_1895_125000_geo.tif,https://thor-f5.er.usgs.gov/ngtoc/metadata/waf/maps/historicaltopo/pdf/CA/125000/CA_Truckee_299680_1895_125000_geo.xml,https://www.sciencebase.gov/catalog/item/5a8a53f1e4b00f54eb410b02,5a8a53f1e4b00f54eb410b02
CA_Truckee_299681_1895_125000,Truckee,125000,30 x 30 minute,1895,1895,1914,,,,,,1889,N,600 PPI,Unstated,Unstated,-120.5,39.0,-120.0,39.5,false,8352291,public_domain,https://prd-tnm.s3.amazonaws.com/StagedProducts/Maps/HistoricalTopo/GeoTIFF/CA/CA_Truckee_299681_1895_125000_geo.tif,https://thor-f5.er.usgs.gov/ngtoc/metadata/waf/maps/historicaltopo/pdf/CA/125000/CA_Truckee_299681_1895_125000_geo.xml,https://www.sciencebase.gov/catalog/item/5a8a53f1e4b00f54eb410b08,5a8a53f1e4b00f54eb410b08
CA_Truckee_299682_1895_125000,Truckee,125000,30 x 30 minute,1895,1895,1926,,,,,,1889,N,600 PPI,Unstated,Polyconic,-120.5,39.0,-120.0,39.5,false,8470442,public_domain,https://prd-tnm.s3.amazonaws.com/StagedProducts/Maps/HistoricalTopo/GeoTIFF/CA/CA_Truckee_299682_1895_125000_geo.tif,https://thor-f5.er.usgs.gov/ngtoc/metadata/waf/maps/historicaltopo/pdf/CA/125000/CA_Truckee_299682_1895_125000_geo.xml,https://www.sciencebase.gov/catalog/item/5a8a53f1e4b00f54eb410b0e,5a8a53f1e4b00f54eb410b0e
CA_Truckee_299683_1895_125000,Truckee,125000,30 x 30 minute,1895,1895,1932,,,,,,1889,N,600 PPI,Unstated,Polyconic,-120.5,39.0,-120.0,39.5,false,7688192,public_domain,https://prd-tnm.s3.amazonaws.com/StagedProducts/Maps/HistoricalTopo/GeoTIFF/CA/CA_Truckee_299683_1895_125000_geo.tif,https://thor-f5.er.usgs.gov/ngtoc/metadata/waf/maps/historicaltopo/pdf/CA/125000/CA_Truckee_299683_1895_125000_geo.xml,https://www.sciencebase.gov/catalog/item/5a8a53f2e4b00f54eb410b16,5a8a53f2e4b00f54eb410b16
CA_Truckee_302093_1940_125000,Truckee,125000,30 x 30 minute,1940,1940,,,,,,,1889,Y,600 PPI,NAD27,Polyconic,-120.5,39.0,-120.0,39.5,false,8658828,public_domain,https://prd-tnm.s3.amazonaws.com/StagedProducts/Maps/HistoricalTopo/GeoTIFF/CA/CA_Truckee_302093_1940_125000_geo.tif,https://thor-f5.er.usgs.gov/ngtoc/metadata/waf/maps/historicaltopo/pdf/CA/125000/CA_Truckee_302093_1940_125000_geo.xml,https://www.sciencebase.gov/catalog/item/5a8a53f2e4b00f54eb410b1c,5a8a53f2e4b00f54eb410b1c
CA_Truckee_302094_1940_125000,Truckee,125000,30 x 30 minute,1940,1940,1946,,,,,,1889,N,600 PPI,NAD27,Polyconic,-120.5,39.0,-120.0,39.5,false,9482367,public_domain,https://prd-tnm.s3.amazonaws.com/StagedProducts/Maps/HistoricalTopo/GeoTIFF/CA/CA_Truckee_302094_1940_125000_geo.tif,https://thor-f5.er.usgs.gov/ngtoc/metadata/waf/maps/historicaltopo/pdf/CA/125000/CA_Truckee_302094_1940_125000_geo.xml,https://www.sciencebase.gov/catalog/item/5a8a53f2e4b00f54eb410b22,5a8a53f2e4b00f54eb410b22
CA_Truckee_302095_1940_125000,Truckee,125000,30 x 30 minute,1940,1940,1951,,,,,,1889,N,600 PPI,NAD27,Polyconic,-120.5,39.0,-120.0,39.5,false,8012527,public_domain,https://prd-tnm.s3.amazonaws.com/StagedProducts/Maps/HistoricalTopo/GeoTIFF/CA/CA_Truckee_302095_1940_125000_geo.tif,https://thor-f5.er.usgs.gov/ngtoc/metadata/waf/maps/historicaltopo/pdf/CA/125000/CA_Truckee_302095_1940_125000_geo.xml,https://www.sciencebase.gov/catalog/item/5a8a53f8e4b00f54eb410b7f,5a8a53f8e4b00f54eb410b7f
CA_Truckee_466477_1940_125000,Truckee,125000,30 x 30 minute,1940,1940,,,,,,,,N,600 PPI,NAD27,Polyconic,-120.5,39.0,-120.0,39.5,false,7173074,public_domain,https://prd-tnm.s3.amazonaws.com/StagedProducts/Maps/HistoricalTopo/GeoTIFF/CA/CA_Truckee_466477_1940_125000_geo.tif,https://thor-f5.er.usgs.gov/ngtoc/metadata/waf/maps/historicaltopo/pdf/CA/125000/CA_Truckee_466477_1940_125000_geo.xml,https://www.sciencebase.gov/catalog/item/5e148ba2e4b0ecf25c55ade9,5e148ba2e4b0ecf25c55ade9
CA_Chico_299745_1958_250000,Chico,250000,1 x 2 degree,1958,1958,1962,,,1958,,,,Y,600 PPI,Unstated,Transverse Mercator,-122.0,39.0,-120.0,40.0,true,18335802,public_domain,https://prd-tnm.s3.amazonaws.com/StagedProducts/Maps/HistoricalTopo/GeoTIFF/CA/CA_Chico_299745_1958_250000_geo.tif,https://thor-f5.er.usgs.gov/ngtoc/metadata/waf/maps/historicaltopo/pdf/CA/250000/CA_Chico_299745_1958_250000_geo.xml,https://www.sciencebase.gov/catalog/item/5a8a3bdbe4b00f54eb3e5ba4,5a8a3bdbe4b00f54eb3e5ba4
CA_Chico_299746_1958_250000,Chico,250000,1 x 2 degree,1958,1958,1967,,,1958,1966,,,Y,600 PPI,Unstated,Transverse Mercator,-122.0,39.0,-120.0,40.0,true,17425387,public_domain,https://prd-tnm.s3.amazonaws.com/StagedProducts/Maps/HistoricalTopo/GeoTIFF/CA/CA_Chico_299746_1958_250000_geo.tif,https://thor-f5.er.usgs.gov/ngtoc/metadata/waf/maps/historicaltopo/pdf/CA/250000/CA_Chico_299746_1958_250000_geo.xml,https://www.sciencebase.gov/catalog/item/5a8a3bdbe4b00f54eb3e5ba8,5a8a3bdbe4b00f54eb3e5ba8
CA_Chico_299747_1958_250000,Chico,250000,1 x 2 degree,1958,1969,1973,1969,,1958,1970,,,Y,600 PPI,Unstated,Transverse Mercator,-122.0,39.0,-120.0,40.0,true,19491330,public_domain,https://prd-tnm.s3.amazonaws.com/StagedProducts/Maps/HistoricalTopo/GeoTIFF/CA/CA_Chico_299747_1958_250000_geo.tif,https://thor-f5.er.usgs.gov/ngtoc/metadata/waf/maps/historicaltopo/pdf/CA/250000/CA_Chico_299747_1958_250000_geo.xml,https://www.sciencebase.gov/catalog/item/5a8a3bdbe4b00f54eb3e5bac,5a8a3bdbe4b00f54eb3e5bac
CA_Chico_299748_1958_250000,Chico,250000,1 x 2 degree,1958,1969,1974,1969,,1958,1970,,,Y,600 PPI,Unstated,Transverse Mercator,-122.0,39.0,-120.0,40.0,true,19060632,public_domain,https://prd-tnm.s3.amazonaws.com/StagedProducts/Maps/HistoricalTopo/GeoTIFF/CA/CA_Chico_299748_1958_250000_geo.tif,https://thor-f5.er.usgs.gov/ngtoc/metadata/waf/maps/historicaltopo/pdf/CA/250000/CA_Chico_299748_1958_250000_geo.xml,https://www.sciencebase.gov/catalog/item/5a8a3bdbe4b00f54eb3e5bb0,5a8a3bdbe4b00f54eb3e5bb0
CA_Chico_465488_1960_250000,Chico,250000,1 x 2 degree,1960,1960,1960,1957,,1958,,,1954,Y,600 PPI,Unstated,Transverse Mercator,-122.0,39.0,-120.0,40.0,true,18552055,public_domain,https://prd-tnm.s3.amazonaws.com/StagedProducts/Maps/HistoricalTopo/GeoTIFF/CA/CA_Chico_465488_1960_250000_geo.tif,https://thor-f5.er.usgs.gov/ngtoc/metadata/waf/maps/historicaltopo/pdf/CA/250000/CA_Chico_465488_1960_250000_geo.xml,https://www.sciencebase.gov/catalog/item/5d1496e8e4b0941bde5b71b9,5d1496e8e4b0941bde5b71b9
CA_Sacramento_299856_1947_250000,Sacramento,250000,1 x 2 degree,1947,1947,1961,1945,,,,,,Y,600 PPI,Unstated,Transverse Mercator,-122.0,38.0,-120.0,39.0,true,12600692,public_domain,https://prd-tnm.s3.amazonaws.com/StagedProducts/Maps/HistoricalTopo/GeoTIFF/CA/CA_Sacramento_299856_1947_250000_geo.tif,https://thor-f5.er.usgs.gov/ngtoc/metadata/waf/maps/historicaltopo/pdf/CA/250000/CA_Sacramento_299856_1947_250000_geo.xml,https://www.sciencebase.gov/catalog/item/5a8a3c06e4b00f54eb3e603a,5a8a3c06e4b00f54eb3e603a
CA_Sacramento_707563_1947_250000,Sacramento,250000,1 x 2 degree,1947,1947,1948,1945,,,,,1944,Y,508 PPI,NAD27,Transverse Mercator,-122.0,38.0,-120.0,39.0,true,13626405,public_domain,https://prd-tnm.s3.amazonaws.com/StagedProducts/Maps/HistoricalTopo/GeoTIFF/CA/CA_Sacramento_707563_1947_250000_geo.tif,https://thor-f5.er.usgs.gov/ngtoc/metadata/waf/maps/historicaltopo/pdf/CA/250000/CA_Sacramento_707563_1947_250000_geo.xml,https://www.sciencebase.gov/catalog/item/5a8a3c07e4b00f54eb3e6062,5a8a3c07e4b00f54eb3e6062
CA_Sacramento_466265_1948_250000,Sacramento,250000,1 x 2 degree,1948,1948,1951,1945,,,,,,N,600 PPI,NAD27,Transverse Mercator,-122.0,38.0,-120.0,39.0,true,11599933,public_domain,https://prd-tnm.s3.amazonaws.com/StagedProducts/Maps/HistoricalTopo/GeoTIFF/CA/CA_Sacramento_466265_1948_250000_geo.tif,https://thor-f5.er.usgs.gov/ngtoc/metadata/waf/maps/historicaltopo/pdf/CA/250000/CA_Sacramento_466265_1948_250000_geo.xml,https://www.sciencebase.gov/catalog/item/5e164c68e4b0ecf25c57bf43,5e164c68e4b0ecf25c57bf43
CA_Sacramento_299855_1956_250000,Sacramento,250000,1 x 2 degree,1956,1956,1956,1945,,,,,,N,600 PPI,NAD27,Transverse Mercator,-122.0,38.0,-120.0,39.0,true,13559677,public_domain,https://prd-tnm.s3.amazonaws.com/StagedProducts/Maps/HistoricalTopo/GeoTIFF/CA/CA_Sacramento_299855_1956_250000_geo.tif,https://thor-f5.er.usgs.gov/ngtoc/metadata/waf/maps/historicaltopo/pdf/CA/250000/CA_Sacramento_299855_1956_250000_geo.xml,https://www.sciencebase.gov/catalog/item/5a8a3bfee4b00f54eb3e5f60,5a8a3bfee4b00f54eb3e5f60
CA_Sacramento_466264_1956_250000,Sacramento,250000,1 x 2 degree,1956,1956,1956,1945,,,,,,Y,600 PPI,Unstated,Transverse Mercator,-122.0,38.0,-120.0,39.0,true,11684221,public_domain,https://prd-tnm.s3.amazonaws.com/StagedProducts/Maps/HistoricalTopo/GeoTIFF/CA/CA_Sacramento_466264_1956_250000_geo.tif,https://thor-f5.er.usgs.gov/ngtoc/metadata/waf/maps/historicaltopo/pdf/CA/250000/CA_Sacramento_466264_1956_250000_geo.xml,https://www.sciencebase.gov/catalog/item/5e164c68e4b0ecf25c57bf41,5e164c68e4b0ecf25c57bf41
CA_Sacramento_299857_1957_250000,Sacramento,250000,1 x 2 degree,1957,1957,1966,,,1957,1964,,,Y,600 PPI,Unstated,Transverse Mercator,-122.0,38.0,-120.0,39.0,true,16919822,public_domain,https://prd-tnm.s3.amazonaws.com/StagedProducts/Maps/HistoricalTopo/GeoTIFF/CA/CA_Sacramento_299857_1957_250000_geo.tif,https://thor-f5.er.usgs.gov/ngtoc/metadata/waf/maps/historicaltopo/pdf/CA/250000/CA_Sacramento_299857_1957_250000_geo.xml,https://www.sciencebase.gov/catalog/item/5a8a3c06e4b00f54eb3e6040,5a8a3c06e4b00f54eb3e6040
CA_Sacramento_299858_1957_250000,Sacramento,250000,1 x 2 degree,1957,1957,1969,,,1957,1964,,,Y,600 PPI,Unstated,Transverse Mercator,-122.0,38.0,-120.0,39.0,true,17139388,public_domain,https://prd-tnm.s3.amazonaws.com/StagedProducts/Maps/HistoricalTopo/GeoTIFF/CA/CA_Sacramento_299858_1957_250000_geo.tif,https://thor-f5.er.usgs.gov/ngtoc/metadata/waf/maps/historicaltopo/pdf/CA/250000/CA_Sacramento_299858_1957_250000_geo.xml,https://www.sciencebase.gov/catalog/item/5a8a3c06e4b00f54eb3e6048,5a8a3c06e4b00f54eb3e6048
CA_Sacramento_299859_1957_250000,Sacramento,250000,1 x 2 degree,1957,1960,1972,1960,,1957,1970,,,Y,600 PPI,Unstated,Transverse Mercator,-122.0,38.0,-120.0,39.0,true,17191361,public_domain,https://prd-tnm.s3.amazonaws.com/StagedProducts/Maps/HistoricalTopo/GeoTIFF/CA/CA_Sacramento_299859_1957_250000_geo.tif,https://thor-f5.er.usgs.gov/ngtoc/metadata/waf/maps/historicaltopo/pdf/CA/250000/CA_Sacramento_299859_1957_250000_geo.xml,https://www.sciencebase.gov/catalog/item/5a8a3c06e4b00f54eb3e604f,5a8a3c06e4b00f54eb3e604f
CA_Sacramento_299861_1957_250000,Sacramento,250000,1 x 2 degree,1957,1960,1972,1960,,1957,1970,,,Y,600 PPI,Unstated,Transverse Mercator,-122.0,38.0,-120.0,39.0,true,18041897,public_domain,https://prd-tnm.s3.amazonaws.com/StagedProducts/Maps/HistoricalTopo/GeoTIFF/CA/CA_Sacramento_299861_1957_250000_geo.tif,https://thor-f5.er.usgs.gov/ngtoc/metadata/waf/maps/historicaltopo/pdf/CA/250000/CA_Sacramento_299861_1957_250000_geo.xml,https://www.sciencebase.gov/catalog/item/5a8a3c07e4b00f54eb3e6057,5a8a3c07e4b00f54eb3e6057
